-- --------------------------------------------------------
-- Host:                         dodh.hum.uu.nl
-- Server Version:               5.5.46-0+deb8u1-log - (Debian)
-- Server Betriebssystem:        debian-linux-gnu
-- HeidiSQL Version:             9.3.0.4984
-- --------------------------------------------------------

/*!40101 SET @OLD_CHARACTER_SET_CLIENT=@@CHARACTER_SET_CLIENT */;
/*!40101 SET NAMES utf8mb4 */;
/*!40014 SET @OLD_FOREIGN_KEY_CHECKS=@@FOREIGN_KEY_CHECKS, FOREIGN_KEY_CHECKS=0 */;
/*!40101 SET @OLD_SQL_MODE=@@SQL_MODE, SQL_MODE='NO_AUTO_VALUE_ON_ZERO' */;

-- Exportiere Struktur von Tabelle dhregistry.cities
DROP TABLE IF EXISTS `cities`;
CREATE TABLE IF NOT EXISTS `cities` (
  `id` int(11) NOT NULL AUTO_INCREMENT,
  `country_id` int(11) NOT NULL,
  `name` varchar(100) COLLATE utf8_unicode_ci NOT NULL,
  PRIMARY KEY (`id`),
  KEY `country_id` (`country_id`),
  CONSTRAINT `FK_cities_countries` FOREIGN KEY (`country_id`) REFERENCES `countries` (`id`)
) ENGINE=InnoDB AUTO_INCREMENT=110 DEFAULT CHARSET=utf8 COLLATE=utf8_unicode_ci;

-- Exportiere Daten aus Tabelle dhregistry.cities: ~51 rows (ungefähr)
/*!40000 ALTER TABLE `cities` DISABLE KEYS */;
INSERT INTO `cities` (`id`, `country_id`, `name`) VALUES
	(1, 1, 'Rotterdam'),
	(2, 2, 'Leuven'),
	(3, 1, 'Nijmegen'),
	(4, 1, 'Groningen'),
	(5, 1, 'Tilburg'),
	(6, 2, 'Gent'),
	(7, 1, 'Maastricht'),
	(8, 1, 'Utrecht'),
	(9, 1, 'Amsterdam'),
	(10, 1, 'Leiden'),
	(11, 2, 'Brussel'),
	(12, 2, 'Antwerpen'),
	(14, 3, 'Bamberg'),
	(15, 3, 'Bielefeld'),
	(16, 3, 'Darmstadt'),
	(17, 3, 'Erlangen'),
	(18, 3, 'Giessen'),
	(19, 3, 'Hamburg'),
	(20, 3, 'Cologne'),
	(21, 3, 'Lüneburg'),
	(22, 3, 'Saarbrücken'),
	(23, 3, 'Würzburg'),
	(24, 3, 'Potsdam'),
	(25, 3, 'Trier'),
	(27, 4, 'Paris'),
	(28, 4, 'Caen'),
	(29, 4, 'Grenoble'),
	(30, 4, 'Lille'),
	(31, 4, 'Tours'),
	(32, 5, 'Turku'),
	(33, 6, 'Pisa'),
	(34, 6, 'Rome'),
	(37, 6, 'Siena'),
	(38, 7, 'Dublin'),
	(39, 7, 'Maynooth'),
	(40, 7, 'Cork'),
	(42, 1, 'Bergen'),
	(43, 9, 'Graz'),
	(44, 10, 'Coimbra'),
	(45, 11, 'London'),
	(46, 11, 'Glasgow'),
	(100, 1, 'Den Haag'),
	(101, 1, 'Eindhoven'),
	(102, 1, 'Enschede'),
	(103, 1, 'Leeuwarden'),
	(104, 1, 'Roma'),
	(105, 1, 'Amersfoort'),
	(106, 1, 'Wassenaar'),
	(107, 1, '\'s-Gravenhage'),
	(108, 1, 'Delft'),
	(109, 1, 'Zwolle');
/*!40000 ALTER TABLE `cities` ENABLE KEYS */;


-- Exportiere Struktur von Tabelle dhregistry.countries
DROP TABLE IF EXISTS `countries`;
CREATE TABLE IF NOT EXISTS `countries` (
  `id` int(11) NOT NULL AUTO_INCREMENT,
  `name` varchar(100) COLLATE utf8_unicode_ci NOT NULL,
  PRIMARY KEY (`id`)
) ENGINE=InnoDB AUTO_INCREMENT=13 DEFAULT CHARSET=utf8 COLLATE=utf8_unicode_ci;

-- Exportiere Daten aus Tabelle dhregistry.countries: ~12 rows (ungefähr)
/*!40000 ALTER TABLE `countries` DISABLE KEYS */;
INSERT INTO `countries` (`id`, `name`) VALUES
	(1, 'Netherlands'),
	(2, 'Belgium'),
	(3, 'Germany'),
	(4, 'France'),
	(5, 'Finland'),
	(6, 'Italy'),
	(7, 'Ireland'),
	(8, 'Norway'),
	(9, 'Austria'),
	(10, 'Portugal'),
	(11, 'United Kingdom'),
	(12, 'United States');
/*!40000 ALTER TABLE `countries` ENABLE KEYS */;


-- Exportiere Struktur von Tabelle dhregistry.courses
DROP TABLE IF EXISTS `courses`;
CREATE TABLE IF NOT EXISTS `courses` (
  `id` int(11) NOT NULL AUTO_INCREMENT,
  `user_id` int(11) DEFAULT NULL,
  `active` tinyint(1) NOT NULL DEFAULT '1',
  `created` datetime DEFAULT NULL,
  `updated` datetime DEFAULT NULL,
  `name` varchar(255) COLLATE utf8_unicode_ci DEFAULT NULL,
  `country_id` int(11) DEFAULT NULL,
  `city_id` int(11) DEFAULT NULL,
  `institution_id` int(11) DEFAULT NULL,
  `department` varchar(255) COLLATE utf8_unicode_ci DEFAULT NULL,
  `course_parent_type_id` int(11) DEFAULT NULL,
  `course_type_id` int(11) DEFAULT NULL,
  `language_id` int(11) DEFAULT NULL,
  `access_requirements` varchar(255) COLLATE utf8_unicode_ci DEFAULT NULL,
  `enrollment_period` varchar(100) COLLATE utf8_unicode_ci DEFAULT NULL COMMENT 'possibly to be dropped',
  `start_date` varchar(100) COLLATE utf8_unicode_ci DEFAULT NULL,
  `recurring` tinyint(1) NOT NULL DEFAULT '1',
  `url` varchar(255) COLLATE utf8_unicode_ci DEFAULT NULL,
  `guide_url` varchar(255) COLLATE utf8_unicode_ci DEFAULT NULL,
  `ects` float DEFAULT NULL,
  `contact_mail` varchar(255) COLLATE utf8_unicode_ci DEFAULT NULL COMMENT 'as opposed to the former ''contact name'' colums, the lecturer properties are supposed to contain only a single contact',
  `contact_name` varchar(255) COLLATE utf8_unicode_ci DEFAULT NULL COMMENT 'enter a single email address only',
  `lon` decimal(10,6) DEFAULT NULL,
  `lat` decimal(10,6) DEFAULT NULL,
  PRIMARY KEY (`id`),
  KEY `active` (`active`),
  KEY `FK_courses_parent_types` (`course_parent_type_id`),
  KEY `FK_courses_languages` (`language_id`),
  KEY `country_id` (`country_id`),
  KEY `city_id` (`city_id`),
  KEY `type_id` (`course_type_id`),
  KEY `lon` (`lon`),
  KEY `lat` (`lat`),
  KEY `FK_courses_users` (`user_id`),
  KEY `FK_courses_institutions` (`institution_id`),
  CONSTRAINT `FK_courses_cities` FOREIGN KEY (`city_id`) REFERENCES `cities` (`id`) ON UPDATE CASCADE,
  CONSTRAINT `FK_courses_countries` FOREIGN KEY (`country_id`) REFERENCES `countries` (`id`) ON UPDATE CASCADE,
  CONSTRAINT `FK_courses_institutions` FOREIGN KEY (`institution_id`) REFERENCES `institutions` (`id`) ON UPDATE CASCADE,
  CONSTRAINT `FK_courses_languages` FOREIGN KEY (`language_id`) REFERENCES `languages` (`id`) ON UPDATE CASCADE,
  CONSTRAINT `FK_courses_parent_types` FOREIGN KEY (`course_parent_type_id`) REFERENCES `course_parent_types` (`id`) ON UPDATE CASCADE,
  CONSTRAINT `FK_courses_types` FOREIGN KEY (`course_type_id`) REFERENCES `course_types` (`id`) ON UPDATE CASCADE,
  CONSTRAINT `FK_courses_users` FOREIGN KEY (`user_id`) REFERENCES `users` (`id`) ON UPDATE CASCADE
) ENGINE=InnoDB AUTO_INCREMENT=159 DEFAULT CHARSET=utf8 COLLATE=utf8_unicode_ci;

-- Exportiere Daten aus Tabelle dhregistry.courses: ~101 rows (ungefähr)
/*!40000 ALTER TABLE `courses` DISABLE KEYS */;
INSERT INTO `courses` (`id`, `user_id`, `active`, `created`, `updated`, `name`, `country_id`, `city_id`, `institution_id`, `department`, `course_parent_type_id`, `course_type_id`, `language_id`, `access_requirements`, `enrollment_period`, `start_date`, `recurring`, `url`, `guide_url`, `ects`, `contact_mail`, `contact_name`, `lon`, `lat`) VALUES
	(1, 1, 1, '2014-06-03 17:16:10', '2014-06-04 02:31:17', 'Digital research methods', 1, 1, 1, 'Media and communication', 2, 6, 2, 'none', '', '2014-09-01', 1, 'http://eshcc.sin-online.nl/studiegids/?action2=show_course&course=CM4104', '', 5, 'menchentrevino@eshcc.eur.nl', 'dr. E.Menchen-Trevino,; dr. T Timan', 4.526174, 51.917975),
	(2, NULL, 1, '2014-06-03 17:16:10', '2014-06-04 02:31:17', 'Digital culture', 1, 1, 1, 'Erasmus School of History, Culture and Communication (ESHCC)', 2, 5, 2, 'english proficiency', '', NULL, 1, 'http://minordigitalculture.wordpress.com/', NULL, 15, 'Scagliola@eshcc.eur.nl', 'dr.Stef Scagliola, Marian van der Beek, dr. Tjerk Timan', 4.526174, 51.917975),
	(3, NULL, 0, '2014-06-03 17:16:10', '2014-06-04 02:31:17', 'Not yet available: has to be evaluated by the NVAO', 2, 2, 2, '', 1, NULL, NULL, '', '', NULL, 1, 'not available yet', NULL, 0, 'danny.deschreye@cs.kuleuven.be', 'Danny de Schreye, Frank van Eynde', 4.700306, 50.878150),
	(4, NULL, 1, '2014-06-03 17:16:10', '2014-06-04 02:31:17', 'E-Humanities', 1, 3, 3, 'Humanities-Dutch language and culture', 2, 5, 1, 'taken the course Inleiding Informatie- en Communicatietechnologie', '2014', '2014-09-01', 1, 'http://www.ru.nl/nederlands/bachelor_nl/minoren/minor-humanities/', NULL, 15, 'm.rem@let.ru.nl', 'Dr. Margit Rem', 5.865339, 51.818912),
	(5, NULL, 1, '2014-06-03 17:16:10', '2014-06-04 02:31:17', 'New media en digital culture', 1, 3, 3, 'Humanities- Communication and Information Studies, Cultural Studies, Philosophical Ethics', 2, 5, 1, 'Taken course \'\'Inleiding Informatie- en Communicatietechnologie\'\'', '2013-2014', NULL, 1, 'http://www.studiegids.science.ru.nl/2013/arts/prospectus/minorgids/contents/info/35375/', NULL, 15, 'm.becker@ftr.ru.nl', 'dr. M. Becker', 5.865339, 51.818912),
	(6, NULL, 1, '2014-06-03 17:16:10', '2014-06-04 02:31:17', 'Technology, Information en Communication (TIC) ', 1, 3, 3, 'Humanities-Linguistics', 2, 5, 1, 'It is possible that a minor includes courses for which entry requirements are set.', '2014', NULL, 1, 'http://www.studiegids.science.ru.nl/2013/arts/prospectus/minorgids/contents/info/35053/', NULL, 20, 'j.klatter@let.ru.nl', 'dr. J. Klatter', 5.865339, 51.818912),
	(7, NULL, 1, '2014-06-03 17:16:10', '2014-06-04 02:31:17', 'Information science', 1, 4, 4, 'Arts', 1, 2, 2, 'A Bachelor diploma in the field of: Communication- and Information Science, Humanities Computing/Information Science', '2013-2014', NULL, 1, 'http://www.rug.nl/masters/information-science/', NULL, 60, 'j.nerbonne@rug.nl', 'John Nerbonne', 6.561975, 53.219099),
	(8, NULL, 1, '2014-06-03 17:16:10', '2014-06-04 02:31:17', 'Digitaal erfgoed', 1, 5, 5, 'Humanities', 2, 6, 1, 'none', '2014-2015', '2014-09-01', 1, 'http://mystudy.uvt.nl/it10.vakzicht?taal=n&pfac=FLW&vakcode=826020', NULL, 6, 'eric.postma@gmail.com', 'prof. dr. E. Postma and dr. J.J. Paijmans', 5.040711, 51.563119),
	(9, NULL, 0, '2014-06-03 17:16:10', '2014-06-04 02:31:17', 'Still under discussion (this will change)', 1, 5, 5, 'Culture Studies (within Tilburg School of Humanities)', 1, 1, 1, '', '2014', NULL, 1, 'http://www.tilburguniversity.edu/nl/over-tilburg-university/schools/geesteswetenschappen/dcu/', NULL, 0, 'a.s.dogruoz@gmail.com', 'Seza Dogruoz', 5.040711, 51.563119),
	(10, NULL, 1, '2014-06-03 17:16:10', '2014-06-04 02:31:17', 'Statistiek', 2, 6, 6, 'Political and Social Sciences / introduction for the Arts', 2, 6, 1, 'none', '2014', NULL, 1, 'http://studiegids.ugent.be/2013/NL/studiefiches/A000352.pdf', NULL, 5, 'John.Lievens@UGent.be', 'John Lievens', 3.727373, 51.047060),
	(11, NULL, 1, '2014-06-03 17:16:10', '2014-06-04 02:31:17', 'Geografie for the arts', 2, 6, 6, 'Science ', 2, 5, 1, 'none', '2014', NULL, 1, 'http://studiegids.ugent.be/2013/NL/studiefiches/C001475.pdf', NULL, 4, 'nico.vandeweghe@ugent.be', 'Tijs Neutens, Van de Weghe, Nico', 3.727373, 51.047060),
	(12, NULL, 1, '2014-06-03 17:16:10', '2014-06-04 02:31:17', 'Databeheer en statistiek voor historici', 2, 6, 6, 'Arts', 2, 6, 1, 'none', '2013-2014', '2013-09-01', 1, 'http://studiegids.ugent.be/2013/NL/studiefiches/A002871.pdf', 'http://studiegids.ugent.be/2013/NL/studiefiches/A002871.pdf', 5, 'Christa.Matthys@UGent.be', 'Christa.Matthys', 3.727207, 51.047725),
	(13, NULL, 1, '2014-06-03 17:16:10', '2014-06-04 02:31:17', 'Historische methoden, Module Historische cartografie en GIS', 2, 6, 6, 'Arts', 2, 6, 1, 'none', '2013-2014', NULL, 1, 'http://studiegids.ugent.be/2013/NL/studiefiches/A002872.pdf', 'http://studiegids.ugent.be/2013/NL/studiefiches/A002872.pdf', 2.5, 'Gita.Deneckere@UGent.be', 'Gita Deneckere', 3.727207, 51.047725),
	(14, NULL, 1, '2014-06-03 17:16:10', '2014-06-04 02:31:17', 'Historische methoden, Module Prosopografie en sociale netwerkanalyse', 2, 6, 6, 'Arts', 2, 6, 1, 'none', '2013-2014', NULL, 1, 'http://studiegids.ugent.be/2013/NL/studiefiches/A002872.pdf', 'http://studiegids.ugent.be/2013/NL/studiefiches/A002872.pdf', 3, 'Gita.Deneckere@UGent.be', 'Gita Deneckere', 3.727207, 51.047725),
	(15, NULL, 1, '2014-06-03 17:16:10', '2014-06-04 02:31:17', 'Laguage technology', 2, 6, 6, 'Arts ', 2, 6, 1, 'Bachelor', '2013-2014', NULL, 1, 'http://studiegids.ugent.be/2013/NL/studiefiches/A701096.pdf', NULL, 4, 'philippe.demaeyer@ugent.be', 'Philippe de Maeyer', 3.727207, 51.047725),
	(16, NULL, 1, '2014-06-03 17:16:10', '2014-06-04 02:31:17', 'Terminologie en vertaaltechnologie', 2, 6, 6, 'Arts', 2, 6, 1, 'Bachelor', '2013-2014', NULL, 1, 'http://studiegids.ugent.be/2013/NL/studiefiches/A701005.pdf', NULL, 3, 'joost.buysschaert@ugent.be', 'Buysschaert, Joost; Carine de Groote', 3.727207, 51.047725),
	(17, NULL, 1, '2014-06-03 17:16:10', '2014-06-04 02:31:17', 'Taaltechnologie', 2, 6, 6, 'Arts', 2, 6, 1, 'Bachelor', '2013-2014', NULL, 1, 'http://studiegids.ugent.be/2013/NL/studiefiches/A701096.pdf', NULL, 3, 'thomas.crombez@uantwerpen.be', 'Hoste, Veronique, Els Lefever', 3.727207, 51.047725),
	(18, NULL, 1, '2014-06-03 17:16:10', '2014-06-04 02:31:17', 'Lokalisatie', 2, 6, 6, 'Arts', 2, 6, 1, 'Bachelor', '2013-2014', NULL, 1, 'http://studiegids.ugent.be/2013/NL/studiefiches/A701099.pdf', NULL, 3, 'lieve.macken@ugent.be', 'Lieve Macken', 3.727207, 51.047725),
	(19, NULL, 1, '2014-06-03 17:16:10', '2014-06-04 02:31:17', 'hedendaags documentbeheer', 2, 6, 6, 'Arts ', 2, 6, 1, 'master', '2010-2011', NULL, 1, 'http://studiegids.ugent.be/2013/NL/studiefiches/A000309.pdf', 'http://studiegids.ugent.be/2013/NL/studiefiches/A000309.pdf', 5, 'frank.scheelings@vub.ac.be', 'Frank Scheelings', 3.727207, 51.047725),
	(20, 3, 1, '2014-06-03 17:16:10', '2014-06-04 02:31:17', 'Business informatics', 2, 6, 6, 'Arts', 2, 6, 1, 'master', '2009-2010', '2013-09-01', 1, 'http://studiegids.ugent.be/2013/NL/studiefiches/A002084.pdf', 'http://studiegids.ugent.be/2013/NL/studiefiches/A002084.pdf', 4, 'fien.danniau@ugent.be', 'E.van Dijck', 3.727207, 51.047725),
	(21, NULL, 1, '2014-06-03 17:16:10', '2014-06-04 02:31:17', 'Corpus Linguistics', 2, 6, 6, 'Arts', 2, 6, 2, 'master', '2004-2005', '2013-09-01', 1, 'http://studiegids.ugent.be/2013/NL/studiefiches/A002088.pdf', 'http://studiegids.ugent.be/2013/NL/studiefiches/A002088.pdf', 6, 'fien.danniau@ugent.be', 'Fien Danniau', 3.727207, 51.047725),
	(22, NULL, 1, '2014-06-03 17:16:10', '2014-06-04 02:31:17', 'Language Data and Linguistic Objects', 2, 6, 6, 'Arts', 2, 6, 2, 'master', '2012-2013', NULL, 1, 'http://studiegids.ugent.be/2013/NL/studiefiches/A000582.pdf', NULL, 6, 'Mieke.VanHerreweghe@UGent.be', 'Van Herreweghe, Mieke (responsible teacher); Van Peteghem, Marleen ', 3.727207, 51.047725),
	(23, NULL, 1, '2014-06-03 17:16:10', '2014-06-04 02:31:17', 'Communicatiewetenschappelijk onderzoek I ', 2, 6, 6, 'Social and political Sciences', 2, 6, 1, 'none', '2013-2014', NULL, 1, 'http://studiegids.ugent.be/2013/NL/studiefiches/K000120.pdf', NULL, 6, 'gino.verleye@ugent.be', 'Verleye, Gino', 3.727207, 51.047725),
	(24, NULL, 1, '2014-06-03 17:16:10', '2014-06-04 02:31:17', 'Informatica en statistiek toegepast op de archeologie', 2, 6, 6, 'Arts', 2, 6, 1, 'none', '2011-2012', '2013-09-01', 1, 'http://studiegids.ugent.be/2013/NL/studiefiches/A002563.pdf', 'http://studiegids.ugent.be/2013/NL/studiefiches/A002563.pdf', 2.5, 'Devi.Taelman@UGent.be', 'Taelman, Devi (responsible teacher); Vandenabeele, Peter', 3.727207, 51.047725),
	(25, NULL, 1, '2014-06-03 17:16:10', '2014-06-04 02:31:17', 'Media culture', 1, 7, 7, 'Arts and Social Sciences, Technology & Society Studies', 1, 2, 2, 'a bachelor\'s degree in a relevant academic field (media or communications studies, film or television studies, history, social science, humanities orliberal arts) and a certified list of grades', '2014-2015', NULL, 1, 'http://www.maastrichtuniversity.nl/web/Faculties/FASoS/TargetGroups/ProspectiveStudents/MastersProgrammes/MediaCulture2.htm', NULL, 60, 'k.wenz@maastrichtuniversity.nl ', 'Karin Wenz', 5.686173, 50.847096),
	(26, 18, 1, '2014-06-03 17:16:10', '2014-06-03 17:16:29', 'Introductie in de Digital Humanities', 1, 8, 8, 'Humanities', 2, 6, 2, 'Bachelor; in order to follow the courses, students must enroll in all four courses of the minor', '2013-2014', '2013-09-01', 1, 'https://www.osiris.universiteitutrecht.nl/osistu_ospr/OnderwijsCatalogusSelect.do?selectie=cursus&collegejaar=2013&cursus=TL2V13001', NULL, 30, 'E.Stronks@uu.nl', 'E.Stronks', 5.123130, 52.090698),
	(27, 18, 1, '2014-06-03 17:16:10', '2014-06-03 17:16:29', 'Summer school state of the art, digital humanities', 1, 8, 8, 'Humanities', 2, 7, 2, 'Bachelor', '', '2013-07-08', 1, 'http://www.summerschoolsineurope.eu/course/1516/digital-humanities-state-of-the-art', NULL, 1.5, 'E.A.J.M.Kas@uu.nl', 'E.A.J.M.Kas', 5.123130, 52.090698),
	(28, 18, 1, '2014-06-03 17:16:10', '2014-06-03 17:16:29', 'Innovative digital production tools', 1, 8, 8, 'Arts', 2, 7, 2, 'BA and MA students from all discipline backgrounds who are open to the use of technologies in creative production. No previous experience with the use of technologies is required. Students that subscribe for this course are asked to come up with a concret', '9/1/2014', NULL, 1, 'http://www.utrechtsummerschool.nl/courses/art-design/innovative-digital-productiontools-#', NULL, 1.5, 'Joris@protospace.nl', 'Joris van Tubergen', 5.123130, 52.090698),
	(29, 18, 1, '2014-06-03 17:16:10', '2014-06-03 17:16:29', 'Artifical intelligence', 1, 8, 8, 'Information science', 1, 2, 2, 'Possess knowlegde of logic as used in artificial intelligence, propositional and predicate logic and modal logic (modal reasoning);mathematics as used in artificial intelligence, including set theory, statistics (Bayesian networks), analysis (convergence)', '2013-2014', NULL, 1, 'http://www.uu.nl/university/international-students/EN/artificialintelligence/Pages/default.aspx?refer=/university/international-students/EN/programmes/mastersprogrammes/artificialintelligence/Pages/default.aspx', NULL, 120, 'h.prakken@uu.nl', 'Prof. Dr. Henry Prakken', 5.123130, 52.090698),
	(30, 18, 1, '2014-06-03 17:16:10', '2013-06-03 17:16:29', 'Game studies', 1, 8, 8, 'Arts', 2, 5, 1, 'For students within and beyond arts', '2013-2014', NULL, 1, 'http://www.uu.nl/university/minors/NL/GameStudies/Pages/default.aspx', NULL, 30, 'I.O.devries@uu.nl', 'I.O. de Vries', 5.123130, 52.090698),
	(31, 18, 1, '2014-06-03 17:16:10', '2014-06-03 17:16:29', 'Kunstmatige intelligentie', 1, 8, 8, 'Information science', 1, 1, 1, '', '2014-2015', NULL, 1, 'http://www.uu.nl/faculty/humanities/NL/Onderwijs/bacheloropleidingen/kunstmatigeintelligentie/studieprogramma/Pages/default.aspx', NULL, 180, 'Janneke.vanLith@phil.uu.nl', 'dr. Janneke van Lith', 5.123130, 52.090698),
	(32, 18, 1, '2014-06-03 17:16:10', '2014-06-03 17:16:29', 'Game and media technology', 1, 8, 8, 'Information science', 1, 2, 2, 'There is no entrance exam but admission is dependent on the content of the Bachelor’s programme taken by the student. There is no set limit on to the number of students accepted. The programme allows using up to 15 ECTS (2 courses) to remedy deficiencies ', '2013-2014', NULL, 1, 'http://www.uu.nl/university/international-students/EN/gamemedia/Pages/default.aspx?refer=/university/internationalstudents/en/gamemedia', NULL, 180, 'H.Philippi@uu.nl', 'Dhrs. Hans Philippi', 5.123130, 52.090698),
	(33, 18, 1, '2014-06-03 17:16:10', '2014-06-03 17:16:29', 'Neuroscience and cognition', 1, 8, 8, 'Information science', 1, 2, 2, 'Applicants must hold a BSc in Biology, Physics, Psychology, Artificial Intelligence, Pharmacology, Linguistics, Biomedical Science, Medicine or Veterinary Medicine.', '2014-2015', NULL, 1, 'http://www.uu.nl/university/masters/nl/nc/Pages/default.aspx?refer=/university/masters/nl/nc/Pages/study.aspx', NULL, 120, 'p.n.e.degraan@umcutrecht.nl', 'Dr. Pierre de Graan, Prof. Albert Postma', 5.123130, 52.090698),
	(34, 21, 1, '2014-06-03 17:16:10', '2014-06-03 17:16:29', 'New media and digital culture', 1, 8, 8, 'Humanities', 1, 2, 2, 'Bachelor', '2013-2014', '2014-09-01', 1, 'http://www.uu.nl/faculty/humanities/EN/education/mastersprogrammes/newmediadigitalculture/Pages/default.aspx', NULL, 60, 'A.S.Lehmann@uu.nl', 'A.S.Lehmann', 5.123130, 52.090698),
	(35, 18, 1, '2014-06-03 17:16:10', '2014-06-03 17:16:29', 'Media and performace studies', 1, 8, 8, 'Humanities', 1, 2, 2, 'Bachelor', '2013-2014', NULL, 1, 'http://www.uu.nl/faculty/humanities/EN/education/mastersprogrammes/mediaandperformancestudies/studyprogramme/courses/Pages/default.aspx', NULL, 120, 'M.A.Bleeker@uu.nl', 'Prof. dr. M.A. (Maaike) Bleeker', 5.123130, 52.090698),
	(36, 18, 1, '2014-06-03 17:16:10', '2014-06-03 17:16:29', 'Communicatie- en informatiewetenschappen', 1, 8, 8, 'Humanities', 1, 1, 1, 'none', '2013-2014', NULL, 1, 'http://www.uu.nl/faculty/humanities/nl/Onderwijs/bacheloropleidingen/communicatieeninformatiewetenschappen/Pages/default.aspx', NULL, 180, 'StudieadviesMCW.GW@uu.nl', 'Anneriek van Bommel / Stefan Vuurens', 5.123130, 52.090698),
	(37, 18, 1, '2014-06-03 17:16:10', '2014-06-03 17:16:29', 'Theatre, Film and Television science', 1, 8, 8, 'Humanities', 1, 1, 1, 'none', '2013-2014', NULL, 1, 'http://www.uu.nl/faculty/humanities/NL/Onderwijs/bacheloropleidingen/theaterfilmtelevisiewetenschap/studieprogramma/Pages/default.aspx', NULL, 180, 'StudieadviesMCW.GW@uu.nl', 'Drs. Anneriek van Bommel', 5.123130, 52.090698),
	(38, 18, 1, '2014-06-03 17:16:10', '2014-06-03 17:16:29', 'Utrecht data school', 1, 8, 8, 'Humanities', 2, 6, 1, '', '2014', NULL, 1, 'http://www.dataschool.nl', NULL, 37.5, 'm.t.schaefer@uu.nl', 'Mirko Tobias Schaefer', 5.123130, 52.090698),
	(39, NULL, 1, '2014-06-03 17:16:10', '2014-06-03 17:16:29', 'New media and digital cultures', 1, 9, 9, 'Humanities-media studies', 1, 2, 2, 'being admitted to the MA Media Studies: New Media and Digital Culture', '2014', NULL, 1, 'http://gsh.uva.nl/ma-programmes/programmes/content21/new-media-and-digital-culture.html', NULL, 60, 'Rogers@uva.nl;E.Rutten1@uva.nl', 'mw. dr. Y van Dijk, prof. dr. R.A. Rogers (coordinator)', 4.893700, 52.368000),
	(40, NULL, 1, '2014-06-03 17:16:10', '2014-06-03 17:16:29', 'Digital Humanities', 1, 9, 9, 'Humanities', 1, 1, 1, 'being admitted to the honours program humanities', '2014', NULL, 1, 'http://studiegids.uva.nl/web/uva/2011_2012/nl/c/12131.html', NULL, 12, 'L.W.M.Bod@uva.nl', 'prof.dr. L.W.M. Bod', 4.893700, 52.368000),
	(42, NULL, 1, '2014-06-03 17:16:10', '2014-06-03 17:16:29', 'Computational Literary studies', 1, 9, 9, 'Humanities', 2, 6, 2, 'being admitted to a research master or PhD', '02 2014', NULL, 1, 'http://www.oslit.nl/course-computational-literary-studies/', NULL, 4, 'osl-fgw@uva.nl', 'Katarina van Dalen Oskam', 4.893700, 52.368000),
	(43, NULL, 1, '2014-06-03 17:16:10', '2014-06-03 17:16:29', 'Digital Humanities', 1, 9, 9, 'Humanities', 1, 3, 2, 'The student has been admitted to a research master', '2014', NULL, 1, 'http://studiegids.uva.nl/web/uva/2011_2012/nl/c/12442.html', NULL, 10, 'L.W.M.Bod@uva.nl', 'prof.dr. L.W.M. Bod', 4.893700, 52.368000),
	(44, NULL, 1, '2014-06-03 17:16:10', '2014-06-03 17:16:29', 'Digital Humanities', 1, 9, 10, 'Humanities', 1, 1, 2, 'No entry requirements. The courses are open to all students. They are specially recommended for students of History, Literature, Arts, Cultural Studies and Cultural Anthropology', '2013-2014', NULL, 1, 'http://www.let.vu.nl/nl/studenten/studiegids/2012-2013/exchange-courses/index.asp?view=module&id=50599492', NULL, 6, 'i.b.leemans@vu.nl', 'prof. dr. Inger Leemans & dr. E. Jorink (Huygens Institute/ING)', 4.893700, 52.368000),
	(45, NULL, 1, '2014-06-03 17:16:10', '2014-06-03 17:16:29', 'New Media Research Practices', 1, 9, 9, 'Media studies', 1, 2, 2, 'being admitted to one of the MA\'s of the Faculty of Humanities', '2013-2014', NULL, 1, 'http://studiegids.uva.nl/web/uva/sgs/nl/c/13086.html"",""http://studiegids.uva.nl/web/uva/sgs/nl/c/13086.html""', NULL, 60, 'Rogers@uva.nl;E.Rutten1@uva.nl', 'mw. dr. Y van Dijk, prof. dr. R.A. Rogers (coordinator)', 4.893700, 52.368000),
	(46, NULL, 1, '2014-06-03 17:16:10', '2014-06-03 17:16:29', 'Digital Humanities', 1, 9, 9, 'Humanities', 1, 1, 1, 'being admitted to the honours program humanities', '2014', NULL, 1, 'http://studiegids.uva.nl/web/uva/2011_2012/nl/c/12131.html', NULL, 30, 'L.W.M.Bod@uva.nl ', 'L.W.M.Bod', 4.893700, 52.368000),
	(47, NULL, 1, '2014-06-03 17:16:10', '2014-06-03 17:16:29', 'Digital Humanities', 1, 9, 9, 'Philsophy', 2, 6, 2, 'The student has been admitted to a research master', '2014', NULL, 1, 'http://studiegids.uva.nl/web/uva/2011_2012/nl/c/12442.html', NULL, 10, 'L.W.M.Bod@uva.nl ', 'L.W.M.Bod', 4.893700, 52.368000),
	(48, NULL, 1, '2014-06-03 17:16:10', '2014-06-03 17:16:29', 'Book and Digital Media Studies', 1, 10, 11, 'Humanities', 1, 2, 2, 'No formal requirements', '09 2014', NULL, 1, 'https://studiegids.leidenuniv.nl/studies/show/2636/media-studies-book-and-digital-media-studiesl ', NULL, 60, 'p.a.f.verhaar@hum.leidenuniv.nl', 'Peter Verhaar or Fleur Praal,', 4.486760, 52.156700),
	(50, NULL, 1, '2014-06-03 17:16:10', '2014-06-03 17:16:29', 'Digital Humanities', 1, 9, 10, 'Arts', 2, 6, 2, 'No entry requirements. The courses are open to all students. They are specially recommended for students of History, Literature, Arts, Cultural Studies and Cultural Anthropology', '2014', NULL, 1, 'http://www.let.vu.nl/nl/opleidingen/minoren/early-modern-culture/course-descriptions/index.asp', NULL, 6, 'i.b.leemans@vu.nl', 'prof. dr. Inger Leemans & dr. E. Jorink (Huygens Institute/ING)', 4.893700, 52.368000),
	(51, NULL, 1, '2014-06-03 17:16:10', '2014-06-03 17:16:29', 'Digital Humanities', 2, 12, 13, 'Faculty of Arts and Philosophy', 2, 6, 1, 'none', '2014', NULL, 1, 'http://www.ua.ac.be/main.aspx?c=.OOD2012&n=105258&ct=105258&e=291065&detail=1016FLWTLA', NULL, 4, 'thomas.crombez@uantwerpen.be', 'Thomas Crombez', 4.413980, 51.223900),
	(52, NULL, 1, '2014-06-03 17:16:10', '2014-06-03 17:16:29', 'Ontwikkeling, gebruik en beleid van nieuwe media', 2, 11, 12, 'Faculty of Economic, Political and Social Sciences and Solvay Business School - Department of Communication Studies', 2, 5, 1, 'IS&G', '2014', NULL, 1, 'https://caliweb.cumulus.vub.ac.be/caliweb/?page=course-offer&id=000384&anchor=1&target=pr&language=nl&output=html', NULL, 6, 'jo.pierson@vub.ac.be', 'Jo Pierson', 4.394140, 50.819698),
	(53, NULL, 1, '2014-06-03 17:16:10', '2014-06-03 17:16:29', 'Advanced theoretical debates: digital media marketing', 2, 11, 12, 'Faculty of Economic, Political and Social Sciences and Solvay Business School - Department of Communication Studies', 2, 6, 2, 'MA profile SBM', '2014', NULL, 1, 'https://caliweb.cumulus.vub.ac.be/caliweb/?page=course-offer&id=007443&anchor=1&target=pr&language=nl&output=html', NULL, 6, 'jo.pierson@vub.ac.be', 'Jo Pierson', 4.394140, 50.819698),
	(54, NULL, 1, '2014-06-03 17:16:10', '2014-06-03 17:16:29', 'Users and innovation in new media', 2, 11, 12, 'Faculty of Economic, Political and Social Sciences and Solvay Business School - Department of Communication Studies', 2, 6, 2, '', '2014', NULL, 1, 'https://caliweb.cumulus.vub.ac.be/caliweb/?page=course-offer&anchor=1&id=006852&target=pr&language=nl&output=html', NULL, 6, 'jo.pierson@vub.ac.be', 'Jo Pierson', 4.394140, 50.819698),
	(100, NULL, 1, '2014-08-11 12:00:00', '2014-08-11 12:00:00', 'Angewandte Informatik (Medien - Kultur  - Interaktion)', 3, 14, 14, 'Fakultät Wirtschafts-informatik/Angewandte Informatik (WIAI)', 1, 1, 3, '', NULL, '', 1, 'http://www.uni-bamberg.de/ba-ai/', '', 210, 'andreas.henrich@wiai.uni-bamberg.de', 'Prof. Dr. Andreas Henrich', 10.886021, 49.893758),
	(101, NULL, 1, '2014-08-11 12:00:00', '2014-08-11 12:00:00', 'Angewandte Informatik', 3, 14, 14, 'WIAI', 1, 2, 3, 'BA in AI oder eng verwandtem Fach', NULL, '', 1, 'http://www.uni-bamberg.de/ma-ai/', '', NULL, 'andreas.henrich@wiai.uni-bamberg.de', 'Prof. Dr. Andreas Henrich', 10.886021, 49.893758),
	(102, NULL, 1, '2014-08-11 12:00:00', '2014-08-11 12:00:00', 'Computing in the Humanities', 3, 14, 14, 'WIAI', 1, 2, 3, 'BA in Geistes-, Kultur- oder Humanwiss.', NULL, '', 1, 'http://www.uni-bamberg.de/ma-cith/', '', NULL, 'christoph.schlieder@uni-bamberg.de', 'Prof. Dr. Christoph Schlieder', 10.886021, 49.893758),
	(103, NULL, 1, '2014-08-11 12:00:00', '2014-08-11 12:00:00', 'Texttechnologie und Computerlinguistik (Nebenfach)', 3, 15, 15, 'Fakultät für Linguistik und Lit.wiss.', 1, 1, 3, '', NULL, '', 1, 'http://ekvv.uni-bielefeld.de/sinfo/publ/bachelor/texttechnologie;jsessionid=53EC3E73BE27CFAA999214EC80E1EA56.publ_ekvvb', 'http://ekvv.uni-bielefeld.de/sinfo/publ/bachelor/texttechnologie;jsessionid=0A33A429BD4D842F667ACAA9E2F2FD65.publ_ekvvb?m', NULL, '', '', 8.496345, 52.035418),
	(104, NULL, 1, '2014-08-11 12:00:00', '2014-08-11 12:00:00', 'Linguistik: Kommunikation, Kognition und Sprachtechnologie', 3, 15, 15, 'Fakultät für Linguistik und Lit.wiss.', 1, 2, 3, '6-semestriges Bachelorstudium mit deutlichem sprachwiss. Anteil', NULL, '', 1, 'http://www.uni-bielefeld.de/lili/studium/faecher/linguistik/master-ab-ws-10-11/index.htm', 'http://www.uni-bielefeld.de/lili/studium/faecher/linguistik/master-ab-ws-10-11/module.htm', NULL, '', '', 8.496345, 52.035418),
	(105, NULL, 1, '2014-08-11 12:00:00', '2014-08-11 12:00:00', 'Interdisziplinäre Medienwissenschaft', 3, 15, 15, 'Fakultät für Linguistik und Lit.wiss.', 1, 2, 3, 'kompliziert, siehe http://www.uni-bielefeld.de/medienwissenschaft/downloads/fsb.pdf', NULL, '', 1, 'http://www.uni-bielefeld.de/medienwissenschaft/', 'http://ekvv.uni-bielefeld.de/kvv_publ/publ/Studiengang_Vorlesungsverzeichnis_.jsp;jsessionid=66EC4ED6CE53E77F5E69630CEE51559A.publ_ekvva', NULL, '', '', 8.496345, 52.035418),
	(106, NULL, 1, '2014-08-11 12:00:00', '2014-08-11 12:00:00', 'Joint Bachelor of Arts (viele Studiengänge möglich)', 3, 16, 16, 'Institut für Sprach- und Literaturwissenschaft', 1, 1, 3, '', NULL, '', 1, 'http://www.ifs.tu-darmstadt.de/index.php?id=2853', '', NULL, '', '', 8.656518, 49.874948),
	(107, NULL, 1, '2014-08-11 12:00:00', '2014-08-11 12:00:00', 'Master of Arts Linguistics and Literary Computing', 3, 16, 16, 'Institut für Sprach- und Literaturwissenschaft', 1, 2, 3, '(Joint-) B.A. in Germanistik, Anglistik oder einer anderen Philologie oder BSC in Informatik mit mindestens der Note 2,0', NULL, '', 1, 'http://www.linglit.tu-darmstadt.de/index.php?id=ma-llc', '', NULL, '', '', 8.656518, 49.874948),
	(108, NULL, 1, '2014-08-11 12:00:00', '2014-08-11 12:00:00', 'Internet- und Web-basierte Systeme', 3, 16, 16, 'Fachbereich Informatik', 1, 2, 3, 'BSc im Studiengang Informatik der TU Darmstadt oder ein gleichwertiger Abschluss', NULL, '', 1, 'https://www.informatik.tu-darmstadt.de/de/studierende/studiengaenge/masterstudiengaenge/spezialisierte-masterstudiengaenge/internet-und-web-basierte-systeme/', '', NULL, '', '', 8.656518, 49.874948),
	(109, NULL, 1, '2014-08-11 12:00:00', '2014-08-11 12:00:00', 'Zwei-Fach-Bachelor (of Arts) mit Erstfach Informatik', 3, 17, 17, 'Philosophische Fakultät', 1, 1, 3, '', NULL, '', 1, 'http://www.informatik.studium.uni-erlangen.de/studieninteressierte/zweifachba.shtml', '', NULL, '', '', 11.004551, 49.597880),
	(110, NULL, 1, '2014-08-11 12:00:00', '2014-08-11 12:00:00', 'Linguistische Informatik', 3, 17, 17, 'Professur für Computerlinguistik', 1, 1, 3, '', NULL, '', 1, 'http://www.uni-erlangen.de/studium/studienangebot/uebersicht/docs/Linguistische_Informatik_BA.pdf und http://www.linguistik.uni-erlangen.de/studium-lehre/aktuelle-lehrveranstaltungen.shtml', 'http://www.linguistik.uni-erlangen.de/studium-lehre/module.shtml', NULL, '', '', 11.004551, 49.597880),
	(111, NULL, 1, '2014-08-11 12:00:00', '2014-08-11 12:00:00', 'Linguistische Informatik', 3, 17, 17, 'Professur für Computerlinguistik', 1, 2, 3, '', NULL, '', 1, '', '', NULL, '', '', 11.004551, 49.597880),
	(112, NULL, 1, '2014-08-11 12:00:00', '2014-08-11 12:00:00', 'Computerlinguistik und Texttechnologie', 3, 18, 18, 'Institut Für Germanistik', 1, 2, 3, 'BA mit sprachwiss. Schwerpunkt', NULL, '', 1, 'http://www.uni-giessen.de/cms/fbz/fb05/germanistik/studium/studiengaenge/master/cltt', '', NULL, '', '', 9.984620, 53.566564),
	(113, NULL, 1, '2014-08-11 12:00:00', '2014-08-11 12:00:00', 'Sprachtechnologie und Fremdsprachendidaktik', 3, 18, 18, 'Institut Für Germanistik', 1, 2, 3, 'BA mit  Schwerpunkt Fremdsprachenphilologie (einschließlich DaF) oder Computerlinguistik/ Sprachtechnologie', NULL, '', 1, 'http://www.uni-giessen.de/cms/studium/studienangebot/master/msf/index_html/view?set_language=de', '', NULL, '', '', 9.984620, 53.566564),
	(114, NULL, 1, '2014-08-11 12:00:00', '2014-08-11 12:00:00', 'Mensch-Computer-Interaktion', 3, 19, 19, 'Fachbereich Informatik', 1, 1, 3, '', NULL, '', 1, 'http://www.informatik.uni-hamburg.de/Info/Studium/MCI', 'http://www.informatik.uni-hamburg.de/Info/Studium/BSc/MCI/', NULL, '', '', 9.984620, 53.566564),
	(115, NULL, 1, '2014-08-11 12:00:00', '2014-08-11 12:00:00', 'Deutsche Sprache und Literatur - DH-Anteile -> "Embedded DH"', 3, 19, 19, 'Fachbereich Sprache, Literatur, Medien', 1, 2, 3, 'Hochschulabschluss Germanistik o.ä.', NULL, '', 1, 'http://www.verwaltung.uni-hamburg.de/campuscenter/studienfaecher/Bachelor/studiengang.html?1028294069 (BA) und http://www.slm.uni-hamburg.de/masterstudium (MA)', '', NULL, '', '', 9.984620, 53.566564),
	(116, NULL, 1, '2014-08-11 12:00:00', '2014-08-11 12:00:00', 'Informationsverarbeitung', 3, 20, 20, 'Philosophische Fakultät', 1, 1, 3, '', NULL, '', 1, 'http://phil-fak.uni-koeln.de/ba_informationsverarbeitung.html', '', NULL, '', '', 6.927178, 50.928162),
	(117, NULL, 1, '2014-08-11 12:00:00', '2014-08-11 12:00:00', 'Informationsverarbeitung', 3, 20, 20, 'Philosophische Fakultät', 1, 2, 3, 'B.A. mit computerling./ sprachtechn. und/oder geisteswiss. Komponente; Kenntnisse in Programmierung in einer objektorientierten Programmiersprache ', NULL, '', 1, 'http://phil-fak.uni-koeln.de/4644.html', '', NULL, '', '', 6.927178, 50.928162),
	(118, NULL, 1, '2014-08-11 12:00:00', '2014-08-11 12:00:00', 'Medienwissenschaft (bzw. Medieninformatik als Teilfach)', 3, 20, 20, 'Philosophische Fakultät', 1, 1, 3, '', NULL, '', 1, 'http://phil-fak.uni-koeln.de/ba_mewi.html', '', NULL, '', '', 6.927178, 50.928162),
	(119, NULL, 1, '2014-08-11 12:00:00', '2014-08-11 12:00:00', 'Medienwissenschaft (bzw. Medieninformatik als Teilfach)', 3, 20, 20, 'Philosophische Fakultät', 1, 2, 3, 'BA in Medienwiss. oder in einem Studiengang mit vergleichbarem Curriculum', NULL, '', 1, 'http://phil-fak.uni-koeln.de/4650.html', '', NULL, '', '', 6.927178, 50.928162),
	(120, NULL, 1, '2014-08-11 12:00:00', '2014-08-11 12:00:00', 'IT-Zertifikat', 3, 20, 20, 'Philosophische Fakultät', 2, 6, 3, 'Angebot richtet sich an alle Studierenden der Phil. Fak. der Uni Köln', NULL, '', 1, 'http://www.hki.uni-koeln.de/ITZert', '', NULL, '', '', 6.927178, 50.928162),
	(121, NULL, 1, '2014-08-11 12:00:00', '2014-08-11 12:00:00', 'Digitale Medien / Kulturinformatik', 3, 21, 21, 'Institut für Kultur und Ästhetik Digitaler Medien', 1, 1, 3, '', NULL, '', 1, 'http://www.leuphana.de/college/bachelor/studiengang-minor/digitale-medien-kulturinformatik-dmk.html', '', NULL, 'grossmann@uni-lueneburg.de', 'Rolf Grossmann', 10.401220, 53.228844),
	(122, NULL, 1, '2014-08-11 12:00:00', '2014-08-11 12:00:00', 'Educational Technology', 3, 22, 22, 'Fakultät für Empirische Humanwissenschaften- Bildungstechnologie', 1, 2, 3, 'Hochschulabschluss in Informatik, Pädagogik oder Psychologie', NULL, '', 1, 'http://www.uni-saarland.de/campus/studium/studienangebot/az/edutech.html; http://edutech.uni-saarland.de/', 'http://edutech.uni-saarland.de/uploads/Modulhandbuch%20Master%20Edutech.pdf', NULL, '', '', 7.040975, 49.255028),
	(123, NULL, 1, '2014-08-11 12:00:00', '2014-08-11 12:00:00', 'Educational Technology', 3, 22, 22, 'Department of Educational Technology', 1, 2, 3, '', NULL, '', 1, 'http://edutech.uni-saarland.de/1', 'http://edutech.uni-saarland.de/9', NULL, 'v.gehlen-baum@mx.uni-saarland.de', 'Vera Gehlen-Baum', 7.040975, 49.255028),
	(124, NULL, 1, '2014-08-11 12:00:00', '2014-08-11 12:00:00', 'Digital Humanities', 3, 23, 23, 'Lehrstuhl für Neuere Literatur und Computerphilologie (Phil. Fak.)', 1, 1, 3, '', NULL, '', 1, 'http://www.uni-wuerzburg.de/fuer/studierende/angebot/faecher/digihum', 'http://www.germanistik.uni-wuerzburg.de/lehrstuehle/computerphilologie/studium/bachelor/', NULL, 'sm@germanistik.uni-wuerzburg.de', 'Stephan Moser', 9.970846, 49.783008),
	(125, NULL, 1, '2014-08-11 12:00:00', '2014-08-11 12:00:00', 'Digital Humanities', 3, 23, 23, 'Lehrstuhl für Neuere Literatur und Computerphilologie (Phil. Fak.)', 1, 2, 3, '', NULL, '', 1, 'http://www.uni-wuerzburg.de/fuer/studierende/angebot/faecher/digihum', 'http://www.germanistik.uni-wuerzburg.de/lehrstuehle/computerphilologie/studium/master/', NULL, 'sm@germanistik.uni-wuerzburg.de', 'Stephan Moser', 9.970846, 49.783008),
	(126, NULL, 1, '2014-08-11 12:00:00', '2014-08-11 12:00:00', 'Computerlinguistik', 3, 24, 24, 'Department Linguistik', 1, 1, 3, '', NULL, '', 1, 'http://uni-potsdam.de/studienmglk1/faecher/computerlinguistik.html', '', NULL, '', '', 13.099410, 52.407445),
	(127, NULL, 1, '2014-08-11 12:00:00', '2014-08-11 12:00:00', 'Computerlinguistik und Digital Humanities', 3, 25, 25, 'Fachbereich II: Sprach-, Literatur- und Medienwissenschaften', 1, 1, 3, '', NULL, '', 1, 'http://www.uni-trier.de/index.php?id=722&tx_urtdbstudienangebotverwaltung_pi1[Details]=1&tx_urtdbstudienangebotverwaltung_pi1[dbidfach]=110&tx_urtdbstudienangebotverwaltung_pi1[dbidabschluss]=28', '', NULL, 'koehler@uni-trier.de', 'Reinhard Köhler', 6.688470, 49.745760),
	(128, NULL, 1, '2014-08-11 12:00:00', '2014-08-11 12:00:00', 'Computerlinguistik und Digital Humanities', 3, 25, 25, 'Fachbereich II: Sprach-, Literatur- und Medienwissenschaften', 1, 2, 3, '', NULL, '', 1, 'http://www.uni-trier.de/index.php?id=722&tx_urtdbstudienangebotverwaltung_pi1[Details]=1&tx_urtdbstudienangebotverwaltung_pi1[dbidfach]=110&tx_urtdbstudienangebotverwaltung_pi1[dbidabschluss]=29', '', NULL, '', '', 6.688470, 49.745760),
	(129, NULL, 1, '2014-08-11 12:00:00', '2014-08-11 12:00:00', 'Médiation culturelle, patrimoine et numérique', 4, 27, 44, 'Sciences Humaines et Sociales', 1, 2, 4, 'Titulaires d\'un diplôme de licence ou diplôme de niveau équivalent ou supérieur, en histoire de l\'art, en archéologie et/ou en sciences de l\'information et de la communication.', NULL, '', 1, 'http://www.u-paris10.fr/7777777/0/fiche___formation/&RH=for_dipg%E9n', 'http://www.u-paris10.fr/formation/master-sciences-humaines-et-sociales-br-mention-histoire-de-l-art-archeologie-representations-et-societes-br-specialite-mediation-culturelle-patrimoine-et-numerique--416442.kjsp?STNAV=&RUBNAV=&RH=for_dipg%E9n', NULL, '', '', 2.213282, 48.904221),
	(130, NULL, 1, '2014-08-11 12:00:00', '2014-08-11 12:00:00', 'Document Numérique en Réseau / Parcours Ingénierie de l\'Internet', 4, 28, 43, 'Département Informatique', 1, 2, 4, '', NULL, '', 1, 'https://www.info.unicaen.fr/DNR2I/presentation/index.php', '', NULL, '', '', -0.363888, 49.188971),
	(131, NULL, 1, '2014-08-11 12:00:00', '2014-08-11 12:00:00', 'Spécialité Double Compétence : Informatique et Sciences Sociales (DCISS)', 4, 29, 42, 'Sciences sociales et humaines', 1, 2, 4, 'des étudiants titulaires d’une Licence ou d’un M1 (ou d’une maîtrise) scientifique (sauf informatique) ou non scientifique (Sciences Sociales, Sciences Humaines, Linguistique, etc.)', NULL, '', 1, 'http://imss-www.upmf-grenoble.fr/master-ic2a/specialite-double-competence-informatique-et-sciences-sociales-dciss', 'http://web.ujf-grenoble.fr/ujf/conseils/demandeHabilitation07-10/pdf/ICA_7juin.pdf', NULL, '', '', 5.727910, 45.165465),
	(132, NULL, 1, '2014-08-11 12:00:00', '2014-08-11 12:00:00', 'Information, Communication, Culture et Documentation', 4, 30, 41, 'Sciences Humaines et Sociales', 1, 2, 4, '', NULL, '', 1, 'http://www.univ-lille3.fr/etudes/formations/cursus-master/masters-sciences-humaines-sociales/master-sciences-information-document/', '', NULL, '', '', 3.143432, 50.610137),
	(133, NULL, 1, '2014-08-11 12:00:00', '2014-08-11 12:00:00', 'Technologies numériques appliquées à l’histoire', 4, 27, 40, 'L\'École nationale des chartes', 1, 2, 4, 'connaissances générales en histoire ou en lettres', NULL, '', 1, 'http://www.enc.sorbonne.fr/node/24', '', NULL, '', '', 2.343277, 48.848456),
	(134, NULL, 1, '2014-08-11 12:00:00', '2014-08-11 12:00:00', 'Patrimoine écrit et édition numérique', 4, 31, 39, 'Arts, Lettres, Langues', 1, 2, 4, 'Titulaire d\'une licence en Arts, Lettres, Langues, Sciences humaines.', NULL, '', 1, 'http://www.univ-tours.fr/medias/fichier/master-patrimoine-ecrit-et-edition-numerique_1331718824770.pdf', '', NULL, '', '', 0.681452, 47.396337),
	(135, NULL, 1, '2014-08-11 12:00:00', '2014-08-11 12:00:00', 'Histoire et informatique ', 4, 27, 38, 'Laboratoire de Médiévistique Occidentale de Paris', 1, 2, 4, '', NULL, '', 1, 'http://pireh.univ-paris1.fr/pirh/index.php/enseignement/master.html + http://lamop.univ-paris1.fr/spip.php?rubrique126', '', NULL, '', '', 2.344360, 48.846970),
	(136, NULL, 1, '2014-08-11 12:00:00', '2014-08-11 12:00:00', 'European Heritage, Digital Media and the Information Society (EuroMACHS)', 5, 32, 37, 'Faculty of Humanities', 1, 2, 2, '', NULL, '', 1, 'http://www.europeanheritage.utu.fi/', '', NULL, '', '', 22.284580, 60.454773),
	(137, NULL, 1, '2014-08-11 12:00:00', '2014-08-11 12:00:00', 'Informatica Umanistica - Humanities Computing', 6, 33, 36, '', 1, 2, 5, '', NULL, '', 1, 'http://infouma.di.unipi.it/specialistica/index.asp', '', NULL, '', '', 10.413138, 43.711856),
	(138, NULL, 1, '2014-08-11 12:00:00', '2014-08-11 12:00:00', 'Informatica Umanistica - Humanities Computing', 6, 33, 36, 'Facoltà: Lettere e Filosofia, Scienze Matematiche, Fisiche e Naturali', 1, 1, 5, '', NULL, '', 1, 'http://infouma.di.unipi.it/laurea/index.asp oder (offizielle Uniseite) http://www.unipi.it/corsilaurea/corsi/dett_corso_180.html', '', NULL, '', '', 10.413138, 43.711856),
	(139, NULL, 1, '2014-08-11 12:00:00', '2014-08-11 12:00:00', 'Informatica del Testo ed Edizione Elettronica', 6, 37, 35, 'Facoltà di Lettere e Filosofia di Arezzo e Facoltà di Ingegneria', 1, 2, 5, '', NULL, '', 1, 'http://www.infotext.unisi.it/', '', NULL, 'stella@unisi.it', 'Francesco Stella', 11.332752, 43.319181),
	(140, NULL, 1, '2014-08-11 12:00:00', '2014-08-11 12:00:00', 'Digilab', 6, 34, 34, 'Facoltà di Filosofia, Lettere, Scienze umanistiche e Studi orientali', 2, 8, 5, '', NULL, '', 1, '', '', NULL, '', '', 12.512569, 41.901422),
	(141, NULL, 1, '2014-08-11 12:00:00', '2014-08-11 12:00:00', 'Digital Humanities and Culture', 7, 38, 33, 'School of English', 1, 2, 2, 'honors degree (at least an upper second, or a GPA of at least 3.3 in any of the disciplines of the humanities). A critical writing sample is also required (3,000-5,000 words).', NULL, '', 1, 'http://www.tcd.ie/English/postgraduate/digital-humanities/', 'http://www.tcd.ie/English/postgraduate/digital-humanities/digital-hum-options.php', NULL, '', '', -6.254572, 53.343793),
	(142, NULL, 1, '2014-08-11 12:00:00', '2014-08-11 12:00:00', 'Humanities Computing', 7, 39, 32, 'An Foras Feasa Institute', 2, 5, 2, '', NULL, '', 1, 'http://www.learndigitalhumanities.ie/courses/undergrad/humanities-computing', '', 5, '', '', -6.601476, 53.384671),
	(143, NULL, 1, '2014-08-11 12:00:00', '2014-08-11 12:00:00', 'Digital Humanities', 7, 39, 32, 'An Foras Feasa Institute', 1, 2, 2, '', NULL, '', 1, 'http://www.learndigitalhumanities.ie/courses/postgrad/ma-digital-humanities', '', NULL, '', '', -6.601476, 53.384671),
	(144, NULL, 1, '2014-08-11 12:00:00', '2014-08-11 12:00:00', 'Digital Arts and Humanities', 7, 39, 32, 'An Foras Feasa Institute', 1, 4, 2, '', NULL, '', 1, 'http://www.learndigitalhumanities.ie/dah', '', NULL, '', '', -6.601476, 53.384671),
	(145, NULL, 1, '2014-08-11 12:00:00', '2014-08-11 12:00:00', 'Digital Arts and Humanities', 7, 40, 31, 'College of Arts, Celtic Studies and Social Sciences', 1, 2, 2, '', NULL, '', 1, 'http://www.ucc.ie/en/study/postgrad/what/acsss/masters/digital/', 'http://www.ucc.ie/en/study/postgrad/what/acsss/masters/digital/', NULL, '', '', -8.491198, 51.893609),
	(146, NULL, 1, '2014-08-11 12:00:00', '2014-08-11 12:00:00', 'Information Science', 1, 4, 4, 'Faculty of Arts', 1, 2, 2, 'BA, Weiteres siehe http://www.rug.nl/let/onderwijs/Master/Informatiekunde/toelating', NULL, '', 1, 'http://www.rug.nl/let/onderwijs/master/informatiekunde/index', '', NULL, '', '', 6.562987, 53.219263),
	(147, NULL, 1, '2014-08-11 12:00:00', '2014-08-11 12:00:00', 'Masterprogram i digital kultur', 8, 42, 30, 'Humanistiske fakultet', 1, 2, 6, '', NULL, '', 1, 'http://www.uib.no/studieprogram/MAHF-DIKUL', '', NULL, '', '', 5.321755, 60.387859),
	(148, NULL, 1, '2014-08-11 12:00:00', '2014-08-11 12:00:00', 'European Heritage, Digital Media and the Information Society (EuroMACHS)', 9, 43, 29, '', 1, 2, 3, 'Abschluss eines geistes- oder kulturwiss. Bachelor-(oder gleichwertigen) Studiums', NULL, '', 1, 'http://www.uni-graz.at/euromachs/', '', NULL, 'walter.scholger@uni-graz.at', 'Walter Scholger', 15.450611, 47.078832),
	(149, NULL, 1, '2014-08-11 12:00:00', '2014-08-11 12:00:00', 'Informationsmodellierung in den Geisteswissenschaften', 9, 43, 29, 'Geisteswiss. Fakultät', 2, 6, 3, 'alle Studierenden können dieses Modul!!! im Rahmen der freien Wahlfächer absolvieren', NULL, '', 1, 'http://www.uni-graz.at/inig1www/inig1www_lehre/content.inig1www-module', '', NULL, 'walter.scholger@uni-graz.at', 'Walter Scholger', 15.450611, 47.078832),
	(150, NULL, 1, '2014-08-11 12:00:00', '2014-08-11 12:00:00', 'European Heritage, Digital Media and the Information Society (EuroMACHS)', 10, 44, 28, 'Faculdade de Letras', 1, 2, 7, '', NULL, '', 1, 'http://www.uc.pt/en/fluc/euromachs', '', NULL, '', '', -8.424151, 40.208907),
	(151, NULL, 1, '2014-08-11 12:00:00', '2014-08-11 12:00:00', 'Digital Humanities ', 11, 45, 27, 'School of Arts & Humanities / Digital Humanities', 1, 2, 2, 'Minimum 2:1 first degree or overseas equivalent in any arts or humanities subject; familiarity with basic computer use, including email and word processing.  ', NULL, '', 1, 'http://www.kcl.ac.uk/artshums/depts/ddh/study/pgt/madh/index.aspx', '', NULL, 'elena.pierazzo@kcl.ac.uk', 'Elena Pierazzo', -0.037892, 51.450649),
	(152, NULL, 1, '2014-08-11 12:00:00', '2014-08-11 12:00:00', 'Digital Culture and Society', 11, 45, 27, 'School of Arts & Humanities / Digital Humanities', 1, 2, 2, 'Minimum 2:1 first degree or overseas equivalent in any discipline.', NULL, '', 1, 'http://www.kcl.ac.uk/artshums/depts/ddh/study/pgt/madcs/index.aspx', '', NULL, '', '', -0.037892, 51.450649),
	(153, NULL, 1, '2014-08-11 12:00:00', '2014-08-11 12:00:00', 'Digital Asset Management', 11, 45, 27, 'School of Arts & Humanities / Digital Humanities', 1, 2, 2, 'Minimum 2:1 first degree or overseas equivalent in any discipline and/ or substantial work experience involving the creation and/or management of digital resources', NULL, '', 1, 'http://www.kcl.ac.uk/artshums/depts/ddh/study/pgt/madam/index.aspx', '', NULL, '', '', -0.037892, 51.450649),
	(154, NULL, 1, '2014-08-11 12:00:00', '2014-08-11 12:00:00', 'Digital Humanities', 11, 45, 27, 'Centre for Digital Humanities', 1, 2, 2, 'a first or upper second-class Honours degree in a relevant Humanities or Computing discipline from a UK university, or an overseas qualification of an equivalent standard', NULL, '', 1, 'http://www.ucl.ac.uk/dh/courses/mamsc ', '', NULL, '', '', -0.037892, 51.450649),
	(155, NULL, 1, '2014-08-11 12:00:00', '2014-08-11 12:00:00', 'Digital Media & Information Studies', 11, 46, 26, 'Arts, Science and Social Sciences', 1, 1, 2, '', NULL, '', 1, 'http://www.gla.ac.uk/undergraduate/degrees/digitalmedia/', '', NULL, '', '', -4.288201, 55.872121),
	(156, NULL, 1, '2014-08-11 12:00:00', '2014-08-11 12:00:00', 'Digital Humanities', 11, 45, 27, 'School of Arts & Humanities / Digital Humanities', 1, 4, 2, '', NULL, '', 1, 'http://www.kcl.ac.uk/artshums/depts/ddh/study/pgr/index.aspx', '', NULL, '', '', -0.037892, 51.450649),
	(157, NULL, 1, '2014-08-11 12:00:00', '2014-08-11 12:00:00', 'Information Management & Preservation (Digital)/(Archives & Records Management)', 11, 46, 26, 'Arts, Science and Social Sciences', 1, 2, 2, '', NULL, '', 1, 'http://www.gla.ac.uk/postgraduate/taught/informationmanagementpreservationdigitalarchivesrecordsmanagement/', '', NULL, '', '', -4.288201, 55.872121),
	(158, NULL, 1, '2014-08-11 12:00:00', '2014-08-11 12:00:00', 'Médiation culturelle, patrimoine et numérique', 4, 27, 45, 'Sciences Humaines et Sociales', 1, 2, 4, 'Titulaires d\'un diplôme de licence ou diplôme de niveau équivalent ou supérieur, en histoire de l\'art, en archéologie et/ou en sciences de l\'information et de la communication.', NULL, '', 1, 'http://www.u-paris10.fr/7777777/0/fiche___formation/&RH=for_dipg%E9n', 'http://www.u-paris10.fr/formation/master-sciences-humaines-et-sociales-br-mention-histoire-de-l-art-archeologie-representations-et-societes-br-specialite-mediation-culturelle-patrimoine-et-numerique--416442.kjsp?STNAV=&RUBNAV=&RH=for_dipg%E9n', NULL, '', '', 2.560769, 48.976192);
/*!40000 ALTER TABLE `courses` ENABLE KEYS */;


-- Exportiere Struktur von Tabelle dhregistry.courses_nwo_disciplines
DROP TABLE IF EXISTS `courses_nwo_disciplines`;
CREATE TABLE IF NOT EXISTS `courses_nwo_disciplines` (
  `id` int(11) NOT NULL AUTO_INCREMENT,
  `nwo_discipline_id` int(11) NOT NULL,
  `course_id` int(11) NOT NULL,
  PRIMARY KEY (`id`),
  KEY `FK_1_idx` (`course_id`),
  KEY `FK_2_idx` (`nwo_discipline_id`),
  CONSTRAINT `FK_courses_nwo_discipliens_courses` FOREIGN KEY (`course_id`) REFERENCES `courses` (`id`) ON DELETE CASCADE ON UPDATE CASCADE,
  CONSTRAINT `FK_courses_nwo_disciplines_nwo_disciplines` FOREIGN KEY (`nwo_discipline_id`) REFERENCES `nwo_disciplines` (`id`) ON DELETE CASCADE ON UPDATE CASCADE
) ENGINE=InnoDB DEFAULT CHARSET=utf8;

-- Exportiere Daten aus Tabelle dhregistry.courses_nwo_disciplines: ~0 rows (ungefähr)
/*!40000 ALTER TABLE `courses_nwo_disciplines` DISABLE KEYS */;
/*!40000 ALTER TABLE `courses_nwo_disciplines` ENABLE KEYS */;


-- Exportiere Struktur von Tabelle dhregistry.courses_tadirah_activities
DROP TABLE IF EXISTS `courses_tadirah_activities`;
CREATE TABLE IF NOT EXISTS `courses_tadirah_activities` (
  `id` int(11) NOT NULL AUTO_INCREMENT,
  `course_id` int(11) NOT NULL,
  `tadirah_activity_id` int(11) NOT NULL,
  PRIMARY KEY (`id`),
  KEY `tadirah_activity_id` (`tadirah_activity_id`),
  KEY `FK_courses_tadirah_activities_courses` (`course_id`),
  CONSTRAINT `FK_courses_tadirah_activities_courses` FOREIGN KEY (`course_id`) REFERENCES `courses` (`id`) ON DELETE CASCADE ON UPDATE CASCADE,
  CONSTRAINT `FK_courses_tadirah_activities_tadirah_activities` FOREIGN KEY (`tadirah_activity_id`) REFERENCES `tadirah_activities` (`id`) ON DELETE CASCADE ON UPDATE CASCADE
) ENGINE=InnoDB AUTO_INCREMENT=127 DEFAULT CHARSET=utf8 COLLATE=utf8_unicode_ci;

-- Exportiere Daten aus Tabelle dhregistry.courses_tadirah_activities: ~80 rows (ungefähr)
/*!40000 ALTER TABLE `courses_tadirah_activities` DISABLE KEYS */;
INSERT INTO `courses_tadirah_activities` (`id`, `course_id`, `tadirah_activity_id`) VALUES
	(7, 53, 58),
	(9, 29, 4),
	(10, 29, 44),
	(11, 29, 23),
	(13, 31, 41),
	(14, 31, 10),
	(16, 36, 4),
	(17, 36, 50),
	(18, 36, 39),
	(25, 42, 10),
	(26, 42, 4),
	(33, 21, 4),
	(34, 21, 26),
	(35, 21, 10),
	(36, 12, 10),
	(37, 12, 47),
	(38, 8, 10),
	(39, 8, 47),
	(42, 2, 32),
	(44, 26, 10),
	(45, 26, 4),
	(47, 26, 37),
	(49, 40, 4),
	(50, 40, 10),
	(51, 43, 4),
	(52, 43, 37),
	(53, 44, 5),
	(54, 44, 4),
	(55, 46, 4),
	(56, 46, 37),
	(57, 47, 4),
	(58, 50, 4),
	(59, 51, 4),
	(60, 51, 27),
	(61, 51, 30),
	(63, 1, 4),
	(64, 1, 12),
	(65, 4, 4),
	(66, 32, 2),
	(67, 32, 13),
	(68, 30, 13),
	(69, 30, 23),
	(71, 11, 41),
	(72, 13, 41),
	(73, 14, 4),
	(74, 14, 37),
	(77, 24, 23),
	(78, 23, 4),
	(79, 28, 10),
	(80, 22, 10),
	(81, 48, 51),
	(82, 48, 10),
	(85, 15, 43),
	(91, 16, 24),
	(92, 7, 10),
	(93, 7, 23),
	(94, 7, 25),
	(95, 19, 47),
	(96, 19, 12),
	(98, 20, 47),
	(99, 17, 24),
	(100, 18, 24),
	(101, 35, 4),
	(102, 25, 25),
	(103, 34, 10),
	(105, 34, 26),
	(108, 39, 26),
	(110, 45, 4),
	(112, 5, 4),
	(113, 52, 25),
	(114, 10, 10),
	(116, 27, 10),
	(117, 6, 10),
	(118, 37, 39),
	(121, 54, 10),
	(122, 38, 10),
	(123, 10, 10),
	(124, 20, 4),
	(125, 28, 10),
	(126, 33, 4);
/*!40000 ALTER TABLE `courses_tadirah_activities` ENABLE KEYS */;


-- Exportiere Struktur von Tabelle dhregistry.courses_tadirah_objects
DROP TABLE IF EXISTS `courses_tadirah_objects`;
CREATE TABLE IF NOT EXISTS `courses_tadirah_objects` (
  `id` int(11) NOT NULL AUTO_INCREMENT,
  `course_id` int(11) NOT NULL,
  `tadirah_object_id` int(11) NOT NULL,
  PRIMARY KEY (`id`),
  KEY `tadirah_object_id` (`tadirah_object_id`),
  KEY `FK__courses` (`course_id`),
  CONSTRAINT `FK__courses` FOREIGN KEY (`course_id`) REFERENCES `courses` (`id`) ON DELETE CASCADE ON UPDATE CASCADE,
  CONSTRAINT `FK__tadirah_objects` FOREIGN KEY (`tadirah_object_id`) REFERENCES `tadirah_objects` (`id`) ON DELETE CASCADE ON UPDATE CASCADE
) ENGINE=InnoDB AUTO_INCREMENT=123 DEFAULT CHARSET=utf8 COLLATE=utf8_unicode_ci;

-- Exportiere Daten aus Tabelle dhregistry.courses_tadirah_objects: ~97 rows (ungefähr)
/*!40000 ALTER TABLE `courses_tadirah_objects` DISABLE KEYS */;
INSERT INTO `courses_tadirah_objects` (`id`, `course_id`, `tadirah_object_id`) VALUES
	(5, 53, 6),
	(6, 29, 32),
	(7, 29, 3),
	(8, 29, 34),
	(9, 31, 3),
	(10, 31, 6),
	(11, 36, 32),
	(16, 42, 6),
	(17, 42, 23),
	(18, 21, 3),
	(19, 21, 30),
	(20, 12, 6),
	(21, 8, 5),
	(22, 8, 6),
	(24, 2, 5),
	(25, 2, 32),
	(30, 26, 32),
	(31, 40, 5),
	(34, 40, 5),
	(36, 26, 5),
	(37, 43, 5),
	(39, 43, 32),
	(40, 43, 6),
	(41, 44, 5),
	(43, 44, 6),
	(44, 44, 32),
	(45, 46, 5),
	(46, 46, 6),
	(47, 46, 32),
	(48, 47, 5),
	(49, 47, 23),
	(50, 50, 5),
	(52, 50, 22),
	(53, 50, 6),
	(54, 50, 27),
	(55, 51, 5),
	(56, 51, 6),
	(57, 1, 5),
	(58, 1, 23),
	(59, 1, 3),
	(60, 4, 5),
	(61, 4, 32),
	(63, 32, 23),
	(64, 32, 32),
	(65, 30, 3),
	(66, 11, 6),
	(67, 11, 3),
	(68, 13, 6),
	(69, 14, 23),
	(71, 24, 3),
	(73, 23, 23),
	(74, 28, 5),
	(75, 28, 32),
	(76, 22, 6),
	(77, 48, 5),
	(78, 48, 6),
	(81, 15, 32),
	(82, 16, 30),
	(83, 16, 12),
	(84, 16, 32),
	(85, 7, 3),
	(86, 7, 6),
	(87, 19, 6),
	(88, 20, 3),
	(89, 17, 12),
	(90, 17, 30),
	(91, 18, 12),
	(92, 18, 30),
	(93, 35, 23),
	(94, 25, 23),
	(95, 25, 23),
	(96, 33, 6),
	(97, 33, 23),
	(98, 33, 22),
	(99, 34, 6),
	(100, 34, 5),
	(101, 39, 6),
	(102, 39, 5),
	(103, 45, 32),
	(104, 45, 23),
	(105, 5, 32),
	(106, 5, 5),
	(107, 5, 23),
	(108, 52, 32),
	(109, 10, 6),
	(111, 27, 5),
	(112, 27, 23),
	(113, 27, 6),
	(114, 27, 22),
	(115, 6, 6),
	(116, 6, 32),
	(117, 37, 8),
	(118, 54, 32),
	(119, 54, 6),
	(120, 54, 23),
	(121, 38, 6),
	(122, 37, 33);
/*!40000 ALTER TABLE `courses_tadirah_objects` ENABLE KEYS */;


-- Exportiere Struktur von Tabelle dhregistry.courses_tadirah_techniques
DROP TABLE IF EXISTS `courses_tadirah_techniques`;
CREATE TABLE IF NOT EXISTS `courses_tadirah_techniques` (
  `id` int(11) NOT NULL AUTO_INCREMENT,
  `course_id` int(11) NOT NULL,
  `tadirah_technique_id` int(11) NOT NULL,
  PRIMARY KEY (`id`),
  KEY `tadirah_technique_id` (`tadirah_technique_id`),
  KEY `FK_courses_tadirah_techniques_courses` (`course_id`),
  CONSTRAINT `FK_courses_tadirah_techniques_courses` FOREIGN KEY (`course_id`) REFERENCES `courses` (`id`) ON DELETE CASCADE ON UPDATE CASCADE,
  CONSTRAINT `FK_courses_tadirah_techniques_tadirah_techniques` FOREIGN KEY (`tadirah_technique_id`) REFERENCES `tadirah_techniques` (`id`) ON DELETE CASCADE ON UPDATE CASCADE
) ENGINE=InnoDB AUTO_INCREMENT=79 DEFAULT CHARSET=utf8 COLLATE=utf8_unicode_ci;

-- Exportiere Daten aus Tabelle dhregistry.courses_tadirah_techniques: ~56 rows (ungefähr)
/*!40000 ALTER TABLE `courses_tadirah_techniques` DISABLE KEYS */;
INSERT INTO `courses_tadirah_techniques` (`id`, `course_id`, `tadirah_technique_id`) VALUES
	(1, 53, 15),
	(3, 53, 16),
	(6, 29, 32),
	(7, 29, 3),
	(11, 31, 24),
	(13, 36, 18),
	(14, 32, 13),
	(15, 30, 13),
	(18, 42, 15),
	(19, 21, 18),
	(21, 12, 16),
	(22, 8, 27),
	(25, 2, 3),
	(26, 2, 32),
	(28, 26, 15),
	(31, 40, 15),
	(32, 40, 16),
	(33, 43, 15),
	(34, 44, 15),
	(35, 46, 15),
	(36, 47, 15),
	(37, 50, 15),
	(39, 51, 15),
	(41, 1, 10),
	(42, 1, 38),
	(43, 4, 15),
	(44, 11, 14),
	(45, 13, 14),
	(47, 14, 25),
	(48, 24, 23),
	(49, 23, 3),
	(50, 23, 38),
	(51, 28, 15),
	(52, 28, 16),
	(53, 22, 16),
	(54, 48, 38),
	(56, 15, 14),
	(58, 16, 35),
	(59, 48, 10),
	(61, 7, 32),
	(62, 7, 38),
	(63, 19, 15),
	(64, 20, 15),
	(66, 35, 10),
	(67, 25, 10),
	(68, 34, 10),
	(69, 39, 10),
	(70, 45, 10),
	(71, 5, 10),
	(72, 52, 10),
	(73, 10, 16),
	(74, 27, 15),
	(75, 6, 35),
	(76, 37, 25),
	(77, 54, 10),
	(78, 38, 16);
/*!40000 ALTER TABLE `courses_tadirah_techniques` ENABLE KEYS */;


-- Exportiere Struktur von Tabelle dhregistry.course_parent_types
DROP TABLE IF EXISTS `course_parent_types`;
CREATE TABLE IF NOT EXISTS `course_parent_types` (
  `id` int(11) NOT NULL AUTO_INCREMENT,
  `name` varchar(100) COLLATE utf8_unicode_ci NOT NULL COMMENT 'a short name',
  PRIMARY KEY (`id`)
) ENGINE=InnoDB AUTO_INCREMENT=3 DEFAULT CHARSET=utf8 COLLATE=utf8_unicode_ci;

-- Exportiere Daten aus Tabelle dhregistry.course_parent_types: ~2 rows (ungefähr)
/*!40000 ALTER TABLE `course_parent_types` DISABLE KEYS */;
INSERT INTO `course_parent_types` (`id`, `name`) VALUES
	(1, 'Degree'),
	(2, 'Credits');
/*!40000 ALTER TABLE `course_parent_types` ENABLE KEYS */;


-- Exportiere Struktur von Tabelle dhregistry.course_types
DROP TABLE IF EXISTS `course_types`;
CREATE TABLE IF NOT EXISTS `course_types` (
  `id` int(11) NOT NULL AUTO_INCREMENT,
  `course_parent_type_id` int(11) NOT NULL,
  `name` varchar(100) COLLATE utf8_unicode_ci NOT NULL,
  PRIMARY KEY (`id`),
  KEY `parent_type_id` (`course_parent_type_id`),
  CONSTRAINT `FK_types_parent_types` FOREIGN KEY (`course_parent_type_id`) REFERENCES `course_parent_types` (`id`)
) ENGINE=InnoDB AUTO_INCREMENT=9 DEFAULT CHARSET=utf8 COLLATE=utf8_unicode_ci COMMENT='The course types. Parent types are "degrees awarded" or "credits awarded".';

-- Exportiere Daten aus Tabelle dhregistry.course_types: ~8 rows (ungefähr)
/*!40000 ALTER TABLE `course_types` DISABLE KEYS */;
INSERT INTO `course_types` (`id`, `course_parent_type_id`, `name`) VALUES
	(1, 1, 'Bachelor'),
	(2, 1, 'Master'),
	(3, 1, 'Research Master'),
	(4, 1, 'PhD'),
	(5, 2, 'Minor'),
	(6, 2, 'Course'),
	(7, 2, 'Summer School'),
	(8, 2, 'Continuing Education');
/*!40000 ALTER TABLE `course_types` ENABLE KEYS */;


-- Exportiere Struktur von Tabelle dhregistry.currencies
DROP TABLE IF EXISTS `currencies`;
CREATE TABLE IF NOT EXISTS `currencies` (
  `id` int(11) NOT NULL AUTO_INCREMENT,
  `name` varchar(50) COLLATE utf8_unicode_ci NOT NULL,
  PRIMARY KEY (`id`)
) ENGINE=InnoDB AUTO_INCREMENT=7 DEFAULT CHARSET=utf8 COLLATE=utf8_unicode_ci;

-- Exportiere Daten aus Tabelle dhregistry.currencies: ~6 rows (ungefähr)
/*!40000 ALTER TABLE `currencies` DISABLE KEYS */;
INSERT INTO `currencies` (`id`, `name`) VALUES
	(1, 'EUR'),
	(2, 'GBP'),
	(3, 'SEK'),
	(4, 'DKK'),
	(5, 'NOK'),
	(6, 'CHF');
/*!40000 ALTER TABLE `currencies` ENABLE KEYS */;


-- Exportiere Struktur von Tabelle dhregistry.external_identifier_types
DROP TABLE IF EXISTS `external_identifier_types`;
CREATE TABLE IF NOT EXISTS `external_identifier_types` (
  `id` int(11) NOT NULL AUTO_INCREMENT,
  `name` varchar(255) NOT NULL,
  `prefix` varchar(255) DEFAULT NULL,
  `schema` varchar(255) DEFAULT NULL,
  `schema_remove_prefix` tinyint(1) NOT NULL DEFAULT '0',
  `project` tinyint(1) NOT NULL DEFAULT '0',
  `person` tinyint(1) NOT NULL DEFAULT '0',
  `institution` tinyint(1) NOT NULL DEFAULT '0',
  `deprecated` tinyint(1) NOT NULL DEFAULT '0',
  PRIMARY KEY (`id`)
) ENGINE=InnoDB AUTO_INCREMENT=8 DEFAULT CHARSET=utf8;

-- Exportiere Daten aus Tabelle dhregistry.external_identifier_types: ~7 rows (ungefähr)
/*!40000 ALTER TABLE `external_identifier_types` DISABLE KEYS */;
INSERT INTO `external_identifier_types` (`id`, `name`, `prefix`, `schema`, `schema_remove_prefix`, `project`, `person`, `institution`, `deprecated`) VALUES
	(1, 'ORCID', 'ORCID', 'http://orcid.org/', 1, 0, 1, 0, 0),
	(2, 'ISNI', 'ISNI', 'http://isni.org/isni/', 1, 0, 1, 1, 0),
	(3, 'VIAF', 'VIAF', 'http://viaf.org/viaf/', 1, 0, 1, 1, 0),
	(4, 'NARCIS_OND', 'OND', 'http://www.narcis.nl/research/RecordID/', 0, 1, 0, 0, 0),
	(5, 'NARCIS_PRS', 'PRS', 'http://www.narcis.nl/person/RecordID/', 0, 0, 1, 0, 0),
	(6, 'NARCIS_ORG', 'ORG', 'http://www.narcis.nl/organisation/RecordID/', 0, 0, 0, 1, 0),
	(7, 'DAI', 'DAI', 'http://viaf.org/viaf/search?query=local.names+all+"##ID##"', 1, 0, 1, 0, 1);
/*!40000 ALTER TABLE `external_identifier_types` ENABLE KEYS */;


-- Exportiere Struktur von Tabelle dhregistry.institutions
DROP TABLE IF EXISTS `institutions`;
CREATE TABLE IF NOT EXISTS `institutions` (
  `id` int(11) NOT NULL AUTO_INCREMENT,
  `parent_id` int(11) DEFAULT NULL,
  `city_id` int(11) DEFAULT NULL,
  `country_id` int(11) DEFAULT NULL,
  `is_university` tinyint(1) NOT NULL DEFAULT '0' COMMENT 'show only universities in the Course Registry option listings',
  `name` varchar(255) COLLATE utf8_unicode_ci NOT NULL,
  `description` text COLLATE utf8_unicode_ci,
  `url` varchar(255) COLLATE utf8_unicode_ci DEFAULT NULL,
  `address` varchar(255) COLLATE utf8_unicode_ci DEFAULT NULL,
  `lon` decimal(10,6) DEFAULT NULL,
  `lat` decimal(10,6) DEFAULT NULL,
  `created` datetime DEFAULT NULL,
  `updated` datetime DEFAULT NULL,
  PRIMARY KEY (`id`),
  KEY `FK_institutions_cities` (`city_id`),
  KEY `FK_institutions_countries` (`country_id`),
  KEY `FK_institutions_institutions` (`parent_id`),
  CONSTRAINT `FK_institutions_cities` FOREIGN KEY (`city_id`) REFERENCES `cities` (`id`) ON UPDATE CASCADE,
  CONSTRAINT `FK_institutions_countries` FOREIGN KEY (`country_id`) REFERENCES `countries` (`id`) ON UPDATE CASCADE,
  CONSTRAINT `FK_institutions_institutions` FOREIGN KEY (`parent_id`) REFERENCES `institutions` (`id`) ON UPDATE CASCADE
) ENGINE=InnoDB AUTO_INCREMENT=1254 DEFAULT CHARSET=utf8 COLLATE=utf8_unicode_ci COMMENT='This will replace table universities, where universities will be referenced as: select * from institutions where parent_id is_null(). \r\nThings get interesting when projects become new institutions -> address?';

-- Exportiere Daten aus Tabelle dhregistry.institutions: ~322 rows (ungefähr)
/*!40000 ALTER TABLE `institutions` DISABLE KEYS */;
INSERT INTO `institutions` (`id`, `parent_id`, `city_id`, `country_id`, `is_university`, `name`, `description`, `url`, `address`, `lon`, `lat`, `created`, `updated`) VALUES
	(1, NULL, 1, 1, 1, 'Erasmus Universiteit Rotterdam', NULL, NULL, NULL, NULL, NULL, '2015-05-25 20:50:35', '2015-06-04 15:02:24'),
	(2, NULL, 2, 2, 1, 'Katholieke Universiteit Leuven', NULL, NULL, NULL, NULL, NULL, '2015-05-25 20:50:35', '2015-06-04 15:02:24'),
	(3, NULL, 3, 1, 1, 'Radboud Universiteit Nijmegen', NULL, NULL, NULL, NULL, NULL, '2015-05-25 20:50:35', '2015-06-04 15:02:24'),
	(4, NULL, 4, 1, 1, 'Rijks Universiteit Groningen', NULL, NULL, NULL, NULL, NULL, '2015-05-25 20:50:35', '2015-06-04 15:02:24'),
	(5, NULL, 5, 1, 1, 'Universiteit Tilburg', NULL, 'http://www.tilburguniversity.edu', NULL, NULL, NULL, '2015-05-28 14:23:58', '2015-06-04 15:02:24'),
	(6, NULL, 6, 2, 1, 'Universiteit Gent', NULL, NULL, NULL, NULL, NULL, '2015-05-25 20:50:35', '2015-06-04 15:02:24'),
	(7, NULL, 7, 1, 1, 'Universiteit Maastricht', NULL, 'http://www.maastrichtuniversity.nl', NULL, NULL, NULL, '2015-05-28 14:23:58', '2015-06-04 15:02:24'),
	(8, NULL, 8, 1, 1, 'Universiteit Utrecht', NULL, NULL, NULL, NULL, NULL, '2015-05-25 20:50:35', '2015-06-04 15:02:24'),
	(9, NULL, 9, 1, 1, 'Universiteit van Amsterdam', NULL, NULL, NULL, NULL, NULL, '2015-05-25 20:50:35', '2015-06-04 15:02:24'),
	(10, NULL, 9, 1, 1, 'Vrije Universiteit Amsterdam', NULL, 'http://www.vu.nl/', NULL, NULL, NULL, '2015-05-28 14:23:58', '2015-06-04 15:02:24'),
	(11, NULL, 10, 1, 1, 'Universiteit van Leiden', NULL, NULL, NULL, NULL, NULL, '2015-05-25 20:50:35', '2015-06-04 15:02:24'),
	(12, NULL, 11, 2, 1, 'Vrije Universiteit Brussel', NULL, NULL, NULL, NULL, NULL, '2015-05-25 20:50:35', '2015-06-04 15:02:24'),
	(13, NULL, 12, 2, 1, 'Universiteit Antwerpen', NULL, NULL, NULL, NULL, NULL, '2015-05-25 20:50:35', '2015-06-04 15:02:24'),
	(14, NULL, 14, 3, 1, 'Otto-Friedrich-Universität Bamberg', NULL, NULL, NULL, NULL, NULL, '2015-05-25 20:50:35', '2015-06-04 15:02:24'),
	(15, NULL, 15, 3, 1, 'Universität Bielefeld', NULL, NULL, NULL, NULL, NULL, '2015-05-25 20:50:35', '2015-06-04 15:02:24'),
	(16, NULL, 16, 3, 1, 'Technische Universität Darmstadt', NULL, NULL, NULL, NULL, NULL, '2015-05-25 20:50:35', '2015-06-04 15:02:24'),
	(17, NULL, 17, 3, 1, 'Friedrich-Alexander-Universität Erlangen-Nürnberg', NULL, NULL, NULL, NULL, NULL, '2015-05-25 20:50:35', '2015-06-04 15:02:24'),
	(18, NULL, 18, 3, 1, 'Justus-Liebig-Universität Gießen', NULL, NULL, NULL, NULL, NULL, '2015-05-25 20:50:35', '2015-06-04 15:02:24'),
	(19, NULL, 19, 3, 1, 'Universität Hamburg', NULL, NULL, NULL, NULL, NULL, '2015-05-25 20:50:35', '2015-06-04 15:02:24'),
	(20, NULL, 20, 3, 1, 'Universität zu Köln', NULL, NULL, NULL, NULL, NULL, '2015-05-25 20:50:35', '2015-06-04 15:02:24'),
	(21, NULL, 21, 3, 1, 'Leuphana Universität Lüneburg', NULL, NULL, NULL, NULL, NULL, '2015-05-25 20:50:35', '2015-06-04 15:02:24'),
	(22, NULL, 22, 3, 1, 'Universität des Saarlandes', NULL, NULL, NULL, NULL, NULL, '2015-05-25 20:50:35', '2015-06-04 15:02:24'),
	(23, NULL, 23, 3, 1, 'Julius-Maximilians-Universität Würzburg', NULL, NULL, NULL, NULL, NULL, '2015-05-25 20:50:35', '2015-06-04 15:02:24'),
	(24, NULL, 24, 3, 1, 'Universität Potsdam', NULL, NULL, NULL, NULL, NULL, '2015-05-25 20:50:35', '2015-06-04 15:02:24'),
	(25, NULL, 25, 3, 1, 'Universität Trier', NULL, NULL, NULL, NULL, NULL, '2015-05-25 20:50:35', '2015-06-04 15:02:24'),
	(26, NULL, 46, 11, 1, 'University of Glasgow', NULL, NULL, NULL, NULL, NULL, '2015-05-25 20:50:35', '2015-06-04 15:02:24'),
	(27, NULL, 45, 11, 1, 'King’s College London', NULL, NULL, NULL, NULL, NULL, '2015-05-25 20:50:35', '2015-06-04 15:02:24'),
	(28, NULL, 44, 10, 1, 'Universidade de Coimbra', NULL, NULL, NULL, NULL, NULL, '2015-05-25 20:50:35', '2015-06-04 15:02:24'),
	(29, NULL, 43, 9, 1, 'Karl-Franzens-Universität Graz', NULL, NULL, NULL, NULL, NULL, '2015-05-25 20:50:35', '2015-06-04 15:02:24'),
	(30, NULL, 42, 8, 1, 'Universitetet i Bergen', NULL, NULL, NULL, NULL, NULL, '2015-05-25 20:50:35', '2015-06-04 15:02:24'),
	(31, NULL, 40, 7, 1, 'University College Cork', NULL, NULL, NULL, NULL, NULL, '2015-05-25 20:50:35', '2015-06-04 15:02:24'),
	(32, NULL, 39, 7, 1, 'National University of Ireland, Maynooth', NULL, NULL, NULL, NULL, NULL, '2015-05-25 20:50:35', '2015-06-04 15:02:24'),
	(33, NULL, 38, 7, 1, 'Trinity College Dublin', NULL, NULL, NULL, NULL, NULL, '2015-05-25 20:50:35', '2015-06-04 15:02:24'),
	(34, NULL, 34, 6, 1, 'Università di Roma', NULL, NULL, NULL, NULL, NULL, '2015-05-25 20:50:35', '2015-06-04 15:02:24'),
	(35, NULL, 37, 6, 1, 'Università degli Studi di Siena', NULL, NULL, NULL, NULL, NULL, '2015-05-25 20:50:35', '2015-06-04 15:02:24'),
	(36, NULL, 33, 6, 1, 'Università degli Studi di Pisa', NULL, NULL, NULL, NULL, NULL, '2015-05-25 20:50:35', '2015-06-04 15:02:24'),
	(37, NULL, 32, 5, 1, 'University of Turku', NULL, NULL, NULL, NULL, NULL, '2015-05-25 20:50:35', '2015-06-04 15:02:24'),
	(38, NULL, 27, 4, 1, 'Université Paris 1 Panthéon-Sorbonne', NULL, NULL, NULL, NULL, NULL, '2015-05-25 20:50:35', '2015-06-04 15:02:24'),
	(39, NULL, 31, 4, 1, 'Université Francois Rabelais', NULL, NULL, NULL, NULL, NULL, '2015-05-25 20:50:35', '2015-06-04 15:02:24'),
	(40, NULL, 27, 4, 1, 'Université Paris-Sorbonne', NULL, NULL, NULL, NULL, NULL, '2015-05-25 20:50:35', '2015-06-04 15:02:24'),
	(41, NULL, 30, 4, 1, 'Université Lille', NULL, NULL, NULL, NULL, NULL, '2015-05-25 20:50:35', '2015-06-04 15:02:24'),
	(42, NULL, 29, 4, 1, 'Université Pierre-Mendès-France', NULL, NULL, NULL, NULL, NULL, '2015-05-25 20:50:35', '2015-06-04 15:02:24'),
	(43, NULL, 28, 4, 1, 'Université de Caen Basse Normandie', NULL, NULL, NULL, NULL, NULL, '2015-05-25 20:50:35', '2015-06-04 15:02:24'),
	(44, NULL, 27, 4, 1, 'Université Paris Ouest Nanterre La Défense', NULL, NULL, NULL, NULL, NULL, '2015-05-25 20:50:35', '2015-06-04 15:02:24'),
	(45, NULL, 27, 4, 1, 'Universität Paris 8 Vincennes-Saint-Denis', NULL, NULL, NULL, NULL, NULL, '2015-05-25 20:50:35', '2015-06-04 15:02:24'),
	(1050, NULL, NULL, NULL, 0, 'European Commission', NULL, 'http://europa.eu/', NULL, NULL, NULL, '2015-05-28 14:23:57', '2015-05-28 21:11:06'),
	(1051, NULL, 100, 1, 0, 'Ministry of Economic Affairs', 'In oktober 2010 zijn de ministeries van Economische Zaken (EZ) en Landbouw, Natuur en Voedselkwaliteit (LNV) samengevoegd in een nieuw ministerie van Economische Zaken, Landbouw en Innovatie.', 'http://www.ez.nl', NULL, NULL, NULL, '2015-05-28 14:23:57', '2015-05-28 21:11:06'),
	(1052, NULL, 100, 1, 0, 'Ministry of Education, Culture and Science', NULL, 'http://www.rijksoverheid.nl/ministeries/ocw', NULL, NULL, NULL, '2015-05-28 14:23:57', '2015-05-28 21:11:06'),
	(1053, 1054, 100, 1, 0, 'NWO National Computing Facilities Foundation', 'Beëindiging en overdracht van activiteiten NCF: Vanaf 1 januari 2012 zijn de activiteiten van NCF grotendeels ondergebracht bij NWO Exacte Wetenschappen, discipline informatica, onder andere rekentijd.', 'http://www.nwo.nl/ncf', NULL, NULL, NULL, '2015-05-28 14:23:57', '2015-05-28 21:11:06'),
	(1054, 1096, 100, 1, 0, 'NWO Council for Physical Sciences', NULL, 'http://www.nwo.nl/ew', NULL, NULL, NULL, '2015-05-28 14:23:57', '2015-05-28 21:11:06'),
	(1055, 1096, 100, 1, 0, 'NWO Council for the Humanities', NULL, 'http://www.nwo.nl/over-nwo/organisatie/nwo-onderdelen/gw', NULL, NULL, NULL, '2015-05-28 14:23:57', '2015-05-28 21:11:06'),
	(1056, 1096, 4, 1, 0, 'Department of  Economics and Econometrics', NULL, 'http://www.rug.nl/feb/organization/scientific-departments/eef/', NULL, NULL, NULL, '2015-05-28 14:23:57', '2015-05-28 21:11:06'),
	(1057, 1096, 4, 1, 0, 'Energy and Sustainability Research Institute Groningen - ESRIG', NULL, 'http://www.rug.nl/research/esrig/', NULL, NULL, NULL, '2015-05-28 14:23:57', '2015-05-28 21:11:06'),
	(1058, 1096, 4, 1, 0, 'Department of General Linguistics', NULL, 'http://www.rug.nl/let/atw', NULL, NULL, NULL, '2015-05-28 14:23:57', '2015-05-28 21:11:06'),
	(1059, 1096, 4, 1, 0, 'Department of Dutch Language and Culture', NULL, 'http://www.rug.nl/let/nederlands', NULL, NULL, NULL, '2015-05-28 14:23:57', '2015-05-28 21:11:06'),
	(1060, 1096, 10, 1, 0, 'Section of General History', NULL, 'http://www.hum.leidenuniv.nl/geschiedenis', NULL, NULL, NULL, '2015-05-28 14:23:57', '2015-05-28 21:11:06'),
	(1061, 1096, 10, 1, 0, 'Centre for Science and Technology Studies', NULL, 'http://www.cwts.nl/', NULL, NULL, NULL, '2015-05-28 14:23:57', '2015-05-28 21:11:06'),
	(1062, 1096, 9, 1, 0, 'Musicology', NULL, NULL, NULL, NULL, NULL, '2015-05-28 14:23:57', '2015-05-28 21:11:06'),
	(1063, 1096, 9, 1, 0, 'Department of Communication Sciences', NULL, 'http://www.uva.nl/disciplines/communicatiewetenschap', NULL, NULL, NULL, '2015-05-28 14:23:57', '2015-05-28 21:11:06'),
	(1064, 1096, 9, 1, 0, 'General Literary Studies', NULL, NULL, NULL, NULL, NULL, '2015-05-28 14:23:57', '2015-05-28 21:11:06'),
	(1065, 1096, 9, 1, 0, 'Dutch Literature', NULL, 'http://www.uva.nl/disciplines/nederlands', NULL, NULL, NULL, '2015-05-28 14:23:57', '2015-05-28 21:11:06'),
	(1066, 1096, 9, 1, 0, 'Dutch Linguistics', NULL, NULL, NULL, NULL, NULL, '2015-05-28 14:23:57', '2015-05-28 21:11:06'),
	(1067, 1096, 101, 1, 0, 'Subdepartment of Computer  Science', NULL, 'http://w3.win.tue.nl/nl/onderzoek/onderzoek_informatica/', NULL, NULL, NULL, '2015-05-28 14:23:57', '2015-05-28 21:11:06'),
	(1068, 1096, 102, 1, 0, 'Faculty of Electrical Engineering, Mathematics & Computer Science', NULL, 'http://www.universiteittwente.nl/onderwijs/ewi', NULL, NULL, NULL, '2015-05-28 14:23:57', '2015-05-28 21:11:06'),
	(1069, 1096, 3, 1, 0, 'Department of History', NULL, 'http://www.ru.nl/geschiedenis', NULL, NULL, NULL, '2015-05-28 14:23:57', '2015-05-28 21:11:06'),
	(1070, 1096, 5, 1, 0, 'Department of Communication and Information Sciences', NULL, 'http://www.tilburguniversity.edu/nl/over-tilburg-university/schools/geesteswetenschappen/dci/', NULL, NULL, NULL, '2015-05-28 14:23:57', '2015-05-28 21:11:06'),
	(1071, 1096, 8, 1, 0, 'Department of Information and Computing Sciences', NULL, 'http://www.cs.uu.nl', NULL, NULL, NULL, '2015-05-28 14:23:57', '2015-05-28 21:11:06'),
	(1072, 1096, 8, 1, 0, 'Freudenthal Institute for Science and Mathematics Education', NULL, 'http://www.fisme.science.uu.nl/', NULL, NULL, NULL, '2015-05-28 14:23:57', '2015-05-28 21:11:06'),
	(1073, 1096, 8, 1, 0, 'Department of Pharmacoepidemiology and Clinical Pharmacology', NULL, 'http://www.uu.nl/science/pharmacoepidemiology', NULL, NULL, NULL, '2015-05-28 14:23:57', '2015-05-28 21:11:06'),
	(1074, 1131, 1, 1, 0, 'Department of Public Administration', NULL, 'http://www.eur.nl/fsw/bestuurskunde', NULL, NULL, NULL, '2015-05-28 14:23:57', '2015-05-28 21:11:06'),
	(1075, 1129, 9, 1, 0, 'Section Biblical Studies', NULL, 'http://www.godgeleerdheid.vu.nl/nl/onderzoek/onderzoek-en-secties/bijbelwetenschappen/index.asp', NULL, NULL, NULL, '2015-05-28 14:23:57', '2015-05-28 21:11:06'),
	(1076, NULL, 9, 1, 0, 'Rijksmuseum', 'Het Rijksmuseum participeert in de Onderzoekschool Kunstgeschiedenis.', 'http://www.rijksmuseum.nl', NULL, NULL, NULL, '2015-05-28 14:23:57', '2015-05-28 21:11:06'),
	(1077, 1096, 9, 1, 0, 'Centrum Wiskunde & Informatica (CWI), the national research center for mathematics and computer science in the Netherlands', 'Het Centrum Wiskunde & Informatica (CWI) is sinds 1946 het nationale onderzoeksinstituut voor wiskunde en informatica. Het is gevestigd op het Science Park Amsterdam en is deel van de Nederlandse Organisatie voor Wetenschappelijk Onderzoek (NWO). Het instituut heeft een sterke internationale positie. Ruim 150 wetenschappers doen er grensverleggend onderzoek en dragen de verkregen kennis over aan de maatschappij. Meer dan 30 van de onderzoekers zijn hoogleraar aan een universiteit. Het instituut heeft 22 spin-off bedrijven voortgebracht.', 'http://www.cwi.nl', NULL, NULL, NULL, '2015-05-28 14:23:57', '2015-05-28 21:11:06'),
	(1078, 1086, 9, 1, 0, 'Meertens Institute Research and documentation of Dutch language and culture', '<a href="http://depot.knaw.nl/view/institutes/Meertens/">Publicatielijst in KNAW repository </a>', 'http://www.meertens.knaw.nl', NULL, NULL, NULL, '2015-05-28 14:23:57', '2015-05-28 21:11:06'),
	(1079, 1086, 103, 1, 0, 'Frisian Academy', 'Haar expertise betreft in het bijzonder onderwijs, taalsociologie en taalsystemen in meertalige samenlevingen en regionale cultuur en identiteit in vergelijkend perspectief. Op deze terreinen levert zij hoogwaardige en vernieuwende wetenschappelijke prestaties met een duidelijke maatschappelijke relevantie. De komende jaren wil zij zich strategisch ontwikkelen tot een \'Laboratorium Fryslân\' dat de Friese casus effectief voor het voetlicht van de regionale, nationale en internationale wetenschappelijke gemeenschap brengt. Al heeft de Fryske Akademy primair een onderzoekstaak, zij verzorgt via bijzondere leerstoelen in Leiden en Amsterdam tevens universitair onderwijs op het gebied van de frisistiek. Publicatielijst in KNAW repository', 'http://www.fryske-akademy.nl', NULL, NULL, NULL, '2015-05-28 14:23:57', '2015-05-28 21:11:06'),
	(1080, NULL, 100, 1, 0, 'National Library of the Netherlands', NULL, 'http://www.kb.nl', NULL, NULL, NULL, '2015-05-28 14:23:57', '2015-05-28 21:11:06'),
	(1081, 1086, 9, 1, 0, 'International Institute of Social History IISH', '<a href="http://depot.knaw.nl/view/institutes/IISG/">Publicatielijst in KNAW repository </a>', 'http://socialhistory.org', NULL, NULL, NULL, '2015-05-28 14:23:57', '2015-05-28 21:11:06'),
	(1082, NULL, 10, 1, 0, 'Institute for Dutch Lexicology', NULL, 'http://www.inl.nl', NULL, NULL, NULL, '2015-05-28 14:23:57', '2015-05-28 21:11:06'),
	(1083, 1086, 104, 1, 0, 'Royal Netherlands Institute in Rome', NULL, 'http://www.knir.it', NULL, NULL, NULL, '2015-05-28 14:23:57', '2015-05-28 21:11:06'),
	(1084, 1086, 101, 1, 0, 'Capacity Group User Centered Engineering', NULL, 'http://www.tue.nl/universiteit/faculteiten/ industrial-design/onderzoek/ onderzoeksprogrammas/uce/', NULL, NULL, NULL, '2015-05-28 14:23:57', '2015-05-28 21:11:06'),
	(1085, 1086, 10, 1, 0, 'Royal Netherlands Institute of Southeast Asian and Caribbean Studies KITLV', '<a href="http://depot.knaw.nl/view/institutes/KITLV/">Publicatielijst in KNAW repository </a>', 'http://www.kitlv.nl/', NULL, NULL, NULL, '2015-05-28 14:23:57', '2015-05-28 21:11:06'),
	(1086, NULL, 9, 1, 0, 'Royal Netherlands Academy of Arts and Sciences - KNAW', '<a href="http://depot.knaw.nl/view/institutes/Bureau/">Publicatielijst in KNAW repository </a>', 'http://www.knaw.nl', NULL, NULL, NULL, '2015-05-28 14:23:57', '2015-05-28 21:11:06'),
	(1087, NULL, 3, 1, 0, 'Max Planck Institute for Psycholinguistics', NULL, 'http://www.mpi.nl', NULL, NULL, NULL, '2015-05-28 14:23:57', '2015-05-28 21:11:06'),
	(1088, 1086, 9, 1, 0, 'NIOD Institute for War, Holocaust and Genocide Studies', '<a href="http://depot.knaw.nl/view/institutes/NIOD/">Publicatielijst in KNAW repository </a>', 'http://www.niod.knaw.nl', NULL, NULL, NULL, '2015-05-28 14:23:57', '2015-05-28 21:11:06'),
	(1089, 1052, 105, 1, 0, 'Cultural Heritage Agency of the Netherlands', 'Vestiging Amsterdam: Hobbemastraat 22;1071 ZC Amsterdam; T 020-3054771; Vestiging Rijswijk: Visseringlaan 3; 2288 ER Rijswijk; T 070-3073800 Vestiging Lelystad: Oostvaardersdijk 01-04; 8244 PA Lelystad; T 0320 269 700.', 'http://www.cultureelerfgoed.nl', NULL, NULL, NULL, '2015-05-28 14:23:58', '2015-05-28 21:11:06'),
	(1090, 1086, 106, 1, 0, 'Netherlands Institute for Advanced Study in the Humanities and Social Sciences (NIAS)', NULL, 'http://www.nias.knaw.nl', NULL, NULL, NULL, '2015-05-28 14:23:58', '2015-05-28 21:11:06'),
	(1091, 1086, 7, 1, 0, 'Foundations and Methods of Law', NULL, 'http://www.maastrichtuniversity.nl/web/Faculteiten/FdR/Thema/Capaciteitsgroepen/Metajuridica.htm', NULL, NULL, NULL, '2015-05-28 14:23:58', '2015-05-28 21:11:06'),
	(1092, 1143, 7, 1, 0, 'Department of History', NULL, 'http://www.maastrichtuniversity.nl/web/Faculties/FASoS/Theme/AboutTheFaculty/OrganisationalStructure/Departments/History.htm', NULL, NULL, NULL, '2015-05-28 14:23:58', '2015-05-28 21:11:06'),
	(1093, 1052, 107, 1, 0, 'National Archives of the Netherlands', NULL, 'http://www.nationaalarchief.nl', NULL, NULL, NULL, '2015-05-28 14:23:58', '2015-05-28 21:11:06'),
	(1094, 1052, 1, 1, 0, 'Erasmus School of History, Culture and Communication', NULL, 'http://www.eshcc.eur.nl/', NULL, NULL, NULL, '2015-05-28 14:23:58', '2015-05-28 21:11:06'),
	(1095, 1079, 103, 1, 0, 'Department of Social Sciences', NULL, 'http://www.fa.knaw.nl/fa/3vakgroepen-en-disciplines/vakgroep-sociale-wetenschappen', NULL, NULL, NULL, '2015-05-28 14:23:58', '2015-05-28 21:11:06'),
	(1096, NULL, 100, 1, 0, 'Netherlands Organisation for Scientific Research - NWO', NULL, 'http://www.nwo.nl', NULL, NULL, NULL, '2015-05-28 14:23:58', '2015-05-28 21:11:06'),
	(1098, NULL, 101, NULL, 0, 'Technische Universiteit Eindhoven', NULL, 'http://w3.tue.nl', NULL, NULL, NULL, '2015-05-28 14:23:58', '2015-05-28 21:11:06'),
	(1100, 1079, 4, 1, 0, 'Department of  Humanities Computing', NULL, 'http://www.rug.nl/let/informatiekunde', NULL, NULL, NULL, '2015-05-28 14:23:58', '2015-05-28 21:11:06'),
	(1101, 1187, 8, 1, 0, 'Utrecht Institute of Linguistics OTS, Department of LLC', NULL, 'http://www.uu.nl/uilots', NULL, NULL, NULL, '2015-05-28 14:23:58', '2015-05-28 21:11:06'),
	(1102, 1187, 3, 1, 0, 'Donders Centre for Cognition', 'Since October 1992 the Centre for Cognition (then NICI) has been awarded the official status of a Graduate School of the Royal Netherlands Academy of Arts and Sciences (KNAW). The Royal Netherlands Academy of Arts and Sciences renewed DCC\'s accreditation in December 2007', 'http://www.ru.nl/donders/', NULL, NULL, NULL, '2015-05-28 14:23:58', '2015-05-28 21:11:06'),
	(1103, 1187, 9, 1, 0, 'Department of Sociology and Anthropology', NULL, 'http://www.uva.nl/over-de-uva/organisatie/organogram/content/faculteiten/faculteit-der-maatschappij-en-gedragswetenschappen/afdeling-sociologie-en-antropologie/soca.html', NULL, NULL, NULL, '2015-05-28 14:23:58', '2015-05-28 21:11:06'),
	(1104, 1187, 1, 1, 0, 'Department of Public Health', NULL, 'http://www.erasmusmc.nl/mgz/', NULL, NULL, NULL, '2015-05-28 14:23:58', '2015-05-28 21:11:06'),
	(1105, 1187, 10, 1, 0, 'Leiden University Institute for Philosophy', NULL, 'http://www.hum.leidenuniv.nl/filosofie/', NULL, NULL, NULL, '2015-05-28 14:23:58', '2015-05-28 21:11:06'),
	(1107, 1187, 3, 1, 0, 'Department of Greek and Latin Languages and Cultures', NULL, 'http://www.ru.nl/gltc/', NULL, NULL, NULL, '2015-05-28 14:23:58', '2015-05-28 21:11:06'),
	(1108, 1187, 3, 1, 0, 'Department of Literary and Cultural Studies', NULL, 'http://www.ru.nl/acw', NULL, NULL, NULL, '2015-05-28 14:23:58', '2015-05-28 21:11:06'),
	(1109, 1187, 3, 1, 0, 'Department of Dutch language and culture', NULL, 'http://www.ru.nl/nederlands/', NULL, NULL, NULL, '2015-05-28 14:23:58', '2015-05-28 21:11:06'),
	(1110, 1187, 9, 1, 0, 'Arts', NULL, 'http://www.let.vu.nl/', NULL, NULL, NULL, '2015-05-28 14:23:58', '2015-05-28 21:11:06'),
	(1111, 1187, 3, 1, 0, 'Department of Cognitive Neuroscience', NULL, 'http://www.ru.nl/mbphysics/', NULL, NULL, NULL, '2015-05-28 14:23:58', '2015-05-28 21:11:06'),
	(1112, NULL, 10, 1, 0, 'Naturalis Biodiversity Center', NULL, 'http://www.naturalis.nl', NULL, NULL, NULL, '2015-05-28 14:23:58', '2015-05-28 21:11:06'),
	(1113, NULL, 101, 1, 0, 'Fontys Colleges of Professional Education', NULL, 'http://www.fontys.nl', NULL, NULL, NULL, '2015-05-28 14:23:58', '2015-05-28 21:11:06'),
	(1114, 1187, 4, 1, 0, 'Department Theory & History of Psychology', NULL, 'http://www.rug.nl/gmw/psychology/', NULL, NULL, NULL, '2015-05-28 14:23:58', '2015-05-28 21:11:06'),
	(1115, 1187, 9, 1, 0, 'Media Studies', NULL, 'http://www.mediastudies.nl', NULL, NULL, NULL, '2015-05-28 14:23:58', '2015-05-28 21:11:06'),
	(1116, 1143, 7, 1, 0, 'Department of Literature and Art', NULL, 'http://www.maastrichtuniversity.nl/web/Faculties/FASoS/Theme/AboutTheFaculty/OrganisationalStructure/Departments/LiteratureArt.htm', NULL, NULL, NULL, '2015-05-28 14:23:58', '2015-05-28 21:11:06'),
	(1117, 1143, 108, 1, 0, 'Section of Philosophy', NULL, 'http://www.fil.tbm.tudelft.nl/', NULL, NULL, NULL, '2015-05-28 14:23:58', '2015-05-28 21:11:06'),
	(1118, 1143, 101, 1, 0, 'Information Systems group', NULL, 'http://www.tue.nl/universiteit/faculteiten/industrial-engineering-innovation-sciences/onderzoek/onderzoeksgroepen/information-systems/', NULL, NULL, NULL, '2015-05-28 14:23:58', '2015-05-28 21:11:06'),
	(1119, 1143, 9, 1, 0, 'Logic and Language (LLA)', NULL, NULL, NULL, NULL, NULL, '2015-05-28 14:23:58', '2015-05-28 21:11:06'),
	(1120, 1143, 3, 1, 0, 'Radboud Teachers Academy', 'Voorheen Instituut voor Leraar en School - ILS.', 'http://www.ru.nl/docentenacademie', NULL, NULL, NULL, '2015-05-28 14:23:58', '2015-05-28 21:11:06'),
	(1121, 1143, 8, 1, 0, 'Remedial Education : cognitive and health problems', NULL, 'http://www.uu.nl/faculty/socialsciences/NL/organisatie/Departementen/pedowk/organisatie/Pedagogiek/Pages/default.aspx', NULL, NULL, NULL, '2015-05-28 14:23:58', '2015-05-28 21:11:06'),
	(1122, 1110, 9, 1, 0, 'Department of History', NULL, 'http://www.let.vu.nl/', NULL, NULL, NULL, '2015-05-28 14:23:58', '2015-05-28 21:11:06'),
	(1123, 1110, 1, 1, 0, 'Department of Practical Philosophy', NULL, NULL, NULL, NULL, NULL, '2015-05-28 14:23:58', '2015-05-28 21:11:06'),
	(1124, NULL, 3, 1, 0, 'St. Martin Clinic', NULL, 'http://www.maartenskliniek.nl/', NULL, NULL, NULL, '2015-05-28 14:23:58', '2015-05-28 21:11:06'),
	(1125, 1187, 8, 1, 0, 'Institute for Cultural Inquiry', NULL, 'http://www.uu.nl/faculty/humanities/NL/Onderzoek/onderzoekinstituten/icon', NULL, NULL, NULL, '2015-05-28 14:23:58', '2015-05-28 21:11:06'),
	(1126, 1187, 4, 1, 0, 'Research School of Behavioural and Cognitive Neurosciences (BCN)', NULL, 'http://www.rug.nl/bcn', NULL, NULL, NULL, '2015-05-28 14:23:58', '2015-05-28 21:11:06'),
	(1127, 1189, 3, 1, 0, 'Philosophy and Science Studies', NULL, 'http://www.ru.nl/science/isis/about-isis/organization/philosophy-science/', NULL, NULL, NULL, '2015-05-28 14:23:58', '2015-05-28 21:11:06'),
	(1128, 1086, 100, 1, 0, 'Huygens Institute for the History of the Netherlands', NULL, 'http://www.huygens.knaw.nl/', NULL, NULL, NULL, '2015-05-28 14:23:58', '2015-05-28 21:11:06'),
	(1129, 10, 9, 1, 0, 'Faculty of Theology', NULL, 'http://www.godgeleerdheid.vu.nl/', NULL, NULL, NULL, '2015-05-28 14:23:58', '2015-05-28 21:11:06'),
	(1130, 10, 10, 1, 0, 'Faculty of Archaeology', NULL, 'http://www.archeologie.leidenuniv.nl', NULL, NULL, NULL, '2015-05-28 14:23:58', '2015-05-28 21:11:06'),
	(1131, 10, 1, 1, 0, 'Faculty of Social Sciences', NULL, 'http://www.eur.nl/fsw/', NULL, NULL, NULL, '2015-05-28 14:23:58', '2015-05-28 21:11:06'),
	(1132, 10, 9, 1, 0, 'Institute for Logic, Language and Computation', NULL, 'http://www.illc.uva.nl', NULL, NULL, NULL, '2015-05-28 14:23:58', '2015-05-28 21:11:06'),
	(1133, 10, 4, 1, 0, 'Centre for Language and Cognition Groningen - CLCG', 'CLCG consists of six research groups, organized by subdiscipline: Computational Linguistics (Prof. dr. G.J.M. van Noord, coördinator); Discourse and Communication (Prof. dr. Carel Jansen, coördinator); Language Variation and Language Change (Dr. B. de Jnoge, coördinator); Language and literacy development across the life span (Prof. dr. C.M. de Glopper, coördinator); Neurolinguistics (Prof. dr. Y.R.M. Bastiaanse, coördinator); Syntax and Semantics (Dr. M. de Vries, coördinator)', 'http://www.rug.nl/research/clcg/', NULL, NULL, NULL, '2015-05-28 14:23:58', '2015-05-28 21:11:06'),
	(1134, 10, 4, 1, 0, 'The Groningen Research Institute for the Study of Culture - ICOG', NULL, 'http://www.rug.nl/research/icog', NULL, NULL, NULL, '2015-05-28 14:23:58', '2015-05-28 21:11:06'),
	(1135, 10, 8, 1, 0, 'Netherlands Graduate School of Linguistics', NULL, 'http://www.lotschool.nl', NULL, NULL, NULL, '2015-05-28 14:23:58', '2015-05-28 21:11:06'),
	(1136, 10, 8, 1, 0, 'Netherlands School for Advanced Studies in Theology and Religion', NULL, 'http://www.noster.org/', NULL, NULL, NULL, '2015-05-28 14:23:58', '2015-05-28 21:11:06'),
	(1137, 10, 4, 1, 0, 'Netherlands Research School for Medieval Studies', 'Vanuit de zes participerende universiteiten wordt aan de school deelgenomen door ca. 90 onderzoekers in vaste dienst (ca. 30 fte), ca. 30 promovendi en ca. 15 postdocs. De school houdt ca. 900 onderzoekers op het gebied van de mediëvistiek in Nederland en Vlaanderen op de hoogte van haar activiteiten en verzorgt een nationale en internationale mediëvistische agenda', 'http://www.medievistiek.nl/', NULL, NULL, NULL, '2015-05-28 14:23:58', '2015-05-28 21:11:06'),
	(1138, 7, 7, 1, 0, 'Netherlands Graduate School of Science, Technology and Modern Culture', NULL, 'http://www.wtmc.eu', NULL, NULL, NULL, '2015-05-28 14:23:58', '2015-05-28 21:11:06'),
	(1139, 7, 108, 1, 0, 'Advanced School for Computing and Imaging - ASCI', 'In de onderzoekschool ASCI wordt deelgenomen door de Technische Universiteit Delft, de Universiteit van Amsterdam, de Vrije Universiteit, de Universiteit Leiden, de Universiteit Utrecht en de Universiteit Twente. De Technische Universiteit Eindhoven, de Rijksuniversiteit Groningen, de Erasmus Universiteit Rotterdam en de Radboud Universiteit Nijmegen participeren middels een associatie-overeenkomst.', 'http://www.asci.tudelft.nl', NULL, NULL, NULL, '2015-05-28 14:23:58', '2015-05-28 21:11:06'),
	(1140, 1125, 8, 1, 0, 'Genderstudies', NULL, 'http:// www.genderstudies.nl', NULL, NULL, NULL, '2015-05-28 14:23:58', '2015-05-28 21:11:06'),
	(1141, 1125, 9, 1, 0, 'Amsterdam School for Cultural Analysis (ASCA)', 'Totale fte. vaste staf: 33,85. Verder 73 promovendi (54,75 fte en 77 externe promovendi', 'http://asca.uva.nl/', NULL, NULL, NULL, '2015-05-28 14:23:58', '2015-05-28 21:11:06'),
	(1142, 1125, 9, 1, 0, 'Philosophy', NULL, 'http://www.wijsbegeerte.vu.nl', NULL, NULL, NULL, '2015-05-28 14:23:58', '2015-05-28 21:11:06'),
	(1143, 7, 7, 1, 0, 'Faculty of Arts and Social Sciences', NULL, 'http://www.maastrichtuniversity.nl/web/show/id=107489/langid=42', NULL, NULL, NULL, '2015-05-28 14:23:58', '2015-05-28 21:11:06'),
	(1144, 1187, 8, 1, 0, 'Department of Philosophy and Religious Studies', NULL, 'http://www.hum.uu.nl/', NULL, NULL, NULL, '2015-05-28 14:23:58', '2015-05-28 21:11:06'),
	(1145, 1187, 3, 1, 0, 'Department of Communication and Information Studies', NULL, 'http://www.ru.nl/ciw-bc/', NULL, NULL, NULL, '2015-05-28 14:23:58', '2015-05-28 21:11:06'),
	(1146, 1187, 10, 1, 0, 'Leiden University Centre for the Study of Religion (LUCSoR)', NULL, 'http://www.hum.leiden.edu/lias/lucsor/', NULL, NULL, NULL, '2015-05-28 14:23:58', '2015-05-28 21:11:06'),
	(1147, 1187, 102, 1, 0, 'CTIT', 'The institute maintains an extensive international network of contacts and working relations with academia and industry. This network includes ICT and manufacturing companies, universities and research institutes, healthcare organisations, governmental organisations, and logistics service providers. The ties within the Netherlands with Embedded Systems Institute (ESI), TNO ICT, Novay, CWI, and also with more application-oriented organizations such as the rehabilitation centre t Roessingh are stronger than ever. The recognition among these institutes that we need each other to cover the whole innovation chain, each with our own expertise, is there. This unique multi-disciplinary approach makes CTIT an attractive partner in research. Together with the three technical universities in the Netherlands, CTIT is one of the founding fathers of the Netherlands Institute for Research on ICT (NIRICT); this institute bundles the ICT research and innovation activities of the three Universities of Technology in the Netherlands. NIRICT is core-member of EIT.ICT Labs. EIT ICT Labs is a new initiative intended to turn Europe into the global leader in ICT innovation. It aims to fulfill this mission by establishing a new type of partnership between leading companies, research centres, and universities in Europe.', 'http://www.ctit.utwente.nl/', NULL, NULL, NULL, '2015-05-28 14:23:58', '2015-05-28 21:11:06'),
	(1148, 1187, 3, 1, 0, 'Faculty of Science', NULL, 'http://www.ru.nl/fnwi/', NULL, NULL, NULL, '2015-05-28 14:23:58', '2015-05-28 21:11:06'),
	(1149, 1187, 3, 1, 0, 'Centre for Language Studies', 'Research staff: 116; PhD students: 64; Support staff: 21', 'http://www.ru.nl/cls/', NULL, NULL, NULL, '2015-05-28 14:23:58', '2015-05-28 21:11:06'),
	(1150, NULL, 102, 1, 0, 'Novay', NULL, 'http://www.novay.nl', NULL, NULL, NULL, '2015-05-28 14:23:58', '2015-05-28 21:11:06'),
	(1151, 1187, 3, 1, 0, 'Institute for Historical, Literary and Cultural Studies - HLCS', NULL, 'http://www.ru.nl/hlcs/', NULL, NULL, NULL, '2015-05-28 14:23:58', '2015-05-28 21:11:06'),
	(1152, 1143, 7, 1, 0, 'Research Institute for Arts and Social Sciences', 'Het personeel is ondergebracht bij de Faculteit der Cultuur- en Maatschappijwetenschappen. Zie aldaar voor de financiële en personele gegevens.', 'http://www.maastrichtuniversity.nl/web/Faculties/FASoS/Theme/ResearchPortal1.htm', NULL, NULL, NULL, '2015-05-28 14:23:58', '2015-05-28 21:11:06'),
	(1153, 1143, 3, 1, 0, 'Department of Rehabilitation', NULL, 'http://www.umcn.nl/zorg/afdelingen/revalidatie/Pages/default.aspx', NULL, NULL, NULL, '2015-05-28 14:23:58', '2015-05-28 21:11:06'),
	(1154, 1143, 7, 1, 0, 'Department of Technology and Society Studies', NULL, 'http://www.maastrichtuniversity.nl/web/Faculties/FASoS/Theme/AboutTheFaculty/OrganisationalStructure/Departments/TechnologySocietyStudies.htm', NULL, NULL, NULL, '2015-05-28 14:23:58', '2015-05-28 21:11:06'),
	(1155, 1143, 9, 1, 0, 'History', NULL, NULL, NULL, NULL, NULL, '2015-05-28 14:23:58', '2015-05-28 21:11:06'),
	(1156, 1143, 9, 1, 0, 'Art History', NULL, 'http://www.uva.nl/disciplines/kunstgeschiedenis', NULL, NULL, NULL, '2015-05-28 14:23:58', '2015-05-28 21:11:06'),
	(1157, 1143, 9, 1, 0, 'Linguistics', NULL, NULL, NULL, NULL, NULL, '2015-05-28 14:23:58', '2015-05-28 21:11:06'),
	(1158, 1067, 101, 1, 0, 'Section of Algorithms and Visualization', NULL, 'http://w3.win.tue.nl/nl/onderzoek/onderzoek_informatica/algorithms_and_visualization/', NULL, NULL, NULL, '2015-05-28 14:23:58', '2015-05-28 21:11:06'),
	(1159, 1067, 9, 1, 0, 'Informatics Institute', NULL, 'http://www.science.uva.nl/ii', NULL, NULL, NULL, '2015-05-28 14:23:58', '2015-05-28 21:11:06'),
	(1160, 1051, 100, 1, 0, 'Netherlands Enterprise Agency RVO.nl', 'V/h Agentschap.nl', 'http://www.rvo.nl', NULL, NULL, NULL, '2015-05-28 14:23:58', '2015-05-28 21:11:06'),
	(1161, 10, NULL, 1, 0, 'Netherlands research school for Information and Knowledge Systems', NULL, 'http://www.siks.nl', NULL, NULL, NULL, '2015-05-28 14:23:58', '2015-05-28 21:11:06'),
	(1162, 10, 10, 1, 0, 'Leiden University Centre for Linguistics - LUCL', '<a href="http://www.hum.leiden.edu/lucl/research/research-projects/">Research projects</a>', 'http://www.lucl.nl/', NULL, NULL, NULL, '2015-05-28 14:23:58', '2015-05-28 21:11:06'),
	(1163, 10, NULL, 1, 0, 'Researchgroup Human Media Interaction', NULL, 'http://hmi.ewi.utwente.nl/', NULL, NULL, NULL, '2015-05-28 14:23:58', '2015-05-28 21:11:06'),
	(1164, 1187, 8, 1, 0, 'Department of Languages, Literature and Communication', NULL, NULL, NULL, NULL, NULL, '2015-05-28 14:23:58', '2015-05-28 21:11:06'),
	(1165, 1110, 9, 1, 0, 'Department of Literature and Culture', NULL, 'http://www.let.vu.nl/', NULL, NULL, NULL, '2015-05-28 14:23:58', '2015-05-28 21:11:06'),
	(1166, 1110, 9, 1, 0, 'Section Artificial Intelligence', NULL, 'http://www.cs.vu.nl/ai/index-en.html', NULL, NULL, NULL, '2015-05-28 14:23:58', '2015-05-28 21:11:06'),
	(1167, 1110, 4, 1, 0, 'Artificial Intelligence & Cognitive Engineering', NULL, 'http://www.rug.nl/ai/', NULL, NULL, NULL, '2015-05-28 14:23:58', '2015-05-28 21:11:06'),
	(1168, 1110, 3, 1, 0, 'Department of Pedagogy: Learning and Development', NULL, 'http://www.ru.nl/pwo', NULL, NULL, NULL, '2015-05-28 14:23:58', '2015-05-28 21:11:06'),
	(1169, 1110, 1, 1, 0, 'Erasmus Research Institute of Management - ERIM', NULL, 'http://www.erim.nl', NULL, NULL, NULL, '2015-05-28 14:23:58', '2015-05-28 21:11:06'),
	(1170, 1110, 108, 1, 0, 'Department of Intelligent Systems - INSY', NULL, 'http://mm.ewi.tudelft.nl/', NULL, NULL, NULL, '2015-05-28 14:23:58', '2015-05-28 21:11:06'),
	(1171, 1110, 10, 1, 0, 'Leiden University Centre for the Arts in Society (LUCAS)', 'Voorheen Leids Universitair Instituut voor Culturele Disciplines; per 1-9-2012 Leiden University Centre for the Arts in Society (LUCAS)', 'http://www.hum.leidenuniv.nl/icd/', NULL, NULL, NULL, '2015-05-28 14:23:58', '2015-05-28 21:11:06'),
	(1172, NULL, 9, 1, 0, 'Hogeschool van Amsterdam, University of Applied Sciences', NULL, 'http://www.hva.nl/', NULL, NULL, NULL, '2015-05-28 14:23:58', '2015-05-28 21:11:06'),
	(1173, 1110, 9, 1, 0, 'Amsterdam Center for Language and Communication (ACLC)', NULL, 'http://aclc.uva.nl/', NULL, NULL, NULL, '2015-05-28 14:23:58', '2015-05-28 21:11:06'),
	(1174, 1110, 8, 1, 0, 'University College Utrecht - UCU', NULL, 'http://www.uu.nl/ucu', NULL, NULL, NULL, '2015-05-28 14:23:58', '2015-05-28 21:11:06'),
	(1175, 1110, 9, 1, 0, 'Section Business, Web & Media', NULL, 'http://www.cs.vu.nl/bi/index-en.html', NULL, NULL, NULL, '2015-05-28 14:23:58', '2015-05-28 21:11:06'),
	(1176, 1110, 9, 1, 0, 'Department of Communication science', NULL, 'http://www.fsw.vu.nl/nl/wetenschappelijke-afdelingen/communicatiewetenschap/index.asp', NULL, NULL, NULL, '2015-05-28 14:23:58', '2015-05-28 21:11:06'),
	(1177, 1110, 8, 1, 0, 'Department of Physical Geography', NULL, 'http://www.geog.uu.nl/fg/', NULL, NULL, NULL, '2015-05-28 14:23:58', '2015-05-28 21:11:06'),
	(1178, 1086, 9, 1, 0, 'The Virtual Knowledge Studio for the Humanities and Social Sciences VKS', '<a href="http://depot.knaw.nl/view/institutes/VKS/">Publicatielijst in KNAW repository </a>', 'http://www.virtualknowledgestudio.nl', NULL, NULL, NULL, '2015-05-28 14:23:58', '2015-05-28 21:11:06'),
	(1179, 1096, 100, 1, 0, 'NWO Council for Physical Sciences', NULL, 'http://www.nwo.nl/nwohome.nsf/pages/NWOP_5U6LGZ', NULL, NULL, NULL, '2015-05-28 14:23:58', '2015-05-28 21:11:06'),
	(1180, 1079, 103, 1, 0, 'Department of History', NULL, 'http://www.fryske-akademy.nl/nl/undersyk/skiednis/', NULL, NULL, NULL, '2015-05-28 14:23:58', '2015-05-28 21:11:06'),
	(1181, 1079, 103, 1, 0, 'Department of Linguistics', NULL, 'http://www.fryske-akademy.nl', NULL, NULL, NULL, '2015-05-28 14:23:58', '2015-05-28 21:11:06'),
	(1182, 1079, 5, 1, 0, 'Department of Culture Studies', NULL, 'http://www.tilburguniversity.edu/nl/over-tilburg-university/schools/geesteswetenschappen/dcu/', NULL, NULL, NULL, '2015-05-28 14:23:58', '2015-05-28 21:11:06'),
	(1183, 1079, 3, 1, 0, 'Department of linguistics', NULL, 'http://www.ru.nl/taalwetenschap', NULL, NULL, NULL, '2015-05-28 14:23:58', '2015-05-28 21:11:06'),
	(1184, 1079, 3, 1, 0, 'CSG Centre for Society and the Life Sciences', NULL, 'http://www.society-lifesciences.nl/', NULL, NULL, NULL, '2015-05-28 14:23:58', '2015-05-28 21:11:06'),
	(1185, NULL, 8, 1, 0, 'SurfFoundation', NULL, 'http://http://www.surffoundation.nl', NULL, NULL, NULL, '2015-05-28 14:23:58', '2015-05-28 21:11:06'),
	(1186, 1086, 100, 1, 0, 'Data Archiving & Networked Services DANS', NULL, 'http://www.dans.knaw.nl', NULL, NULL, NULL, '2015-05-28 14:23:58', '2015-05-28 21:11:06'),
	(1187, 1086, 8, 1, 0, 'Faculty of Humanities', NULL, 'http://www.hum.uu.nl/', NULL, NULL, NULL, '2015-05-28 14:23:58', '2015-05-28 21:11:06'),
	(1188, 1086, 3, 1, 0, 'Centre for Language and Speech Technology - CLST', NULL, 'http://www.ru.nl./clst', NULL, NULL, NULL, '2015-05-28 14:23:58', '2015-05-28 21:11:06'),
	(1189, 1148, 3, 1, 0, 'Institute for Science, Innovation and Society - ISIS', NULL, 'http://www.isis.science.ru.nl', NULL, NULL, NULL, '2015-05-28 14:23:58', '2015-05-28 21:11:06'),
	(1190, 1110, 9, 1, 0, 'Department of Language and Communication', NULL, NULL, NULL, NULL, NULL, '2015-05-28 14:23:58', '2015-05-28 21:11:06'),
	(1191, 1110, 3, 1, 0, 'Donders Centre for Neuroscience', NULL, 'http://www.ru.nl/donders/', NULL, NULL, NULL, '2015-05-28 14:23:58', '2015-05-28 21:11:06'),
	(1192, 1110, 108, 1, 0, '3TU.Centre for Ethics and Technology', NULL, 'http://www.ethicsandtechnology.eu/', NULL, NULL, NULL, '2015-05-28 14:23:58', '2015-05-28 21:11:06'),
	(1193, 1187, 8, 1, 0, 'Department of Media en Culture Studies', NULL, 'http://www.hum.uu.nl/', NULL, NULL, NULL, '2015-05-28 14:23:58', '2015-05-28 21:11:06'),
	(1194, 1187, 8, 1, 0, 'Department of History and Art History', NULL, 'http://www.hum.uu.nl/', NULL, NULL, NULL, '2015-05-28 14:23:58', '2015-05-28 21:11:06'),
	(1195, 10, 9, 1, 0, 'Network Institute', NULL, 'http://www.thenetworkinstitute.eu/', NULL, NULL, NULL, '2015-05-28 14:23:58', '2015-05-28 21:11:06'),
	(1196, 10, 9, 1, 0, 'Institute for the Heritage and History of the Cultural Landscape and Urban Environment - CLUE', NULL, 'http://www.clue.nu/', NULL, NULL, NULL, '2015-05-28 14:23:58', '2015-05-28 21:11:06'),
	(1197, 10, 9, 1, 0, 'Amsterdam Brain and Cognition', 'Several research institutes are involved in The Amsterdam Brain and Cognition (ABC) center.; Academic Medical Center (AMC); Amsterdam Center for Language and Communication (ACLC); Center for Research in Experimental Economics and political Decision-making (CREED); Institute for Logic, Language and Computation (ILLC); Psychology Research Institute; Research Institute for Child Development and Education (CDE); Swammerdam Institute for Life Sciences (SILS);', 'http://abc.uva.nl/', NULL, NULL, NULL, '2015-05-28 14:23:59', '2015-05-28 21:11:06'),
	(1198, 10, 5, 1, 0, 'Tilburg center for Cognition and Communication', NULL, 'http://www.tilburguniversity.edu/research/institutes-and-research-groups/ticc/', NULL, NULL, NULL, '2015-05-28 14:23:59', '2015-05-28 21:11:06'),
	(1199, 10, 3, 1, 0, 'Department of Artificial Intelligence', NULL, 'http://www.ru.nl/ai/', NULL, NULL, NULL, '2015-05-28 14:23:59', '2015-05-28 21:11:06'),
	(1200, 10, 3, 1, 0, 'Intelligent Systems', NULL, NULL, NULL, NULL, NULL, '2015-05-28 14:23:59', '2015-05-28 21:11:06'),
	(1201, 1143, 7, 1, 0, 'Maastricht Virtual Knowledge Studio (M- VKS)', 'Opgeheven sinds 2011', 'http://www.fdcw.org/maastrichtvks/', NULL, NULL, NULL, '2015-05-28 14:23:59', '2015-05-28 21:11:06'),
	(1202, 1143, 1, 1, 0, 'Erasmus Virtual Knowledge Studio (Erasmus Studio)', NULL, 'http://www.eur.nl/erasmusstudio/', NULL, NULL, NULL, '2015-05-28 14:23:59', '2015-05-28 21:11:06'),
	(1203, NULL, 109, 1, 0, 'Reformed College of Higher Education', NULL, 'http://www.gereformeerdehogeschool.nl/', NULL, NULL, NULL, '2015-05-28 14:23:59', '2015-05-28 21:11:06'),
	(1204, 1143, 3, 1, 0, 'Department of Psycholinguistics', NULL, NULL, NULL, NULL, NULL, '2015-05-28 14:23:59', '2015-05-28 21:11:06'),
	(1205, 1187, 8, 1, 0, 'Descartes Centre for the History and Philosophy of the Sciences and the Humanities', NULL, 'http://www.uu.nl/descartes-centre/', NULL, NULL, NULL, '2015-05-28 14:23:59', '2015-05-28 21:11:06'),
	(1206, 1096, 9, 1, 0, 'The Netherlands eScience Center - NLeSC', 'The eScience Center is a joint initiative by SURF and NWO and was set up in response to a decision by the Dutch Government.', 'http://www.esciencecenter.nl/', NULL, NULL, NULL, '2015-05-28 14:23:59', '2015-05-28 21:11:06'),
	(1207, 1186, 100, 1, 0, 'DANS Research', NULL, 'http:///www.dans.knaw.nl', NULL, NULL, NULL, '2015-05-28 14:23:59', '2015-05-28 21:11:06'),
	(1208, NULL, 9, 1, 0, 'Meertens', NULL, NULL, NULL, NULL, NULL, '2015-05-31 17:46:13', '2015-05-31 17:46:39'),
	(1209, NULL, NULL, 1, 0, 'E-humanities', NULL, 'http://www.ehumanities.nl', NULL, NULL, NULL, '2015-06-01 13:51:07', '2015-06-01 15:36:00'),
	(1210, NULL, NULL, 1, 0, 'Huygens ING', NULL, 'https://www.huygens.knaw.nl', NULL, NULL, NULL, '2015-06-01 15:36:35', '2015-06-01 16:33:28'),
	(1211, NULL, NULL, 1, 0, 'Koninklijke Nederlandse academie voor Wetenschap', NULL, NULL, NULL, NULL, NULL, '2015-06-01 16:19:51', '2015-06-01 16:33:30'),
	(1212, NULL, NULL, 1, 0, 'NIOD', NULL, NULL, NULL, NULL, NULL, '2015-06-01 16:33:13', '2015-06-01 16:33:31'),
	(1213, NULL, NULL, 1, 0, 'KITLV', NULL, NULL, NULL, NULL, NULL, '2015-06-01 16:33:25', '2015-06-01 16:33:33'),
	(1214, NULL, NULL, 1, 0, 'UvA centre for Digital Humanities', NULL, NULL, NULL, NULL, NULL, '2015-06-01 16:33:55', '2015-06-01 16:35:49'),
	(1215, NULL, NULL, 1, 0, 'KNIR', NULL, NULL, NULL, NULL, NULL, '2015-06-01 16:37:01', '2015-06-01 16:37:01'),
	(1216, NULL, NULL, 1, 0, 'ERC', NULL, NULL, NULL, NULL, NULL, '2015-06-01 16:39:48', '2015-06-01 16:39:48'),
	(1217, NULL, NULL, 1, 0, ' Humanities in the European Research Area (HERA), Partner', NULL, NULL, NULL, NULL, NULL, '2015-06-01 17:02:35', '2015-06-01 17:02:38'),
	(1218, NULL, NULL, 1, 0, 'Rijksmuseum', NULL, NULL, NULL, NULL, NULL, '2015-06-01 17:02:57', '2015-06-01 17:02:57'),
	(1219, NULL, NULL, 1, 0, 'European Research Council (ERC)', NULL, NULL, NULL, NULL, NULL, '2015-06-01 17:16:38', '2015-06-01 17:16:45'),
	(1220, NULL, NULL, 1, 0, 'Groningen Growth & Development centre', NULL, NULL, NULL, NULL, NULL, '2015-06-01 17:18:42', '2015-06-01 17:18:42'),
	(1221, NULL, NULL, 3, 0, 'Univ. Tübingen', NULL, NULL, NULL, NULL, NULL, '2015-06-01 17:19:29', '2015-06-01 17:20:10'),
	(1222, NULL, NULL, 1, 0, 'EU, e-Content', NULL, NULL, NULL, NULL, NULL, '2015-06-03 13:23:53', '2015-06-03 13:23:53'),
	(1223, NULL, NULL, NULL, 0, 'Elsevier Bibliometrics Programme', NULL, NULL, NULL, NULL, NULL, '2015-06-03 13:26:31', '2015-06-03 13:26:31'),
	(1224, NULL, NULL, NULL, 0, 'Spinque', NULL, NULL, NULL, NULL, NULL, '2015-06-03 13:26:39', '2015-06-03 13:26:39'),
	(1225, NULL, NULL, 1, 0, 'Nederlandse Taalunie', NULL, NULL, NULL, NULL, NULL, '2015-06-03 13:27:39', '2015-06-03 13:27:39'),
	(1226, NULL, NULL, 11, 0, 'Arts & Humanities Research Council', NULL, NULL, NULL, NULL, NULL, '2015-06-03 13:28:30', '2015-06-03 13:28:59'),
	(1227, NULL, NULL, 11, 0, 'Manchester Metropolitan University', NULL, NULL, NULL, NULL, NULL, '2015-06-03 13:29:06', '2015-06-03 13:29:06'),
	(1228, NULL, NULL, 1, 0, 'Veteraneninstituut', NULL, NULL, NULL, NULL, NULL, '2015-06-03 13:31:50', '2015-06-03 13:36:30'),
	(1229, NULL, NULL, NULL, 0, 'European Union', NULL, NULL, NULL, NULL, NULL, '2015-06-03 13:35:51', '2015-06-03 13:35:51'),
	(1230, NULL, NULL, NULL, 0, 'Circa', NULL, NULL, NULL, NULL, NULL, '2015-06-03 13:36:27', '2015-06-03 13:36:27'),
	(1231, NULL, NULL, 1, 0, 'INL (Institute for Dutch Lexicology)', NULL, NULL, NULL, NULL, NULL, '2015-06-03 13:37:45', '2015-06-03 13:37:45'),
	(1232, NULL, NULL, 1, 0, 'Netherlands Institute for Sound and Vision', NULL, NULL, NULL, NULL, NULL, '2015-06-03 13:39:31', '2015-06-03 13:39:31'),
	(1233, NULL, NULL, 1, 0, 'Het Scheepvaartmuseum', NULL, NULL, NULL, NULL, NULL, '2015-06-03 13:40:14', '2015-06-03 13:40:14'),
	(1234, NULL, NULL, NULL, 0, 'Geodan', NULL, NULL, NULL, NULL, NULL, '2015-06-03 13:40:25', '2015-06-03 13:40:25'),
	(1235, NULL, NULL, 1, 0, 'Rutgers', NULL, NULL, NULL, NULL, NULL, '2015-06-03 13:46:15', '2015-06-03 13:46:15'),
	(1236, NULL, NULL, 12, 0, 'Stanford University', NULL, NULL, NULL, NULL, NULL, '2015-06-03 13:48:07', '2015-06-03 13:53:25'),
	(1237, NULL, NULL, NULL, 0, 'SURF', NULL, NULL, NULL, NULL, NULL, '2015-06-03 13:48:17', '2015-06-03 13:48:17'),
	(1238, NULL, NULL, 11, 0, 'London School of Economics and Political Science', NULL, NULL, NULL, NULL, NULL, '2015-06-03 13:53:01', '2015-06-03 13:53:01'),
	(1239, NULL, NULL, 6, 0, 'University of Bologna', NULL, NULL, NULL, NULL, NULL, '2015-06-03 13:53:08', '2015-06-03 13:53:27'),
	(1240, NULL, NULL, 1, 0, 'Van Gogh Museum', NULL, NULL, NULL, NULL, NULL, '2015-06-03 13:54:38', '2015-06-03 13:54:38'),
	(1241, NULL, NULL, 1, 0, 'NWO-Begrijpelijke taal, Partners: UVA', NULL, NULL, NULL, NULL, NULL, '2015-06-03 13:55:39', '2015-06-03 13:55:39'),
	(1242, NULL, NULL, NULL, 0, ' Dutch University Institute for Art History Florence', NULL, NULL, NULL, NULL, NULL, '2015-06-03 13:56:42', '2015-06-03 13:56:42'),
	(1243, NULL, NULL, 1, 0, 'Vereniging Middeleeuwse artes literatuur', NULL, NULL, NULL, NULL, NULL, '2015-06-03 13:56:58', '2015-06-03 13:56:58'),
	(1244, NULL, NULL, 1, 0, 'CLARIN', NULL, NULL, NULL, NULL, NULL, '2015-06-03 14:33:51', '2015-06-03 14:33:51'),
	(1245, NULL, NULL, 1, 0, ' Humanities in the European Research Area (HERA)', NULL, NULL, NULL, NULL, NULL, '2015-06-03 14:38:21', '2015-06-03 14:38:21'),
	(1246, NULL, NULL, 1, 0, 'Trier University', NULL, NULL, NULL, NULL, NULL, '2015-06-03 14:40:29', '2015-06-03 14:40:29'),
	(1247, NULL, NULL, 1, 0, 'Universty College London', NULL, NULL, NULL, NULL, NULL, '2015-06-03 14:40:46', '2015-06-03 14:41:36'),
	(1248, NULL, NULL, 1, 0, 'KNAW', NULL, NULL, NULL, NULL, NULL, '2015-06-04 16:38:49', '2015-06-04 16:38:49'),
	(1249, NULL, NULL, 1, 0, 'UvA centre for digital humanities', NULL, NULL, NULL, NULL, NULL, '2015-06-05 15:08:56', '2015-06-06 12:02:36'),
	(1250, NULL, NULL, 1, 0, 'NSF', NULL, NULL, NULL, NULL, NULL, '2015-06-06 12:02:34', '2015-06-06 12:02:41'),
	(1251, NULL, NULL, NULL, 0, 'Free University of Berlin', NULL, NULL, NULL, NULL, NULL, '2015-06-06 12:27:55', '2015-06-06 12:27:55'),
	(1252, NULL, NULL, 1, 0, 'University of Bologna', NULL, NULL, NULL, NULL, NULL, '2015-06-06 12:36:31', '2015-06-06 12:36:41'),
	(1253, NULL, NULL, NULL, 0, 'NIKI', NULL, NULL, NULL, NULL, NULL, '2015-06-06 12:43:52', '2015-06-06 12:43:52');
/*!40000 ALTER TABLE `institutions` ENABLE KEYS */;


-- Exportiere Struktur von Tabelle dhregistry.institution_external_identifiers
DROP TABLE IF EXISTS `institution_external_identifiers`;
CREATE TABLE IF NOT EXISTS `institution_external_identifiers` (
  `id` int(11) NOT NULL AUTO_INCREMENT,
  `institution_id` int(11) NOT NULL,
  `external_identifier_type_id` int(11) NOT NULL,
  `identifier` varchar(255) COLLATE utf8_unicode_ci NOT NULL,
  PRIMARY KEY (`id`),
  KEY `FK_project_external_identifiers_projects` (`institution_id`),
  KEY `FK_project_external_identifiers_external_identifier_types` (`external_identifier_type_id`),
  CONSTRAINT `institution_external_identifiers_ibfk_1` FOREIGN KEY (`external_identifier_type_id`) REFERENCES `external_identifier_types` (`id`) ON UPDATE CASCADE,
  CONSTRAINT `institution_external_identifiers_ibfk_2` FOREIGN KEY (`institution_id`) REFERENCES `institutions` (`id`) ON UPDATE CASCADE
) ENGINE=InnoDB AUTO_INCREMENT=159 DEFAULT CHARSET=utf8 COLLATE=utf8_unicode_ci ROW_FORMAT=COMPACT;

-- Exportiere Daten aus Tabelle dhregistry.institution_external_identifiers: ~158 rows (ungefähr)
/*!40000 ALTER TABLE `institution_external_identifiers` DISABLE KEYS */;
INSERT INTO `institution_external_identifiers` (`id`, `institution_id`, `external_identifier_type_id`, `identifier`) VALUES
	(1, 1050, 6, 'ORG1234721'),
	(2, 1051, 6, 'ORG1234875'),
	(3, 1052, 6, 'ORG1234888'),
	(4, 1053, 6, 'ORG1234994'),
	(5, 1054, 6, 'ORG1235000'),
	(6, 1055, 6, 'ORG1235107'),
	(7, 1056, 6, 'ORG1235252'),
	(8, 1057, 6, 'ORG1235293'),
	(9, 1058, 6, 'ORG1235324'),
	(10, 1059, 6, 'ORG1235334'),
	(11, 1060, 6, 'ORG1235380'),
	(12, 1061, 6, 'ORG1235384'),
	(13, 1062, 6, 'ORG1235496'),
	(14, 1063, 6, 'ORG1235502'),
	(15, 1064, 6, 'ORG1235539'),
	(16, 1065, 6, 'ORG1235551'),
	(17, 1066, 6, 'ORG1235552'),
	(18, 1067, 6, 'ORG1235569'),
	(19, 1068, 6, 'ORG1235573'),
	(20, 1069, 6, 'ORG1235615'),
	(21, 1070, 6, 'ORG1235622'),
	(22, 1071, 6, 'ORG1235802'),
	(23, 1072, 6, 'ORG1235806'),
	(24, 1073, 6, 'ORG1235827'),
	(25, 1074, 6, 'ORG1235905'),
	(26, 1075, 6, 'ORG1235927'),
	(27, 1076, 6, 'ORG1236015'),
	(28, 1077, 6, 'ORG1236041'),
	(29, 1078, 6, 'ORG1236046'),
	(30, 1079, 6, 'ORG1236071'),
	(31, 1080, 6, 'ORG1236095'),
	(32, 1081, 6, 'ORG1236125'),
	(33, 1082, 6, 'ORG1236126'),
	(34, 1083, 6, 'ORG1236127'),
	(35, 1084, 6, 'ORG1236130'),
	(36, 1085, 6, 'ORG1236139'),
	(37, 1086, 6, 'ORG1236141'),
	(38, 1087, 6, 'ORG1236169'),
	(39, 1088, 6, 'ORG1236212'),
	(40, 1089, 6, 'ORG1236221'),
	(41, 1090, 6, 'ORG1236280'),
	(42, 1091, 6, 'ORG1236392'),
	(43, 1092, 6, 'ORG1236560'),
	(44, 1093, 6, 'ORG1236575'),
	(45, 1094, 6, 'ORG1236671'),
	(46, 1095, 6, 'ORG1236676'),
	(47, 1096, 6, 'ORG1236737'),
	(48, 5, 6, 'ORG1236840'),
	(49, 1098, 6, 'ORG1236850'),
	(50, 10, 6, 'ORG1236852'),
	(51, 1100, 6, 'ORG1236859'),
	(52, 1101, 6, 'ORG1236860'),
	(53, 1102, 6, 'ORG1236941'),
	(54, 1103, 6, 'ORG1236947'),
	(55, 1104, 6, 'ORG1236965'),
	(56, 1105, 6, 'ORG1236966'),
	(57, 7, 6, 'ORG1236972'),
	(58, 1107, 6, 'ORG1236983'),
	(59, 1108, 6, 'ORG1236984'),
	(60, 1109, 6, 'ORG1236986'),
	(61, 1110, 6, 'ORG1237007'),
	(62, 1111, 6, 'ORG1237009'),
	(63, 1112, 6, 'ORG1237029'),
	(64, 1113, 6, 'ORG1237099'),
	(65, 1114, 6, 'ORG1237205'),
	(66, 1115, 6, 'ORG1237292'),
	(67, 1116, 6, 'ORG1237297'),
	(68, 1117, 6, 'ORG1237307'),
	(69, 1118, 6, 'ORG1237336'),
	(70, 1119, 6, 'ORG1237431'),
	(71, 1120, 6, 'ORG1237466'),
	(72, 1121, 6, 'ORG1237506'),
	(73, 1122, 6, 'ORG1237529'),
	(74, 1123, 6, 'ORG1237532'),
	(75, 1124, 6, 'ORG1237556'),
	(76, 1125, 6, 'ORG1237620'),
	(77, 1126, 6, 'ORG1237627'),
	(78, 1127, 6, 'ORG1237690'),
	(79, 1128, 6, 'ORG1237758'),
	(80, 1129, 6, 'ORG1237764'),
	(81, 1130, 6, 'ORG1237767'),
	(82, 1131, 6, 'ORG1237809'),
	(83, 1132, 6, 'ORG1237810'),
	(84, 1133, 6, 'ORG1237939'),
	(85, 1134, 6, 'ORG1237941'),
	(86, 1135, 6, 'ORG1237958'),
	(87, 1136, 6, 'ORG1237965'),
	(88, 1137, 6, 'ORG1237968'),
	(89, 1138, 6, 'ORG1237972'),
	(90, 1139, 6, 'ORG1237993'),
	(91, 1140, 6, 'ORG1238030'),
	(92, 1141, 6, 'ORG1238037'),
	(93, 1142, 6, 'ORG1238079'),
	(94, 1143, 6, 'ORG1238082'),
	(95, 1144, 6, 'ORG1238085'),
	(96, 1145, 6, 'ORG1238146'),
	(97, 1146, 6, 'ORG1238156'),
	(98, 1147, 6, 'ORG1238173'),
	(99, 1148, 6, 'ORG1238303'),
	(100, 1149, 6, 'ORG1238322'),
	(101, 1150, 6, 'ORG1238340'),
	(102, 1151, 6, 'ORG1238345'),
	(103, 1152, 6, 'ORG1238406'),
	(104, 1153, 6, 'ORG1238530'),
	(105, 1154, 6, 'ORG1238640'),
	(106, 1155, 6, 'ORG1238734'),
	(107, 1156, 6, 'ORG1238738'),
	(108, 1157, 6, 'ORG1238747'),
	(109, 1158, 6, 'ORG1238787'),
	(110, 1159, 6, 'ORG1238822'),
	(111, 1160, 6, 'ORG1238859'),
	(112, 1161, 6, 'ORG1238986'),
	(113, 1162, 6, 'ORG1239000'),
	(114, 1163, 6, 'ORG1239009'),
	(115, 1164, 6, 'ORG1239049'),
	(116, 1165, 6, 'ORG1239057'),
	(117, 1166, 6, 'ORG1239066'),
	(118, 1167, 6, 'ORG1239103'),
	(119, 1168, 6, 'ORG1239161'),
	(120, 1169, 6, 'ORG1239170'),
	(121, 1170, 6, 'ORG1239212'),
	(122, 1171, 6, 'ORG1239552'),
	(123, 1172, 6, 'ORG1239555'),
	(124, 1173, 6, 'ORG1239708'),
	(125, 1174, 6, 'ORG1240044'),
	(126, 1175, 6, 'ORG1240895'),
	(127, 1176, 6, 'ORG1240918'),
	(128, 1177, 6, 'ORG1240926'),
	(129, 1178, 6, 'ORG1241308'),
	(130, 1179, 6, 'ORG1241386'),
	(131, 1180, 6, 'ORG1241515'),
	(132, 1181, 6, 'ORG1241516'),
	(133, 1182, 6, 'ORG1241583'),
	(134, 1183, 6, 'ORG1241648'),
	(135, 1184, 6, 'ORG1241865'),
	(136, 1185, 6, 'ORG1242001'),
	(137, 1186, 6, 'ORG1242054'),
	(138, 1187, 6, 'ORG1242119'),
	(139, 1188, 6, 'ORG1242130'),
	(140, 1189, 6, 'ORG1242370'),
	(141, 1190, 6, 'ORG1242390'),
	(142, 1191, 6, 'ORG1242494'),
	(143, 1192, 6, 'ORG1242740'),
	(144, 1193, 6, 'ORG1242770'),
	(145, 1194, 6, 'ORG1242772'),
	(146, 1195, 6, 'ORG1242872'),
	(147, 1196, 6, 'ORG1242873'),
	(148, 1197, 6, 'ORG1242900'),
	(149, 1198, 6, 'ORG1242927'),
	(150, 1199, 6, 'ORG1242966'),
	(151, 1200, 6, 'ORG1242994'),
	(152, 1201, 6, 'ORG1243197'),
	(153, 1202, 6, 'ORG1243198'),
	(154, 1203, 6, 'ORG1243579'),
	(155, 1204, 6, 'ORG1243751'),
	(156, 1205, 6, 'ORG1243770'),
	(157, 1206, 6, 'ORG1243802'),
	(158, 1207, 6, 'ORG1243949');
/*!40000 ALTER TABLE `institution_external_identifiers` ENABLE KEYS */;


-- Exportiere Struktur von Tabelle dhregistry.institution_roles
DROP TABLE IF EXISTS `institution_roles`;
CREATE TABLE IF NOT EXISTS `institution_roles` (
  `id` int(11) NOT NULL AUTO_INCREMENT,
  `name` varchar(255) NOT NULL,
  PRIMARY KEY (`id`)
) ENGINE=InnoDB AUTO_INCREMENT=5 DEFAULT CHARSET=utf8;

-- Exportiere Daten aus Tabelle dhregistry.institution_roles: ~4 rows (ungefähr)
/*!40000 ALTER TABLE `institution_roles` DISABLE KEYS */;
INSERT INTO `institution_roles` (`id`, `name`) VALUES
	(1, 'Financier'),
	(2, 'Commissioner'),
	(3, 'Secretariat'),
	(4, 'Collaboration');
/*!40000 ALTER TABLE `institution_roles` ENABLE KEYS */;


-- Exportiere Struktur von Tabelle dhregistry.languages
DROP TABLE IF EXISTS `languages`;
CREATE TABLE IF NOT EXISTS `languages` (
  `id` int(11) NOT NULL AUTO_INCREMENT,
  `name` varchar(100) COLLATE utf8_unicode_ci NOT NULL,
  PRIMARY KEY (`id`)
) ENGINE=InnoDB AUTO_INCREMENT=8 DEFAULT CHARSET=utf8 COLLATE=utf8_unicode_ci;

-- Exportiere Daten aus Tabelle dhregistry.languages: ~7 rows (ungefähr)
/*!40000 ALTER TABLE `languages` DISABLE KEYS */;
INSERT INTO `languages` (`id`, `name`) VALUES
	(1, 'Dutch'),
	(2, 'English'),
	(3, 'German'),
	(4, 'French'),
	(5, 'Italian'),
	(6, 'Norwegian'),
	(7, 'Portugese');
/*!40000 ALTER TABLE `languages` ENABLE KEYS */;


-- Exportiere Struktur von Tabelle dhregistry.nwo_disciplines
DROP TABLE IF EXISTS `nwo_disciplines`;
CREATE TABLE IF NOT EXISTS `nwo_disciplines` (
  `id` int(11) NOT NULL AUTO_INCREMENT,
  `name` varchar(255) NOT NULL,
  `description` text,
  PRIMARY KEY (`id`)
) ENGINE=InnoDB AUTO_INCREMENT=32 DEFAULT CHARSET=utf8;

-- Exportiere Daten aus Tabelle dhregistry.nwo_disciplines: ~28 rows (ungefähr)
/*!40000 ALTER TABLE `nwo_disciplines` DISABLE KEYS */;
INSERT INTO `nwo_disciplines` (`id`, `name`, `description`) VALUES
	(1, 'History', NULL),
	(2, 'Archeology', NULL),
	(3, 'Literary Studies', NULL),
	(4, 'Cultural Studies', NULL),
	(5, 'Heritage Studies', NULL),
	(6, 'Computer Science', NULL),
	(7, 'Computanional Linguistics', NULL),
	(8, 'Formal Semantics', NULL),
	(9, 'Psycholinguistics', NULL),
	(10, 'Game Studies', NULL),
	(11, 'Art History', NULL),
	(12, 'Social History', NULL),
	(13, 'Musicology', NULL),
	(14, 'Information Science', NULL),
	(15, 'Ethnology', NULL),
	(16, 'Linguistics', NULL),
	(17, 'Media Studies', NULL),
	(18, 'Theatre Studies', NULL),
	(19, 'Political Science', NULL),
	(20, 'Cognitive Science', NULL),
	(21, 'Gender Studies', NULL),
	(22, 'Political Communication', NULL),
	(23, 'European Studies', NULL),
	(24, 'Religion Studies and Theology', NULL),
	(25, 'Philosophy', NULL),
	(26, 'Language and Literature', NULL),
	(27, 'Area Studies', NULL),
	(28, 'Heritage Studies', NULL);
/*!40000 ALTER TABLE `nwo_disciplines` ENABLE KEYS */;


-- Exportiere Struktur von Tabelle dhregistry.people
DROP TABLE IF EXISTS `people`;
CREATE TABLE IF NOT EXISTS `people` (
  `id` int(11) NOT NULL AUTO_INCREMENT,
  `user_id` int(11) DEFAULT NULL,
  `first_name` varchar(255) COLLATE utf8_unicode_ci DEFAULT NULL,
  `initials` varchar(255) COLLATE utf8_unicode_ci DEFAULT NULL,
  `name` varchar(255) COLLATE utf8_unicode_ci NOT NULL,
  `title` varchar(255) COLLATE utf8_unicode_ci DEFAULT NULL,
  `email` varchar(255) COLLATE utf8_unicode_ci DEFAULT NULL,
  `created` datetime DEFAULT NULL,
  `updated` datetime DEFAULT NULL,
  PRIMARY KEY (`id`),
  KEY `FK__users` (`user_id`),
  CONSTRAINT `FK__users` FOREIGN KEY (`user_id`) REFERENCES `users` (`id`) ON UPDATE CASCADE
) ENGINE=InnoDB AUTO_INCREMENT=369 DEFAULT CHARSET=utf8 COLLATE=utf8_unicode_ci;

-- Exportiere Daten aus Tabelle dhregistry.people: ~257 rows (ungefähr)
/*!40000 ALTER TABLE `people` DISABLE KEYS */;
INSERT INTO `people` (`id`, `user_id`, `first_name`, `initials`, `name`, `title`, `email`, `created`, `updated`) VALUES
	(1, NULL, NULL, 'G.A.', 'van der Wal', 'Prof.dr.', NULL, '2015-05-26 01:44:59', '2015-05-26 01:44:59'),
	(2, NULL, NULL, 'H.P.', 'Barendregt', 'Prof.dr.', NULL, '2015-05-26 01:44:59', '2015-05-26 01:44:59'),
	(3, NULL, NULL, 'H.C.', 'Bunt', 'Prof.dr.', NULL, '2015-05-26 01:44:59', '2015-05-26 01:44:59'),
	(4, NULL, NULL, 'L.G.M.', 'Noordman', 'Prof.dr.', NULL, '2015-05-26 01:44:59', '2015-05-26 01:44:59'),
	(5, NULL, NULL, 'C.C.A.M.', 'Gielen', 'Prof.dr.', NULL, '2015-05-26 01:44:59', '2015-05-26 01:44:59'),
	(6, NULL, NULL, 'M.H.', 'Overmars', 'Prof.dr.', NULL, '2015-05-26 01:44:59', '2015-05-26 01:44:59'),
	(7, NULL, NULL, 'L.W.J.', 'Boves', 'Prof.dr.', NULL, '2015-05-26 01:44:59', '2015-05-26 01:44:59'),
	(8, NULL, NULL, 'A.C.M.', 'Rietveld', 'Prof.dr.', NULL, '2015-05-26 01:44:59', '2015-05-26 01:44:59'),
	(9, NULL, NULL, 'A.', 'Nijholt', 'Prof.dr.ir.', NULL, '2015-05-26 01:44:59', '2015-05-26 01:44:59'),
	(10, NULL, NULL, 'J.', 'Biemond', 'Prof.dr.ir.', NULL, '2015-05-26 01:44:59', '2015-05-26 01:44:59'),
	(11, NULL, NULL, 'R.P.G.', 'Collier', 'Prof.dr.', NULL, '2015-05-26 01:44:59', '2015-05-26 01:44:59'),
	(12, NULL, NULL, 'R.J.H.', 'Scha', 'Prof.dr.ir.', NULL, '2015-05-26 01:44:59', '2015-05-26 01:44:59'),
	(13, NULL, NULL, 'P.Th.', 'van Reenen', 'Prof.dr.', NULL, '2015-05-26 01:44:59', '2015-05-26 01:44:59'),
	(14, NULL, NULL, 'J.', 'Nerbonne', 'Prof.dr.ir.', NULL, '2015-05-26 01:44:59', '2015-05-26 01:44:59'),
	(15, NULL, NULL, 'F.M.G.', 'de Jong', 'Prof.dr.', NULL, '2015-05-26 01:44:59', '2015-05-26 01:44:59'),
	(16, NULL, NULL, 'W.W.', 'Mijnhardt', 'Prof.dr.', NULL, '2015-05-26 01:44:59', '2015-05-26 01:44:59'),
	(17, NULL, NULL, 'J.L.', 'van Zanden', 'Prof.dr.', NULL, '2015-05-26 01:44:59', '2015-05-26 01:44:59'),
	(18, NULL, NULL, 'L.A.', 'Leydesdorff', 'Prof.dr.', NULL, '2015-05-26 01:44:59', '2015-05-26 01:44:59'),
	(19, NULL, NULL, 'G.J.', 'Oostindie', 'Prof.dr.', NULL, '2015-05-26 01:44:59', '2015-05-26 01:44:59'),
	(20, NULL, NULL, 'T.', 'van Willigenburg', 'Dr.', NULL, '2015-05-26 01:44:59', '2015-05-26 01:44:59'),
	(21, NULL, NULL, 'E.S.H.', 'Tan', 'Prof.dr.', NULL, '2015-05-26 01:44:59', '2015-05-26 01:44:59'),
	(22, NULL, NULL, 'M.A.', 'Verkerk', 'Prof.dr.', NULL, '2015-05-26 01:44:59', '2015-05-26 01:44:59'),
	(23, NULL, NULL, 'E.', 'Talstra', 'Prof.dr.', NULL, '2015-05-26 01:44:59', '2015-05-26 01:44:59'),
	(24, NULL, NULL, 'M.', 'Hannay', 'Prof.dr.', NULL, '2015-05-26 01:44:59', '2015-05-26 01:44:59'),
	(25, NULL, NULL, 'A.', 'Cutler', 'Prof.dr.', NULL, '2015-05-26 01:44:59', '2015-05-26 01:44:59'),
	(26, NULL, NULL, 'W.G.J.', 'Duyvendak', 'Prof.dr.', NULL, '2015-05-26 01:44:59', '2015-05-26 01:44:59'),
	(27, NULL, NULL, 'M.J.', 'Schwegman', 'Prof.dr.', NULL, '2015-05-26 01:44:59', '2015-05-26 01:44:59'),
	(28, NULL, NULL, 'W.M.P.', 'Daelemans', 'Prof.dr.', NULL, '2015-05-26 01:44:59', '2015-05-26 01:44:59'),
	(29, NULL, NULL, 'R.A.M.G.', 'van Bezooijen', 'Dr.', NULL, '2015-05-26 01:44:59', '2015-05-26 01:44:59'),
	(30, NULL, NULL, 'H.J.', 'Honing', 'Prof.dr.', NULL, '2015-05-26 01:44:59', '2015-05-26 01:44:59'),
	(31, NULL, NULL, 'A.T.', 'Schreiber', 'Prof.dr.', NULL, '2015-05-26 01:44:59', '2015-05-26 01:44:59'),
	(32, NULL, NULL, 'T.', 'de Graaf', 'Dr.', NULL, '2015-05-26 01:44:59', '2015-05-26 01:44:59'),
	(33, NULL, NULL, 'R.', 'Kuiper', 'Prof.dr.', NULL, '2015-05-26 01:44:59', '2015-05-26 01:44:59'),
	(34, NULL, NULL, 'M.J.', 'van den Hoven', 'Prof.dr.', NULL, '2015-05-26 01:44:59', '2015-05-26 01:44:59'),
	(35, NULL, NULL, 'A.M.J.A.', 'Berkvens', 'Prof.dr.', NULL, '2015-05-26 01:44:59', '2015-05-26 01:44:59'),
	(36, NULL, NULL, 'A.', 'Visser', 'Prof.dr.', NULL, '2015-05-26 01:44:59', '2015-05-26 01:44:59'),
	(37, NULL, NULL, 'J.M.B.', 'Terken', 'Dr.', NULL, '2015-05-26 01:44:59', '2015-05-26 01:44:59'),
	(38, NULL, NULL, 'G.J.M.', 'van Noord', 'Prof.dr.', NULL, '2015-05-26 01:44:59', '2015-05-26 01:44:59'),
	(39, NULL, NULL, 'H.W.H.', 'Niebaum', 'Prof.dr.', NULL, '2015-05-26 01:44:59', '2015-05-26 01:44:59'),
	(40, NULL, NULL, 'K.', 'Goudriaan', 'Prof.dr.', NULL, '2015-05-26 01:44:59', '2015-05-26 01:44:59'),
	(41, NULL, NULL, 'H.J.', 'Kappen', 'Prof.dr.', NULL, '2015-05-26 01:44:59', '2015-05-26 01:44:59'),
	(42, NULL, NULL, 'C.J.M.', 'Zijlmans', 'Prof.dr.', NULL, '2015-05-26 01:44:59', '2015-05-26 01:44:59'),
	(43, NULL, NULL, 'H.A.E.', 'Zwart', 'Prof.dr.', NULL, '2015-05-26 01:44:59', '2015-05-26 01:44:59'),
	(44, NULL, NULL, 'H.J.', 'Bennis', 'Prof.dr.', NULL, '2015-05-26 01:44:59', '2015-05-26 01:44:59'),
	(45, NULL, NULL, 'L.R.B.', 'Schomaker', 'Prof.dr.', NULL, '2015-05-26 01:44:59', '2015-05-26 01:44:59'),
	(46, NULL, NULL, 'P.K.', 'Doorn', 'Dr.', NULL, '2015-05-26 01:44:59', '2015-05-26 01:44:59'),
	(47, NULL, NULL, 'F.A.H.', 'van Harmelen', 'Prof.dr.', NULL, '2015-05-26 01:44:59', '2015-05-26 01:44:59'),
	(48, NULL, NULL, 'L.P.', 'Grijp', 'Prof.dr.', NULL, '2015-05-26 01:44:59', '2015-05-26 01:44:59'),
	(49, NULL, NULL, 'A.H.L.M.', 'Pieters', 'Prof.dr.', NULL, '2015-05-26 01:44:59', '2015-05-26 01:44:59'),
	(50, NULL, NULL, 'T.', 'Meder', 'Dr.', NULL, '2015-05-26 01:44:59', '2015-05-26 01:44:59'),
	(51, NULL, NULL, 'K.H.', 'van Dalen-Oskam', 'Prof.dr.', NULL, '2015-05-26 01:44:59', '2015-05-26 01:44:59'),
	(52, NULL, NULL, 'A.S.Q.', 'Visser', 'Prof.dr.', NULL, '2015-05-26 01:44:59', '2015-05-26 01:44:59'),
	(53, NULL, NULL, 'A.C.M.', 'Goeman', 'Dr.', NULL, '2015-05-26 01:44:59', '2015-05-26 01:44:59'),
	(54, NULL, NULL, 'E.M.', 'Moormann', 'Prof.dr.', NULL, '2015-05-26 01:44:59', '2015-05-26 01:44:59'),
	(55, NULL, NULL, 'C.A.', 'Mandemakers', 'Prof.dr.', NULL, '2015-05-26 01:44:59', '2015-05-26 01:44:59'),
	(56, NULL, NULL, 'P.A.J.M.', 'Coppen', 'Prof.dr.', NULL, '2015-05-26 01:44:59', '2015-05-26 01:44:59'),
	(57, NULL, NULL, 'L.F.M.', 'ten Bosch', 'Dr.', NULL, '2015-05-26 01:44:59', '2015-05-26 01:44:59'),
	(58, NULL, NULL, 'J.A.A.', 'Simons', 'Dr.', NULL, '2015-05-26 01:44:59', '2015-05-26 01:44:59'),
	(59, NULL, NULL, 'L.W.M.', 'Bod', 'Prof.dr.', NULL, '2015-05-26 01:44:59', '2015-05-26 01:44:59'),
	(60, NULL, NULL, 'P.J.', 'Keppy', 'Dr.', NULL, '2015-05-26 01:44:59', '2015-05-26 01:44:59'),
	(61, NULL, NULL, 'N.', 'Randeraad', 'Dr.', NULL, '2015-05-26 01:44:59', '2015-05-26 01:44:59'),
	(62, NULL, NULL, 'W.Th.J.M.', 'Kuiper', 'Dr.', NULL, '2015-05-26 01:44:59', '2015-05-26 01:44:59'),
	(63, NULL, NULL, 'A.C.H.', 'Geurts', 'Prof.dr.', NULL, '2015-05-26 01:44:59', '2015-05-26 01:44:59'),
	(64, NULL, NULL, 'J.', 'van Limbeek', 'Dr.', NULL, '2015-05-26 01:44:59', '2015-05-26 01:44:59'),
	(65, NULL, NULL, 'S.', 'van Dijk', 'Dr.', NULL, '2015-05-26 01:44:59', '2015-05-26 01:44:59'),
	(66, NULL, NULL, 'P.E.', 'van der Vet', 'Dr.', NULL, '2015-05-26 01:44:59', '2015-05-26 01:44:59'),
	(67, NULL, NULL, 'D.G.', 'Gilbers', 'Dr.', NULL, '2015-05-26 01:44:59', '2015-05-26 01:44:59'),
	(68, NULL, NULL, 'G.', 'Bouma', 'Dr.', NULL, '2015-05-26 01:44:59', '2015-05-26 01:44:59'),
	(69, NULL, NULL, 'E.F.', 'Tjong Kim Sang', 'Dr.', NULL, '2015-05-26 01:44:59', '2015-05-26 01:44:59'),
	(70, NULL, NULL, 'M.M.S.K.', 'Sie', 'Prof.dr.', NULL, '2015-05-26 01:44:59', '2015-05-26 01:44:59'),
	(71, NULL, NULL, 'N.H.J.', 'Oostdijk', 'Dr.', NULL, '2015-05-26 01:44:59', '2015-05-26 01:44:59'),
	(72, NULL, NULL, 'M.J.', 'de Bruin', 'Drs.', NULL, '2015-05-26 01:44:59', '2015-05-26 01:44:59'),
	(73, NULL, NULL, 'E.A.', 'Koster', 'Dr.', NULL, '2015-05-26 01:44:59', '2015-05-26 01:44:59'),
	(74, NULL, NULL, 'M.J.', 'de Haan', 'Prof.dr.', NULL, '2015-05-26 01:44:59', '2015-05-26 01:44:59'),
	(75, NULL, NULL, 'H.G.M.', 'Jorink', 'Prof.dr.', NULL, '2015-05-26 01:44:59', '2015-05-26 01:44:59'),
	(76, NULL, NULL, 'M.J.', 'Teeuwen', 'Prof.dr.', NULL, '2015-05-26 01:45:00', '2015-05-26 01:45:00'),
	(77, NULL, NULL, 'O.W.A.', 'Boonstra', 'Dr.', NULL, '2015-05-26 01:45:00', '2015-05-26 01:45:00'),
	(78, NULL, NULL, 'C.M.J.M.', 'van den Heuvel', 'Prof.dr.', NULL, '2015-05-26 01:45:00', '2015-05-26 01:45:00'),
	(79, NULL, NULL, 'E.M.', 'Kloek', 'Dr.', NULL, '2015-05-26 01:45:00', '2015-05-26 01:45:00'),
	(80, NULL, NULL, 'E.', 'Jansma', 'Prof.dr.', NULL, '2015-05-26 01:45:00', '2015-05-26 01:45:00'),
	(81, NULL, NULL, 'R.', 'van de Vall', 'Prof.dr.', NULL, '2015-05-26 01:45:00', '2015-05-26 01:45:00'),
	(82, NULL, NULL, 'F.R.E.', 'Blom', 'Dr.', NULL, '2015-05-26 01:45:00', '2015-05-26 01:45:00'),
	(83, NULL, NULL, 'F.', 'Kwakkel', 'Dr.', NULL, '2015-05-26 01:45:00', '2015-05-26 01:45:00'),
	(84, NULL, NULL, 'P.T.J.M.', 'Vossen', 'Prof.dr.', NULL, '2015-05-26 01:45:00', '2015-05-26 01:45:00'),
	(85, NULL, NULL, 'D.K.J.', 'Heylen', 'Prof.dr.', NULL, '2015-05-26 01:45:00', '2015-05-26 01:45:00'),
	(86, NULL, NULL, 'H.', 'Matthezing', 'Drs.', NULL, '2015-05-26 01:45:00', '2015-05-26 01:45:00'),
	(87, NULL, NULL, 'M.T.C.', 'Ernestus', 'Prof.dr.', NULL, '2015-05-26 01:45:00', '2015-05-26 01:45:00'),
	(88, NULL, NULL, 'M.', 'Rem', 'Dr.', NULL, '2015-05-26 01:45:00', '2015-05-26 01:45:00'),
	(89, NULL, NULL, 'G.H.', 'van Oenen', 'Dr.', NULL, '2015-05-26 01:45:00', '2015-05-26 01:45:00'),
	(90, NULL, NULL, 'P.W.M.', 'Desain', 'Prof.dr.ir.', NULL, '2015-05-26 01:45:00', '2015-05-26 01:45:00'),
	(91, NULL, NULL, 'A.T.', 'Cemgil', 'Dr.', NULL, '2015-05-26 01:45:00', '2015-05-26 01:45:00'),
	(92, NULL, NULL, 'F.', 'Hakemulder', 'Dr.', NULL, '2015-05-26 01:45:00', '2015-05-26 01:45:00'),
	(93, NULL, NULL, 'S.', 'Legêne', 'Prof.dr.', NULL, '2015-05-26 01:45:00', '2015-05-26 01:45:00'),
	(94, NULL, NULL, 'K.', 'Sima\'an', 'Prof.dr.', NULL, '2015-05-26 01:45:00', '2015-05-26 01:45:00'),
	(95, NULL, NULL, 'P.', 'Monachesi', 'Dr.', NULL, '2015-05-26 01:45:00', '2015-05-26 01:45:00'),
	(96, NULL, NULL, 'M.B.G.', 'van Dijk', 'Drs.', NULL, '2015-05-26 01:45:00', '2015-05-26 01:45:00'),
	(97, NULL, NULL, 'R.L.', 'Buikema', 'Prof.dr.', NULL, '2015-05-26 01:45:00', '2015-05-26 01:45:00'),
	(98, NULL, NULL, 'E.J.', 'Krahmer', 'Prof.dr.', NULL, '2015-05-26 01:45:00', '2015-05-26 01:45:00'),
	(99, NULL, NULL, 'M.G.J.', 'Swerts', 'Prof.dr.', NULL, '2015-05-26 01:45:00', '2015-05-26 01:45:00'),
	(100, NULL, NULL, 'H.W.', 'Blom', 'Dr.', NULL, '2015-05-26 01:45:00', '2015-05-26 01:45:00'),
	(101, NULL, NULL, 'J.J.', 'Noordegraaf', 'Prof.dr.', NULL, '2015-05-26 01:45:00', '2015-05-26 01:45:00'),
	(102, NULL, NULL, 'A.P.J.', 'van den Bosch', 'Prof.dr.', NULL, '2015-05-26 01:45:00', '2015-05-26 01:45:00'),
	(103, NULL, NULL, 'R.H.', 'Baayen', 'Prof.dr.', NULL, '2015-05-26 01:45:00', '2015-05-26 01:45:00'),
	(104, NULL, NULL, 'W.J.', 'Heeringa', 'Dr.', NULL, '2015-05-26 01:45:00', '2015-05-26 01:45:00'),
	(105, NULL, NULL, 'S.', 'Ponzanesi', 'Prof.dr.', NULL, '2015-05-26 01:45:00', '2015-05-26 01:45:00'),
	(106, NULL, NULL, 'J.M.', 'McQueen', 'Prof.dr.', NULL, '2015-05-26 01:45:00', '2015-05-26 01:45:00'),
	(107, NULL, NULL, 'P.J.T.M.', 'Trilsbeek', NULL, NULL, '2015-05-26 01:45:00', '2015-05-26 01:45:00'),
	(108, NULL, NULL, 'J.F.F.', 'Raessens', 'Prof.dr.', NULL, '2015-05-26 01:45:00', '2015-05-26 01:45:00'),
	(109, NULL, NULL, 'F.V.', 'van der Most', 'Dr.', NULL, '2015-05-26 01:45:00', '2015-05-26 01:45:00'),
	(110, NULL, NULL, 'J.A.', 'Beaulieu', 'Dr.', NULL, '2015-05-26 01:45:00', '2015-05-26 01:45:00'),
	(111, NULL, NULL, 'R.C.', 'Veltkamp', 'Prof.dr.', NULL, '2015-05-26 01:45:00', '2015-05-26 01:45:00'),
	(112, NULL, NULL, 'E.', 'Sanders', 'Drs.', NULL, '2015-05-26 01:45:00', '2015-05-26 01:45:00'),
	(113, NULL, NULL, 'L.C.J.', 'Barbiers', 'Prof.dr.', NULL, '2015-05-26 01:45:00', '2015-05-26 01:45:00'),
	(114, NULL, NULL, 'J.', 'van Eijnatten', 'Prof.dr.', NULL, '2015-05-26 01:45:00', '2015-05-26 01:45:00'),
	(115, NULL, NULL, 'T.', 'Gaustad', 'Dr.', NULL, '2015-05-26 01:45:00', '2015-05-26 01:45:00'),
	(116, NULL, NULL, 'O.A.', 'Crasborn', 'Dr.', NULL, '2015-05-26 01:45:00', '2015-05-26 01:45:00'),
	(117, NULL, NULL, 'B.L.', 'van den Berg', 'Drs.', NULL, '2015-05-26 01:45:00', '2015-05-26 01:45:00'),
	(118, NULL, NULL, 'G.', 'de Schutter', NULL, NULL, '2015-05-26 01:45:00', '2015-05-26 01:45:00'),
	(119, NULL, NULL, 'O.E.', 'Scharenborg', 'Dr.', NULL, '2015-05-26 01:45:00', '2015-05-26 01:45:00'),
	(120, NULL, NULL, 'W.', 'van Bergen', 'Dr.', NULL, '2015-05-26 01:45:00', '2015-05-26 01:45:00'),
	(121, NULL, NULL, 'M.B.', 'Villada Moirón', 'Dr.', NULL, '2015-05-26 01:45:00', '2015-05-26 01:45:00'),
	(122, NULL, NULL, 'L.J.', 'van der Beek', 'Dr.', NULL, '2015-05-26 01:45:00', '2015-05-26 01:45:00'),
	(123, NULL, NULL, 'M.', 'de Rijke', 'Prof.dr.', NULL, '2015-05-26 01:45:00', '2015-05-26 01:45:00'),
	(124, NULL, NULL, 'J.', 'Kamps', 'Dr.ir.', NULL, '2015-05-26 01:45:00', '2015-05-26 01:45:00'),
	(125, NULL, NULL, 'J.A.', 'Kiel', 'Drs.', NULL, '2015-05-26 01:45:00', '2015-05-26 01:45:00'),
	(126, NULL, NULL, 'C.', 'Cucchiarini', 'Dr.', NULL, '2015-05-26 01:45:00', '2015-05-26 01:45:00'),
	(127, NULL, NULL, 'M.J.', 'Marx', 'Dr.', NULL, '2015-05-26 01:45:00', '2015-05-26 01:45:00'),
	(128, NULL, NULL, 'F.', 'Frasincar', 'Dr.', NULL, '2015-05-26 01:45:00', '2015-05-26 01:45:00'),
	(129, NULL, NULL, 'C.L.J.M.', 'Cremers', 'Dr.', NULL, '2015-05-26 01:45:00', '2015-05-26 01:45:00'),
	(130, NULL, NULL, 'S.C.', 'Schoof', 'Dr.', NULL, '2015-05-26 01:45:00', '2015-05-26 01:45:00'),
	(131, NULL, NULL, 'O.M.', 'van Herwijnen', 'Dr.', NULL, '2015-05-26 01:45:00', '2015-05-26 01:45:00'),
	(132, NULL, NULL, 'J.N.', 'den Ouden', 'Dr.', NULL, '2015-05-26 01:45:00', '2015-05-26 01:45:00'),
	(133, NULL, NULL, 'M.W.C.', 'Reynaert', 'Dr.', NULL, '2015-05-26 01:45:00', '2015-05-26 01:45:00'),
	(134, NULL, NULL, 'P.K.', 'Lendvai', 'Dr.', NULL, '2015-05-26 01:45:00', '2015-05-26 01:45:00'),
	(135, NULL, NULL, 'J.J.', 'Paijmans', 'Dr.', NULL, '2015-05-26 01:45:00', '2015-05-26 01:45:00'),
	(136, NULL, NULL, 'A.', 'Scharnhorst', 'Dr.', NULL, '2015-05-26 01:45:00', '2015-05-26 01:45:00'),
	(137, NULL, NULL, 'P.F.', 'Wouters', 'Prof.dr.', NULL, '2015-05-26 01:45:00', '2015-05-26 01:45:00'),
	(138, NULL, NULL, 'A.', 'Rares', 'MSc', NULL, '2015-05-26 01:45:00', '2015-05-26 01:47:50'),
	(139, NULL, NULL, 'I.H.E.', 'Hendrickx', 'Dr.', NULL, '2015-05-26 01:45:00', '2015-05-26 01:45:00'),
	(140, NULL, NULL, 'M.A.', 'Weststeijn', 'Dr.UD', NULL, '2015-05-26 01:45:00', '2015-05-26 01:49:29'),
	(141, NULL, NULL, 'E.A.', 'Konijn', 'Prof.dr.', NULL, '2015-05-26 01:45:00', '2015-05-26 01:45:00'),
	(142, NULL, NULL, 'A.J.', 'Brand', 'Dr.', NULL, '2015-05-26 01:45:00', '2015-05-26 01:45:00'),
	(143, NULL, NULL, 'J.E.J.M.', 'Odijk', 'Prof.dr.', NULL, '2015-05-26 01:45:00', '2015-05-26 01:45:00'),
	(144, NULL, NULL, 'H.', 'van den Heuvel', 'Dr.', NULL, '2015-05-26 01:45:00', '2015-05-26 01:45:00'),
	(145, NULL, NULL, 'M.J.E.', 'van den Doel', 'Dr.', NULL, '2015-05-26 01:45:00', '2015-05-26 01:45:00'),
	(146, NULL, NULL, 'P.J.J.', 'Delaere', 'Dr.', NULL, '2015-05-26 01:45:00', '2015-05-26 01:45:00'),
	(147, NULL, NULL, 'C.', 'Reddy', 'Drs.', NULL, '2015-05-26 01:45:00', '2015-05-26 01:45:00'),
	(148, NULL, NULL, 'K.B.', 'Petzold', 'Dr.', NULL, '2015-05-26 01:45:00', '2015-05-26 01:45:00'),
	(149, NULL, NULL, 'H.', 'Shiraishi', 'Dr.', NULL, '2015-05-26 01:45:00', '2015-05-26 01:45:00'),
	(150, NULL, NULL, 'G.A.', 'van Klinken', 'Prof.dr.', NULL, '2015-05-26 01:45:00', '2015-05-26 01:45:00'),
	(151, NULL, NULL, 'M.', 'Sadakata', 'Dr.', NULL, '2015-05-26 01:45:00', '2015-05-26 01:45:00'),
	(152, NULL, NULL, 'J.', 'Jansz', 'Prof.dr.', NULL, '2015-05-26 01:45:00', '2015-05-26 01:45:00'),
	(153, NULL, NULL, 'P.A.', 'Vogt', 'Dr.', NULL, '2015-05-26 01:45:00', '2015-05-26 01:45:00'),
	(154, NULL, NULL, 'A.', 'Betti', 'Prof.dr.', NULL, '2015-05-26 01:45:00', '2015-05-26 01:45:00'),
	(155, NULL, NULL, 'J.J.', 'van Zundert', 'Drs.', NULL, '2015-05-26 01:45:00', '2015-05-26 01:45:00'),
	(156, NULL, NULL, 'W.A.J.', 'Strik', 'Dr.', NULL, '2015-05-26 01:45:00', '2015-05-26 01:45:00'),
	(157, NULL, NULL, 'L.I.J.', 'Cranen', 'Dr.ir.', NULL, '2015-05-26 01:45:00', '2015-05-26 01:45:00'),
	(158, NULL, NULL, 'B.J.M.', 'van Halteren', 'Dr.', NULL, '2015-05-26 01:45:00', '2015-05-26 01:45:00'),
	(159, NULL, NULL, 'D.M.', 'Binnenpoorte', 'Dr.', NULL, '2015-05-26 01:45:00', '2015-05-26 01:45:00'),
	(160, NULL, NULL, 'C.P.J.', 'van Bael', 'Dr.', NULL, '2015-05-26 01:45:00', '2015-05-26 01:45:00'),
	(161, NULL, NULL, 'P.', 'Holtus', NULL, NULL, '2015-05-26 01:45:00', '2015-05-26 01:45:00'),
	(162, NULL, NULL, 'M.B.', 'Ruiter', NULL, NULL, '2015-05-26 01:45:00', '2015-05-26 01:45:00'),
	(163, NULL, NULL, 'L.J.', 'Beijer', 'Dr.', NULL, '2015-05-26 01:45:00', '2015-05-26 01:45:00'),
	(164, NULL, NULL, 'P.', 'Boot', 'Dr.', NULL, '2015-05-26 01:45:00', '2015-05-26 01:45:00'),
	(165, NULL, NULL, 'A.A.M.', 'Besamusca', 'Dr.', NULL, '2015-05-26 01:45:00', '2015-05-26 01:45:00'),
	(166, NULL, NULL, 'D.E.', 'van der Poel', 'Dr.', NULL, '2015-05-26 01:45:00', '2015-05-26 01:45:00'),
	(167, NULL, NULL, 'J.', 'Kok', 'Prof.dr.', NULL, '2015-05-26 01:45:00', '2015-05-26 01:45:00'),
	(168, NULL, NULL, 'J.', 'Benavides-Quecan', 'Dr.ir.', NULL, '2015-05-26 01:45:00', '2015-05-26 01:45:00'),
	(169, NULL, NULL, 'S.V.M.', 'Canisius', 'Dr.', NULL, '2015-05-26 01:45:00', '2015-05-26 01:45:00'),
	(170, NULL, NULL, 'K.M.', 'Rudy', 'Dr.', NULL, '2015-05-26 01:45:00', '2015-05-26 01:45:00'),
	(171, NULL, NULL, 'H.', 'Kamermans', 'Dr.', NULL, '2015-05-26 01:45:00', '2015-05-26 01:45:00'),
	(172, NULL, NULL, 'M.M.', 'van Zaanen', 'Dr.', NULL, '2015-05-26 01:45:00', '2015-05-26 01:45:00'),
	(173, NULL, NULL, 'A.J.', 'van Hessen', 'Dr.', NULL, '2015-05-26 01:45:00', '2015-05-26 01:45:00'),
	(174, NULL, NULL, 'R.J.F.', 'Ordelman', 'Dr.', NULL, '2015-05-26 01:45:00', '2015-05-26 01:45:00'),
	(175, NULL, NULL, 'P.N.', 'Barkhuysen', 'Dr.', NULL, '2015-05-26 01:45:00', '2015-05-26 01:45:00'),
	(176, NULL, NULL, 'P.P.G.', 'Boersma', 'Prof.dr.', NULL, '2015-05-26 01:45:00', '2015-05-26 01:45:00'),
	(177, NULL, NULL, 'K.A.', 'Hamalainen', 'Dr.', NULL, '2015-05-26 01:45:00', '2015-05-26 01:45:00'),
	(178, NULL, NULL, 'B.A.M.', 'Schouten', 'Prof.dr.', NULL, '2015-05-26 01:45:00', '2015-05-26 01:45:00'),
	(179, NULL, NULL, 'R.A.M.', 'van Rooij', 'Prof.dr.ing.', NULL, '2015-05-26 01:45:00', '2015-05-26 01:45:00'),
	(180, NULL, NULL, 'P.E.', 'Springer', 'Dr.', NULL, '2015-05-26 01:45:00', '2015-05-26 01:45:00'),
	(181, NULL, NULL, 'S.', 'ter Braake', 'Dr.', NULL, '2015-05-26 01:45:00', '2015-05-26 01:45:00'),
	(182, NULL, NULL, 'I.', 'van Renswoude', 'Dr.', NULL, '2015-05-26 01:45:00', '2015-05-26 01:45:00'),
	(183, NULL, NULL, 'T.', 'De Moor', 'Prof.dr.', NULL, '2015-05-26 01:45:00', '2015-05-26 01:45:00'),
	(184, NULL, NULL, 'M.', 'Anstey', 'Dr.', NULL, '2015-05-26 01:45:00', '2015-05-26 01:45:00'),
	(185, NULL, NULL, 'U.', 'Kaymak', 'Prof.dr.ir.', NULL, '2015-05-26 01:45:00', '2015-05-26 01:45:00'),
	(186, NULL, NULL, 'M.R.', 'Spruit', 'Dr.', NULL, '2015-05-26 01:45:00', '2015-05-26 01:45:00'),
	(187, NULL, NULL, 'W.', 'Zuidema', 'Dr.', NULL, '2015-05-26 01:45:00', '2015-05-26 01:45:00'),
	(188, NULL, NULL, 'R.A.', 'Rogers', 'Prof.dr.', NULL, '2015-05-26 01:45:00', '2015-05-26 01:45:00'),
	(189, NULL, NULL, 'J.H. (Henk)', 'Harmsen', 'Dr.', NULL, '2015-05-26 01:45:00', '2015-05-26 01:45:00'),
	(190, NULL, NULL, 'W.', 'van der Meer', 'Dr.', NULL, '2015-05-26 01:45:00', '2015-05-26 01:45:00'),
	(191, NULL, NULL, 'C.', 'Jager', 'Drs.', NULL, '2015-05-26 01:45:00', '2015-05-26 01:45:00'),
	(192, NULL, NULL, 'A.K.', 'Honingh', 'Dr.', NULL, '2015-05-26 01:45:00', '2015-05-26 01:45:00'),
	(193, NULL, NULL, 'N.', 'Spiro', 'Dr.', NULL, '2015-05-26 01:45:00', '2015-05-26 01:45:00'),
	(194, NULL, NULL, 'P.', 'Wittenburg', 'Dr.', NULL, '2015-05-26 01:45:00', '2015-05-26 01:45:00'),
	(195, NULL, NULL, 'K.S.', 'Schlobach', 'Dr.', NULL, '2015-05-26 01:45:00', '2015-05-26 01:45:00'),
	(196, NULL, NULL, 'A.', 'Isaac', 'Dr.', NULL, '2015-05-26 01:45:00', '2015-05-26 01:45:00'),
	(197, NULL, NULL, 'M.T.', 'van Gendt', 'Drs.', NULL, '2015-05-26 01:45:00', '2015-05-26 01:45:00'),
	(198, NULL, NULL, 'M.', 'Porcelijn', 'Drs.', NULL, '2015-05-26 01:45:00', '2015-05-26 01:45:00'),
	(199, NULL, NULL, 'L.', 'van de Laar', 'Drs.ing.', NULL, '2015-05-26 01:45:00', '2015-05-26 01:45:00'),
	(200, NULL, NULL, 'L.K.', 'van der Meij', 'Drs.ir.', NULL, '2015-05-26 01:45:00', '2015-05-26 01:45:00'),
	(201, NULL, NULL, 'H.J.', 'Helmers', 'Dr.', NULL, '2015-05-26 01:45:00', '2015-05-26 01:45:00'),
	(202, NULL, NULL, 'B.', 'Löwe', 'Prof.dr.', NULL, '2015-05-26 01:45:00', '2015-05-26 01:45:00'),
	(203, NULL, NULL, 'S.T.', 'de Jager', 'Drs.', NULL, '2015-05-26 01:45:00', '2015-05-26 01:45:00'),
	(204, NULL, NULL, 'E.', 'Wierda', 'Drs.', NULL, '2015-05-26 01:45:00', '2015-05-26 01:45:00'),
	(205, NULL, NULL, 'A.', 'van Vliet', 'Drs.', NULL, '2015-05-26 01:45:00', '2015-05-26 01:45:00'),
	(206, NULL, NULL, 'B.G.', 'de Boer', 'Dr.', NULL, '2015-05-26 01:45:00', '2015-05-26 01:45:00'),
	(207, NULL, NULL, 'M.T.', 'Hilhorst', 'Dr.ir.', NULL, '2015-05-26 01:45:00', '2015-05-26 01:45:00'),
	(208, NULL, NULL, 'A.B.G.M.', 'van Kalmthout', 'Dr.', NULL, '2015-05-26 01:45:00', '2015-05-26 01:45:00'),
	(209, NULL, NULL, 'J.A.', 'Väänänen', 'Prof.dr.', NULL, '2015-05-26 01:45:00', '2015-05-26 01:45:00'),
	(210, NULL, NULL, 'K.M.', 'Leander', 'Dr.', NULL, '2015-05-26 01:45:00', '2015-05-26 01:45:00'),
	(211, NULL, NULL, 'F.', 'Wiering', 'Dr.', NULL, '2015-05-26 01:45:00', '2015-05-26 01:45:00'),
	(212, NULL, NULL, 'J.', 'Haagsma', NULL, NULL, '2015-05-26 01:45:00', '2015-05-26 01:45:00'),
	(213, NULL, NULL, 'R.', 'van Veenendaal', 'Drs.', NULL, '2015-05-26 01:45:00', '2015-05-26 01:45:00'),
	(214, NULL, NULL, 'B.', 'Speckmann', 'Prof.dr.', NULL, '2015-05-26 01:45:00', '2015-05-26 01:45:00'),
	(215, NULL, NULL, 'S.', 'Wyatt', 'Prof.dr.', NULL, '2015-05-26 01:45:00', '2015-05-26 01:45:00'),
	(216, NULL, NULL, 'E.', 'Stronks', 'Prof.dr.', NULL, '2015-05-26 01:45:00', '2015-05-26 01:45:00'),
	(217, NULL, NULL, 'H.T.', 'Nijboer', 'Dr.', NULL, '2015-05-26 01:45:00', '2015-05-26 01:45:00'),
	(218, NULL, NULL, 'W.F.L.', 'Heeren', 'Dr.', NULL, '2015-05-26 01:45:00', '2015-05-26 01:45:00'),
	(219, NULL, NULL, 'K.H.A.', 'Leurs', 'Dr.', NULL, '2015-05-26 01:45:00', '2015-05-26 01:45:00'),
	(220, NULL, NULL, 'M.', 'Struiksma', 'Dr.', NULL, '2015-05-26 01:45:00', '2015-05-26 01:45:00'),
	(221, NULL, NULL, 'B.', 'Plank', 'Dr.', NULL, '2015-05-26 01:45:00', '2015-05-26 01:45:00'),
	(222, NULL, NULL, 'A.', 'Schüppert', 'Dr.', NULL, '2015-05-26 01:45:00', '2015-05-26 01:45:00'),
	(223, NULL, NULL, 'F.', 'de Vriend', 'Dr.', NULL, '2015-05-26 01:45:00', '2015-05-26 01:45:00'),
	(224, NULL, NULL, 'D.L.', 'Theijssen', 'Dr.', NULL, '2015-05-26 01:45:00', '2015-05-26 01:45:00'),
	(225, NULL, NULL, 'M.J.', 'Dunn', 'Dr.', NULL, '2015-05-26 01:45:00', '2015-05-26 01:45:00'),
	(226, NULL, NULL, 'N.A.', 'Knoller', NULL, NULL, '2015-05-26 01:45:00', '2015-05-26 01:45:00'),
	(227, NULL, NULL, 'M.B.', 'Wieling', 'Dr.', NULL, '2015-05-26 01:45:00', '2015-05-26 01:45:00'),
	(228, NULL, NULL, 'A.', 'Volk', 'Dr.', NULL, '2015-05-26 01:45:00', '2015-05-26 01:45:00'),
	(229, NULL, NULL, 'M.', 'Franke', 'Dr.', NULL, '2015-05-26 01:45:00', '2015-05-26 01:45:00'),
	(230, NULL, NULL, 'L.B.', 'van der Werff', 'Dr.', NULL, '2015-05-26 01:45:00', '2015-05-26 01:45:00'),
	(231, NULL, NULL, 'M.B.', 'Goudbeek', 'Dr.', NULL, '2015-05-26 01:45:00', '2015-05-26 01:45:00'),
	(232, NULL, NULL, 'J.', 'Bagaria', NULL, NULL, '2015-05-26 01:45:00', '2015-05-26 01:45:00'),
	(233, NULL, NULL, 'M.', 'Dzamonja', NULL, NULL, '2015-05-26 01:45:00', '2015-05-26 01:45:00'),
	(234, NULL, NULL, 'S.', 'Antonijevic', 'Dr.', NULL, '2015-05-26 01:45:00', '2015-05-26 01:45:00'),
	(235, NULL, NULL, 'N.', 'van der Sijs', 'Prof.dr.', NULL, '2015-05-26 01:45:00', '2015-05-26 01:45:00'),
	(236, NULL, NULL, 'D.A.', 'Zeldenrust', NULL, NULL, '2015-05-26 01:45:00', '2015-05-26 01:45:00'),
	(237, NULL, NULL, 'P.', 'van Kranenburg', 'Dr.ir.', NULL, '2015-05-26 01:45:00', '2015-05-26 01:45:00'),
	(238, NULL, NULL, 'S.', 'Krauwer', 'Drs.', NULL, '2015-05-26 01:45:00', '2015-05-26 01:45:00'),
	(239, NULL, NULL, 'T.', 'Verhoef', 'Dr.', NULL, '2015-05-26 01:45:00', '2015-05-26 01:45:00'),
	(240, NULL, NULL, 'K.', 'Suchecki', 'Dr.', NULL, '2015-05-26 01:45:00', '2015-05-26 01:45:00'),
	(241, NULL, NULL, 'A.A.', 'Akdag Salah', 'Dr.', NULL, '2015-05-26 01:45:00', '2015-05-26 01:45:00'),
	(242, NULL, NULL, 'C.', 'Gao', NULL, NULL, '2015-05-26 01:45:00', '2015-05-26 01:45:00'),
	(243, NULL, NULL, 'C.D.M.', 'Guéret', 'Dr.', NULL, '2015-05-26 01:45:00', '2015-05-26 01:45:00'),
	(244, NULL, NULL, 'F.P.', 'Hogenboom', 'Dr.', NULL, '2015-05-26 01:45:00', '2015-05-26 01:45:00'),
	(245, NULL, NULL, 'W.', 'Kaltenbrunner', 'Drs.', NULL, '2015-05-26 01:45:00', '2015-05-26 01:45:00'),
	(246, NULL, NULL, 'A.P.', 'Helmond', 'MA', NULL, '2015-05-26 01:45:00', '2015-05-26 01:51:46'),
	(247, NULL, NULL, 'L.C.', 'van der Velden', 'Drs.', NULL, '2015-05-26 01:45:00', '2015-05-26 01:45:00'),
	(248, NULL, NULL, 'M.W.', 'Hoetjes', 'MPhil', NULL, '2015-05-26 01:45:00', '2015-05-26 01:51:07'),
	(249, NULL, NULL, 'R.M.F.', 'Koolen', 'Dr.', NULL, '2015-05-26 01:45:00', '2015-05-26 01:45:00'),
	(250, NULL, NULL, 'A.', 'Gatt', 'Dr.', NULL, '2015-05-26 01:45:00', '2015-05-26 01:45:00'),
	(251, NULL, NULL, 'M.A.', 'Leigh', 'Dr.', NULL, '2015-05-26 01:45:01', '2015-05-26 01:45:01'),
	(252, NULL, NULL, 'N.', 'Jankowski', 'MSc', NULL, '2015-05-26 01:45:01', '2015-05-26 01:50:18'),
	(253, NULL, NULL, 'Y.', 'Winter', 'Dr.', NULL, '2015-05-26 01:45:01', '2015-05-26 01:45:01'),
	(254, NULL, NULL, 'E.J.T.', 'Weltevrede', NULL, NULL, '2015-05-26 01:45:01', '2015-05-26 01:45:01'),
	(255, NULL, NULL, 'L.', 'Perez Romero', NULL, NULL, '2015-05-26 01:45:01', '2015-05-26 01:45:01'),
	(256, NULL, NULL, 'S.M.C.', 'Niederer', 'Drs.', NULL, '2015-05-26 01:45:01', '2015-05-26 01:45:01'),
	(257, NULL, NULL, 'A.', 'Ashkpour', NULL, NULL, '2015-05-26 01:45:01', '2015-05-26 01:45:01'),
	(258, NULL, NULL, 'A.', 'Meroño Peñuela', NULL, NULL, '2015-05-26 01:45:01', '2015-05-26 01:45:01'),
	(259, NULL, NULL, 'A.', 'van Cranenburgh', NULL, NULL, '2015-05-26 01:45:01', '2015-05-26 01:45:01'),
	(260, NULL, NULL, 'K.', 'Nijsen', NULL, NULL, '2015-05-26 01:45:01', '2015-05-26 01:45:01'),
	(261, NULL, NULL, 'B.', 'Janssen', NULL, NULL, '2015-05-26 01:45:01', '2015-05-26 01:45:01'),
	(262, NULL, NULL, 'F.', 'Karsdorp', NULL, NULL, '2015-05-26 01:45:01', '2015-05-26 01:45:01'),
	(263, NULL, NULL, 'C.C.', 'Tatum', 'Drs.', NULL, '2015-05-26 01:45:01', '2015-05-26 01:45:01'),
	(264, NULL, NULL, 'Z.', 'Tatum', NULL, NULL, '2015-05-26 01:45:01', '2015-05-26 01:45:01'),
	(265, NULL, NULL, 'W.B.', 'Haas', 'Dr.', NULL, '2015-05-26 01:45:01', '2015-05-26 01:45:01'),
	(266, NULL, NULL, 'E.', 'Steinova', 'Drs.', NULL, '2015-05-26 01:45:01', '2015-05-26 01:45:01'),
	(267, NULL, NULL, 'A.', 'Leerintveld', 'Dr.', NULL, '2015-05-26 01:45:01', '2015-05-26 01:45:01'),
	(268, NULL, NULL, 'R.', 'van Stipriaan', 'Dr.', NULL, '2015-05-26 01:45:01', '2015-05-26 01:45:01'),
	(269, NULL, NULL, 'R.', 'van der Veen', NULL, NULL, '2015-05-26 01:45:01', '2015-05-26 01:45:01'),
	(270, NULL, NULL, 'A.V.', 'Weststeijn', 'Dr.', NULL, '2015-05-26 01:45:01', '2015-05-26 01:45:01'),
	(271, NULL, NULL, 'A.', 'Hurriyetoglu', 'MA', NULL, '2015-05-26 01:45:01', '2015-05-26 01:52:36'),
	(272, NULL, NULL, 'A.', 'Akdag', 'Dr.', NULL, '2015-05-26 01:45:01', '2015-05-26 01:45:01'),
	(273, NULL, NULL, 'S.', 'Katrenko', 'Dr.', NULL, '2015-05-26 01:45:01', '2015-05-26 01:45:01'),
	(274, NULL, NULL, 'E.B.', 'Poortman', NULL, NULL, '2015-05-26 01:45:01', '2015-05-26 01:45:01'),
	(275, NULL, NULL, 'A.', 'Toledo', 'MA', NULL, '2015-05-26 01:45:01', '2015-05-26 01:53:32'),
	(276, NULL, NULL, 'H.', 'de Vries', 'Dr.', NULL, '2015-05-26 01:45:01', '2015-05-26 01:45:01'),
	(277, NULL, NULL, 'T.M.', 'Kenter', 'Drs.', NULL, '2015-05-26 01:45:01', '2015-05-26 01:45:01'),
	(278, NULL, NULL, 'M.J.', 'van Berchum', 'Drs.', NULL, '2015-05-26 01:45:01', '2015-05-26 01:45:01'),
	(279, NULL, NULL, 'T.', 'Dumitresco', 'Dr.', NULL, '2015-05-26 01:45:01', '2015-05-26 01:45:01'),
	(280, NULL, NULL, 'C.J.', 'Ockeloen', 'Drs.', NULL, '2015-05-26 01:45:01', '2015-05-26 01:45:01'),
	(281, NULL, NULL, 'A.S.', 'Fokkens', 'MSc', NULL, '2015-05-26 01:45:01', '2015-05-26 01:50:32'),
	(282, NULL, NULL, 'W.', 'Klein', 'MA', NULL, '2015-05-26 01:45:01', '2015-05-26 01:53:40'),
	(283, NULL, NULL, 'A.', 'Volk-Fleischer', 'Dr.', NULL, '2015-05-26 01:45:01', '2015-05-26 01:45:01'),
	(284, NULL, NULL, 'A.', 'Visser', 'Prof. dr. ', NULL, '2015-06-01 16:49:08', '2015-06-01 16:55:05'),
	(285, NULL, NULL, 'A.', 'Grafton', 'Prof. dr.', NULL, '2015-06-01 16:55:56', '2015-06-01 16:55:56'),
	(286, NULL, NULL, 'L.', 'Jardin', 'Prof. dr.', NULL, '2015-06-01 16:56:16', '2015-06-01 16:56:16'),
	(287, NULL, NULL, 'J.', 'Pieters', NULL, NULL, '2015-06-01 16:56:30', '2015-06-01 16:56:30'),
	(288, NULL, NULL, 'G.', 'Verhoeven', NULL, NULL, '2015-06-01 16:56:37', '2015-06-01 16:56:37'),
	(289, NULL, NULL, 'P.', 'Lulof', 'associate professor', NULL, '2015-06-01 16:57:19', '2015-06-01 16:57:19'),
	(290, NULL, NULL, 'I.D. ', 'Pletinckx', NULL, NULL, '2015-06-01 16:58:03', '2015-06-01 16:58:03'),
	(291, NULL, NULL, 'M.E.', 'Cohen', NULL, NULL, '2015-06-01 16:58:10', '2015-06-01 16:58:10'),
	(292, NULL, NULL, 'W.H.N.', 'Hupperetz', 'Dr.', NULL, '2015-06-01 17:00:52', '2015-06-01 17:00:52'),
	(293, NULL, NULL, 'B.', 'Besamusca', 'Dr.', NULL, '2015-06-01 17:01:30', '2015-06-01 17:01:30'),
	(294, NULL, NULL, 'J.', 'van Eijnatten', NULL, NULL, '2015-06-01 17:02:06', '2015-06-01 17:02:06'),
	(295, NULL, NULL, 'J.', 'Hein Hoogstad', 'assistent professor', NULL, '2015-06-01 17:04:35', '2015-06-01 17:04:35'),
	(296, NULL, NULL, 'K.', 'van Dalen-Oskam', 'Prof. dr. ', NULL, '2015-06-01 17:04:57', '2015-06-01 17:04:57'),
	(297, NULL, NULL, 'C.', 'Martinez-Ortiz', 'Dr. ', NULL, '2015-06-01 17:05:54', '2015-06-01 17:05:54'),
	(298, NULL, NULL, 'A.', 'van den Bosch', 'Prof. dr. ', NULL, '2015-06-01 17:06:32', '2015-06-01 17:06:32'),
	(299, NULL, NULL, 'W.', 'Mijnhardt', NULL, NULL, '2015-06-01 17:08:00', '2015-06-01 17:08:00'),
	(300, NULL, NULL, 'G.', 'Filarski', NULL, NULL, '2015-06-01 17:08:33', '2015-06-01 17:08:33'),
	(301, NULL, NULL, 'S.', 'Elpers', NULL, NULL, '2015-06-01 17:08:50', '2015-06-01 17:08:50'),
	(302, NULL, NULL, 'P.', 'Alkhoven', NULL, NULL, '2015-06-01 17:08:59', '2015-06-01 17:08:59'),
	(303, NULL, NULL, 'R.', 'Haentjens Dekker', NULL, NULL, '2015-06-01 17:10:17', '2015-06-01 17:10:17'),
	(304, NULL, NULL, 'P.', 'Crogan', NULL, NULL, '2015-06-01 17:10:27', '2015-06-01 17:10:27'),
	(305, NULL, NULL, 'J.', 'Raessens', NULL, NULL, '2015-06-01 17:13:24', '2015-06-01 17:13:24'),
	(306, NULL, NULL, 'S.', 'Lammes', NULL, NULL, '2015-06-03 13:21:22', '2015-06-03 13:21:22'),
	(307, NULL, NULL, 'N.', 'Verhoeff', NULL, NULL, '2015-06-03 13:21:34', '2015-06-03 13:22:06'),
	(308, NULL, NULL, 'R.', 'Duivenvoorde', NULL, NULL, '2015-06-03 13:22:03', '2015-06-03 13:22:12'),
	(309, NULL, NULL, 'E.M.', 'Gillavry', NULL, NULL, '2015-06-03 13:22:16', '2015-06-03 13:22:26'),
	(310, NULL, NULL, 'M.', 'Scholtens', NULL, NULL, '2015-06-03 13:22:42', '2015-06-03 13:22:42'),
	(311, NULL, NULL, 'H.', 'Nijboer', NULL, NULL, '2015-06-03 13:22:52', '2015-06-03 13:22:52'),
	(312, NULL, NULL, 'M.J.', 'Bok', NULL, NULL, '2015-06-03 13:23:39', '2015-06-03 13:23:39'),
	(313, NULL, NULL, 'E.G.', 'Müller,', NULL, NULL, '2015-06-03 13:24:15', '2015-06-03 13:24:15'),
	(314, NULL, NULL, 'S.', 'De Leeuw', NULL, NULL, '2015-06-03 13:24:38', '2015-06-03 13:24:38'),
	(315, NULL, NULL, 'A.', 'Zuccala ', NULL, NULL, '2015-06-03 13:24:47', '2015-06-03 13:24:47'),
	(316, NULL, NULL, 'G. ', 'Schelhaas', NULL, NULL, '2015-06-03 13:26:57', '2015-06-03 13:26:57'),
	(317, NULL, NULL, 'T.', 'Naaijkens', NULL, NULL, '2015-06-03 13:27:14', '2015-06-03 13:27:14'),
	(318, NULL, NULL, 'S.', 'Gaule', NULL, NULL, '2015-06-03 13:27:53', '2015-06-03 13:27:53'),
	(319, NULL, NULL, 'J.', 'Raessens', NULL, NULL, '2015-06-03 13:28:22', '2015-06-03 13:28:22'),
	(320, NULL, NULL, 'J.', 'Burgoyne', 'Dr.', NULL, '2015-06-03 13:30:02', '2015-06-05 14:42:27'),
	(321, NULL, NULL, 'H.', 'Honing', 'Prof. dr.', NULL, '2015-06-03 13:30:18', '2015-06-03 13:30:18'),
	(322, NULL, NULL, 'J.', 'Kursell', 'prof.dr.', NULL, '2015-06-03 13:30:41', '2015-06-03 13:30:41'),
	(323, NULL, NULL, 'C.', 'van den Heuvel', 'Prof.dr.', NULL, '2015-06-03 13:31:10', '2015-06-03 13:32:12'),
	(324, NULL, NULL, 'M.J.', 'Bok', 'Dr.', NULL, '2015-06-03 13:32:40', '2015-06-03 13:32:40'),
	(325, NULL, NULL, 'S.', 'Derks', 'drs.', NULL, '2015-06-03 13:32:53', '2015-06-03 13:32:53'),
	(326, NULL, NULL, 'M.', 'van den Doel', 'Dr.', NULL, '2015-06-03 13:33:16', '2015-06-03 13:33:16'),
	(327, NULL, NULL, 'I.', 'Huysman', 'Drs.', NULL, '2015-06-03 13:33:59', '2015-06-03 13:33:59'),
	(328, NULL, NULL, 'J.', 'Leerssen', 'Prof.dr.', NULL, '2015-06-03 13:34:12', '2015-06-03 13:34:12'),
	(329, NULL, NULL, 'H.', 'Nijboer', 'Dr.', NULL, '2015-06-03 13:34:29', '2015-06-03 13:34:35'),
	(330, NULL, NULL, 'R.', 'Sluijter', 'Dr.', NULL, '2015-06-03 13:34:52', '2015-06-03 13:34:52'),
	(331, NULL, NULL, 'P.', 'Vossen', 'Prof.dr.', NULL, '2015-06-03 13:35:12', '2015-06-03 13:35:12'),
	(332, NULL, NULL, 'P.', 'Monachesi', NULL, NULL, '2015-06-03 13:35:41', '2015-06-03 13:36:53'),
	(333, NULL, NULL, 'S.', 'Barbiers', NULL, NULL, '2015-06-03 13:37:14', '2015-06-03 13:37:14'),
	(334, NULL, NULL, 'M.', 'Louwerse', NULL, NULL, '2015-06-03 13:37:36', '2015-06-03 13:37:36'),
	(335, NULL, NULL, 'H.', 'Wijfjes', 'Prof. dr.', NULL, '2015-06-03 13:38:45', '2015-06-03 13:38:45'),
	(336, NULL, NULL, 'J. ', 'van Gorp', NULL, NULL, '2015-06-03 13:38:56', '2015-06-03 13:38:56'),
	(337, NULL, NULL, 'S.', 'de Leeuw', NULL, NULL, '2015-06-03 13:39:19', '2015-06-03 13:39:19'),
	(338, NULL, NULL, 'V.', 'Manuth', 'Prof. dr. ', NULL, '2015-06-03 13:40:02', '2015-06-03 13:40:02'),
	(339, NULL, NULL, 'M.', 'Opmeer', NULL, NULL, '2015-06-03 13:40:49', '2015-06-03 13:40:49'),
	(340, NULL, NULL, 'A.', 'Honingh', NULL, NULL, '2015-06-03 13:40:57', '2015-06-03 13:40:57'),
	(341, NULL, NULL, 'E.', 'Candy', NULL, NULL, '2015-06-03 13:41:05', '2015-06-03 13:41:05'),
	(342, NULL, NULL, 'M.', 'Pantelli', NULL, NULL, '2015-06-03 13:41:39', '2015-06-03 13:41:39'),
	(343, NULL, NULL, 'M.', 'de Rijke', 'prof. dr.', NULL, '2015-06-03 13:41:49', '2015-06-03 13:41:49'),
	(344, NULL, NULL, 'L.', 'Buitinck', 'drs.', NULL, '2015-06-03 13:42:09', '2015-06-03 13:42:09'),
	(345, NULL, NULL, 'N.', 'Jongkind', NULL, NULL, '2015-06-03 13:42:31', '2015-06-03 13:42:31'),
	(346, NULL, NULL, 'D.', 'Oostdijk', 'prof. dr.', NULL, '2015-06-03 13:42:40', '2015-06-03 13:43:19'),
	(347, NULL, NULL, 'P.', 'Vossen', 'prof. dr.', NULL, '2015-06-03 13:43:05', '2015-06-03 13:43:05'),
	(348, NULL, NULL, 'A.', 'Dimitriadis', 'dr.', NULL, '2015-06-03 13:45:42', '2015-06-03 13:45:42'),
	(349, NULL, NULL, 'K.', 'Safir', NULL, NULL, '2015-06-03 13:46:08', '2015-06-03 13:46:08'),
	(350, NULL, NULL, 'M.', 'van Berchum', 'drs.', NULL, '2015-06-03 13:46:34', '2015-06-03 13:47:05'),
	(351, NULL, NULL, 'T.', 'Dumitrescu', NULL, NULL, '2015-06-03 13:47:36', '2015-06-03 13:47:36'),
	(352, NULL, NULL, 'R.', 'van den Doel', 'Dr.', NULL, '2015-06-03 13:47:45', '2015-06-03 13:48:43'),
	(353, NULL, NULL, 'H.', 'Strik', NULL, NULL, '2015-06-03 13:49:25', '2015-06-03 13:49:25'),
	(354, NULL, NULL, 'A.', 'van der Lee', NULL, NULL, '2015-06-03 13:49:35', '2015-06-03 13:49:35'),
	(355, NULL, NULL, 'M.', 'Coene', NULL, NULL, '2015-06-03 13:49:43', '2015-06-03 13:49:43'),
	(356, NULL, NULL, 'B.', 'Vaerenberg', NULL, NULL, '2015-06-03 13:50:01', '2015-06-03 13:50:01'),
	(357, NULL, NULL, 'S.', 'de Leeuw', 'Prof. dr.', NULL, '2015-06-03 13:50:37', '2015-06-03 13:50:37'),
	(358, NULL, NULL, 'J.', 'van Gorp', NULL, NULL, '2015-06-03 13:50:52', '2015-06-03 13:50:52'),
	(359, NULL, NULL, 'E.', 'Baaren', NULL, NULL, '2015-06-03 13:51:06', '2015-06-03 13:51:06'),
	(360, NULL, NULL, 'M.', 'Everaert', 'Prof. dr.', NULL, '2015-06-03 13:51:39', '2015-06-03 13:51:39'),
	(361, NULL, NULL, 'K.', 'Leurs', 'dr.', NULL, '2015-06-03 13:52:14', '2015-06-03 13:52:14'),
	(362, NULL, NULL, 'T.', 'de Moor', 'Prof. dr. ', NULL, '2015-06-03 13:52:25', '2015-06-03 13:54:15'),
	(363, NULL, NULL, 'F.', 'van Oostrom', 'Prof. dr. ', NULL, '2015-06-03 13:55:07', '2015-06-03 13:55:07'),
	(364, NULL, NULL, 'B.', 'Holleman', NULL, NULL, '2015-06-03 13:55:28', '2015-06-03 13:55:28'),
	(365, NULL, NULL, 'M.', 'Kwakkelstein', 'Prof. dr. ', NULL, '2015-06-03 13:56:25', '2015-06-03 13:56:25'),
	(366, NULL, NULL, 'O.', 'Lie', 'Prof. dr. ', NULL, '2015-06-03 13:57:23', '2015-06-03 13:57:23'),
	(367, NULL, NULL, 'P.', 'Bos', NULL, NULL, '2015-06-05 15:27:28', '2015-06-05 15:27:28'),
	(368, NULL, NULL, 'A.', 'Dimitriadis', NULL, NULL, '2015-06-06 12:26:37', '2015-06-06 12:26:37');
/*!40000 ALTER TABLE `people` ENABLE KEYS */;


-- Exportiere Struktur von Tabelle dhregistry.person_external_identifiers
DROP TABLE IF EXISTS `person_external_identifiers`;
CREATE TABLE IF NOT EXISTS `person_external_identifiers` (
  `id` int(11) NOT NULL AUTO_INCREMENT,
  `person_id` int(11) NOT NULL,
  `external_identifier_type_id` int(11) NOT NULL,
  `identifier` varchar(255) COLLATE utf8_unicode_ci NOT NULL,
  PRIMARY KEY (`id`),
  KEY `FK_project_external_identifiers_projects` (`person_id`),
  KEY `FK_project_external_identifiers_external_identifier_types` (`external_identifier_type_id`),
  CONSTRAINT `person_external_identifiers_ibfk_1` FOREIGN KEY (`person_id`) REFERENCES `people` (`id`) ON UPDATE CASCADE,
  CONSTRAINT `person_external_identifiers_ibfk_2` FOREIGN KEY (`external_identifier_type_id`) REFERENCES `external_identifier_types` (`id`) ON UPDATE CASCADE
) ENGINE=InnoDB AUTO_INCREMENT=483 DEFAULT CHARSET=utf8 COLLATE=utf8_unicode_ci ROW_FORMAT=COMPACT;

-- Exportiere Daten aus Tabelle dhregistry.person_external_identifiers: ~607 rows (ungefähr)
/*!40000 ALTER TABLE `person_external_identifiers` DISABLE KEYS */;
INSERT INTO `person_external_identifiers` (`id`, `person_id`, `external_identifier_type_id`, `identifier`) VALUES
	(1, 1, 5, 'PRS1234958'),
	(2, 2, 5, 'PRS1235136'),
	(3, 2, 7, 'DAI071630848'),
	(4, 3, 5, 'PRS1235267'),
	(5, 3, 7, 'DAI314492461'),
	(6, 4, 5, 'PRS1235269'),
	(7, 4, 7, 'DAI071579796'),
	(8, 5, 5, 'PRS1235562'),
	(9, 5, 7, 'DAI068367562'),
	(10, 6, 5, 'PRS1235710'),
	(11, 6, 7, 'DAI069285349'),
	(12, 7, 5, 'PRS1235723'),
	(13, 7, 7, 'DAI070151466'),
	(14, 8, 5, 'PRS1235733'),
	(15, 8, 7, 'DAI069752680'),
	(16, 9, 5, 'PRS1236400'),
	(17, 9, 7, 'DAI069469253'),
	(18, 10, 5, 'PRS1236417'),
	(19, 10, 7, 'DAI068933266'),
	(20, 11, 5, 'PRS1236442'),
	(21, 11, 7, 'DAI069326851'),
	(22, 12, 5, 'PRS1236598'),
	(23, 12, 7, 'DAI069207038'),
	(24, 13, 5, 'PRS1236710'),
	(25, 13, 7, 'DAI068849222'),
	(26, 14, 5, 'PRS1237191'),
	(27, 14, 7, 'DAI072165065'),
	(28, 15, 5, 'PRS1237292'),
	(29, 15, 7, 'DAI072206977'),
	(30, 16, 5, 'PRS1237352'),
	(31, 16, 7, 'DAI071633146'),
	(32, 17, 5, 'PRS1237356'),
	(33, 17, 7, 'DAI071115374'),
	(34, 18, 5, 'PRS1237746'),
	(35, 18, 7, 'DAI070341923'),
	(36, 19, 5, 'PRS1237840'),
	(37, 19, 7, 'DAI074469312'),
	(38, 20, 5, 'PRS1238282'),
	(39, 20, 7, 'DAI073689548'),
	(40, 21, 5, 'PRS1238343'),
	(41, 21, 7, 'DAI304362603'),
	(42, 22, 5, 'PRS1238547'),
	(43, 22, 7, 'DAI071819576'),
	(44, 23, 5, 'PRS1238603'),
	(45, 23, 7, 'DAI068900384'),
	(46, 24, 5, 'PRS1238650'),
	(47, 24, 7, 'DAI074026542'),
	(48, 25, 5, 'PRS1238804'),
	(49, 25, 7, 'DAI069587450'),
	(50, 26, 5, 'PRS1238880'),
	(51, 26, 7, 'DAI068491263'),
	(52, 27, 5, 'PRS1238956'),
	(53, 27, 7, 'DAI074139487'),
	(54, 28, 5, 'PRS1239075'),
	(55, 29, 5, 'PRS1239102'),
	(56, 29, 7, 'DAI070409633'),
	(57, 30, 5, 'PRS1239393'),
	(58, 30, 7, 'DAI096739525'),
	(59, 31, 5, 'PRS1240212'),
	(60, 31, 7, 'DAI070725500'),
	(61, 32, 5, 'PRS1240268'),
	(62, 32, 7, 'DAI074647997'),
	(63, 33, 5, 'PRS1240478'),
	(64, 33, 7, 'DAI094954852'),
	(65, 34, 5, 'PRS1240584'),
	(66, 34, 7, 'DAI074008145'),
	(67, 35, 5, 'PRS1240707'),
	(68, 35, 7, 'DAI073185523'),
	(69, 36, 5, 'PRS1240927'),
	(70, 36, 7, 'DAI068579985'),
	(71, 37, 5, 'PRS1241081'),
	(72, 37, 7, 'DAI071264795'),
	(73, 38, 5, 'PRS1241207'),
	(74, 39, 5, 'PRS1241213'),
	(75, 40, 5, 'PRS1242150'),
	(76, 40, 7, 'DAI073973351'),
	(77, 41, 5, 'PRS1242283'),
	(78, 41, 7, 'DAI147972590'),
	(79, 42, 5, 'PRS1242565'),
	(80, 42, 7, 'DAI074772295'),
	(81, 43, 5, 'PRS1242574'),
	(82, 43, 7, 'DAI078305942'),
	(83, 44, 5, 'PRS1242583'),
	(84, 44, 7, 'DAI071792279'),
	(85, 45, 5, 'PRS1242600'),
	(86, 45, 7, 'DAI074120204'),
	(87, 46, 5, 'PRS1242733'),
	(88, 46, 7, 'DAI069708959'),
	(89, 47, 5, 'PRS1242925'),
	(90, 47, 7, 'DAI298805235'),
	(91, 48, 5, 'PRS1243187'),
	(92, 48, 7, 'DAI073836907'),
	(93, 49, 5, 'PRS1243224'),
	(94, 49, 7, 'DAI188785833'),
	(95, 50, 5, 'PRS1243302'),
	(96, 50, 7, 'DAI073731498'),
	(97, 51, 5, 'PRS1245047'),
	(98, 51, 7, 'DAI304078484'),
	(99, 52, 5, 'PRS1245167'),
	(100, 52, 7, 'DAI120007657'),
	(101, 53, 5, 'PRS1245257'),
	(102, 53, 7, 'DAI073999571'),
	(103, 54, 5, 'PRS1245277'),
	(104, 54, 7, 'DAI072071516'),
	(105, 55, 5, 'PRS1247347'),
	(106, 55, 7, 'DAI069702624'),
	(107, 56, 5, 'PRS1247560'),
	(108, 56, 7, 'DAI074724770'),
	(109, 57, 5, 'PRS1251525'),
	(110, 57, 7, 'DAI200190776'),
	(111, 58, 5, 'PRS1251539'),
	(112, 58, 7, 'DAI068320949'),
	(113, 59, 5, 'PRS1251557'),
	(114, 59, 7, 'DAI141937653'),
	(115, 60, 5, 'PRS1251824'),
	(116, 61, 5, 'PRS1251923'),
	(117, 61, 7, 'DAI11878210X'),
	(118, 62, 5, 'PRS1251931'),
	(119, 62, 7, 'DAI073752096'),
	(120, 63, 5, 'PRS1253080'),
	(121, 63, 7, 'DAI101409990'),
	(122, 64, 5, 'PRS1253081'),
	(123, 65, 5, 'PRS1253351'),
	(124, 65, 7, 'DAI304848379'),
	(125, 66, 5, 'PRS1254547'),
	(126, 66, 7, 'DAI074454986'),
	(127, 67, 5, 'PRS1255020'),
	(128, 67, 7, 'DAI073886041'),
	(129, 68, 5, 'PRS1255574'),
	(130, 68, 7, 'DAI074762516'),
	(131, 69, 5, 'PRS1255576'),
	(132, 69, 7, 'DAI164143076'),
	(133, 70, 5, 'PRS1255826'),
	(134, 71, 5, 'PRS1255844'),
	(135, 71, 7, 'DAI071761209'),
	(136, 72, 5, 'PRS1255956'),
	(137, 72, 7, 'DAI126307423'),
	(138, 73, 5, 'PRS1256160'),
	(139, 73, 7, 'DAI153898496'),
	(140, 74, 5, 'PRS1256376'),
	(141, 74, 7, 'DAI074405624'),
	(142, 75, 5, 'PRS1257005'),
	(143, 75, 7, 'DAI100042368'),
	(144, 76, 5, 'PRS1257161'),
	(145, 76, 7, 'DAI208178503'),
	(146, 77, 5, 'PRS1257162'),
	(147, 77, 7, 'DAI069413762'),
	(148, 78, 5, 'PRS1258909'),
	(149, 78, 7, 'DAI068979266'),
	(150, 79, 5, 'PRS1258918'),
	(151, 79, 7, 'DAI070166803'),
	(152, 80, 5, 'PRS1259760'),
	(153, 80, 7, 'DAI074965255'),
	(154, 81, 5, 'PRS1261099'),
	(155, 81, 7, 'DAI102417423'),
	(156, 82, 5, 'PRS1263296'),
	(157, 82, 7, 'DAI160365104'),
	(158, 83, 5, 'PRS1263984'),
	(159, 83, 7, 'DAI189548940'),
	(160, 84, 5, 'PRS1264586'),
	(161, 84, 7, 'DAI323246478'),
	(162, 85, 5, 'PRS1264852'),
	(163, 85, 7, 'DAI297550373'),
	(164, 86, 5, 'PRS1264864'),
	(165, 87, 5, 'PRS1264918'),
	(166, 87, 7, 'DAI165662689'),
	(167, 88, 5, 'PRS1264925'),
	(168, 88, 7, 'DAI165672471'),
	(169, 89, 5, 'PRS1265732'),
	(170, 90, 5, 'PRS1266365'),
	(171, 90, 7, 'DAI071868402'),
	(172, 91, 5, 'PRS1266366'),
	(173, 92, 5, 'PRS1267315'),
	(174, 92, 7, 'DAI11413944X'),
	(175, 93, 5, 'PRS1267757'),
	(176, 93, 7, 'DAI323252575'),
	(177, 94, 5, 'PRS1267770'),
	(178, 94, 7, 'DAI125400772'),
	(179, 95, 5, 'PRS1268204'),
	(180, 95, 7, 'DAI145655148'),
	(181, 96, 5, 'PRS1271391'),
	(182, 96, 7, 'DAI073108812'),
	(183, 97, 5, 'PRS1271413'),
	(184, 97, 7, 'DAI072838965'),
	(185, 98, 5, 'PRS1271592'),
	(186, 98, 7, 'DAI143097814'),
	(187, 99, 5, 'PRS1271610'),
	(188, 99, 7, 'DAI114390304'),
	(189, 100, 5, 'PRS1273566'),
	(190, 100, 7, 'DAI071676619'),
	(191, 101, 5, 'PRS1273602'),
	(192, 101, 7, 'DAI24026830X'),
	(193, 102, 5, 'PRS1274275'),
	(194, 102, 7, 'DAI074787926'),
	(195, 103, 5, 'PRS1274500'),
	(196, 103, 7, 'DAI074237799'),
	(197, 104, 5, 'PRS1274519'),
	(198, 104, 7, 'DAI192772732'),
	(199, 105, 5, 'PRS1274952'),
	(200, 105, 7, 'DAI182984257'),
	(201, 106, 5, 'PRS1275095'),
	(202, 106, 7, 'DAI197108679'),
	(203, 107, 5, 'PRS1275181'),
	(204, 108, 5, 'PRS1275251'),
	(205, 108, 7, 'DAI227234650'),
	(206, 109, 5, 'PRS1276250'),
	(207, 109, 7, 'DAI304797405'),
	(208, 110, 5, 'PRS1276311'),
	(209, 110, 7, 'DAI16798814X'),
	(210, 111, 5, 'PRS1277152'),
	(211, 111, 7, 'DAI084742984'),
	(212, 112, 5, 'PRS1278057'),
	(213, 112, 7, 'DAI06885675X'),
	(214, 113, 5, 'PRS1278236'),
	(215, 113, 7, 'DAI084771747'),
	(216, 114, 5, 'PRS1278565'),
	(217, 114, 7, 'DAI111057019'),
	(218, 115, 5, 'PRS1278789'),
	(219, 115, 7, 'DAI251932273'),
	(220, 116, 5, 'PRS1279039'),
	(221, 116, 7, 'DAI236136321'),
	(222, 117, 5, 'PRS1281443'),
	(223, 117, 7, 'DAI312985169'),
	(224, 118, 5, 'PRS1281444'),
	(225, 119, 5, 'PRS1281451'),
	(226, 119, 7, 'DAI285623117'),
	(227, 120, 5, 'PRS1282439'),
	(228, 121, 5, 'PRS1284011'),
	(229, 122, 5, 'PRS1284012'),
	(230, 123, 5, 'PRS1284329'),
	(231, 123, 7, 'DAI08251822X'),
	(232, 124, 5, 'PRS1284330'),
	(233, 124, 7, 'DAI182536173'),
	(234, 125, 5, 'PRS1284367'),
	(235, 126, 5, 'PRS1284411'),
	(236, 126, 7, 'DAI074757024'),
	(237, 127, 5, 'PRS1284417'),
	(238, 127, 7, 'DAI304339091'),
	(239, 128, 5, 'PRS1284441'),
	(240, 128, 7, 'DAI197074324'),
	(241, 129, 5, 'PRS1285011'),
	(242, 129, 7, 'DAI073292842'),
	(243, 130, 5, 'PRS1285467'),
	(244, 131, 5, 'PRS1285554'),
	(245, 132, 5, 'PRS1285555'),
	(246, 132, 7, 'DAI218189737'),
	(247, 133, 5, 'PRS1285608'),
	(248, 133, 7, 'DAI140495428'),
	(249, 134, 5, 'PRS1285612'),
	(250, 135, 5, 'PRS1285631'),
	(251, 135, 7, 'DAI074829769'),
	(252, 136, 5, 'PRS1285871'),
	(253, 136, 7, 'DAI326096957'),
	(254, 137, 5, 'PRS1285872'),
	(255, 137, 7, 'DAI157581772'),
	(256, 138, 5, 'PRS1286775'),
	(257, 139, 5, 'PRS1286905'),
	(258, 140, 5, 'PRS1287082'),
	(259, 140, 7, 'DAI269104305'),
	(260, 141, 5, 'PRS1287159'),
	(261, 142, 5, 'PRS1287366'),
	(262, 142, 7, 'DAI074134191'),
	(263, 143, 5, 'PRS1287825'),
	(264, 143, 7, 'DAI082781710'),
	(265, 144, 5, 'PRS1288093'),
	(266, 144, 7, 'DAI136423701'),
	(267, 145, 5, 'PRS1288323'),
	(268, 145, 7, 'DAI277979307'),
	(269, 146, 5, 'PRS1288469'),
	(270, 146, 7, 'DAI212337084'),
	(271, 147, 5, 'PRS1288986'),
	(272, 147, 7, 'DAI298971852'),
	(273, 148, 5, 'PRS1289624'),
	(274, 149, 5, 'PRS1290364'),
	(275, 150, 5, 'PRS1291300'),
	(276, 150, 7, 'DAI152098836'),
	(277, 151, 5, 'PRS1291417'),
	(278, 151, 7, 'DAI297963538'),
	(279, 152, 5, 'PRS1291587'),
	(280, 152, 7, 'DAI06959645X'),
	(281, 153, 5, 'PRS1291928'),
	(282, 153, 7, 'DAI297706489'),
	(283, 154, 5, 'PRS1291933'),
	(284, 154, 7, 'DAI298808412'),
	(285, 155, 5, 'PRS1292393'),
	(286, 155, 7, 'DAI305552163'),
	(287, 156, 5, 'PRS1292476'),
	(288, 156, 7, 'DAI240588991'),
	(289, 157, 5, 'PRS1292478'),
	(290, 157, 7, 'DAI072677988'),
	(291, 158, 5, 'PRS1292481'),
	(292, 158, 7, 'DAI163380414'),
	(293, 159, 5, 'PRS1292544'),
	(294, 159, 7, 'DAI292577400'),
	(295, 160, 5, 'PRS1292586'),
	(296, 160, 7, 'DAI239290402'),
	(297, 161, 5, 'PRS1292896'),
	(298, 162, 5, 'PRS1292899'),
	(299, 162, 7, 'DAI314960449'),
	(300, 163, 5, 'PRS1292900'),
	(301, 164, 5, 'PRS1293228'),
	(302, 164, 7, 'DAI266045006'),
	(303, 165, 5, 'PRS1293704'),
	(304, 165, 7, 'DAI073580600'),
	(305, 166, 5, 'PRS1293819'),
	(306, 166, 7, 'DAI074325159'),
	(307, 167, 5, 'PRS1294030'),
	(308, 167, 7, 'DAI08904567X'),
	(309, 168, 5, 'PRS1294210'),
	(310, 168, 7, 'DAI296096229'),
	(311, 169, 5, 'PRS1294221'),
	(312, 170, 5, 'PRS1294231'),
	(313, 171, 5, 'PRS1294261'),
	(314, 171, 7, 'DAI074517392'),
	(315, 172, 5, 'PRS1294618'),
	(316, 172, 7, 'DAI327785519'),
	(317, 173, 5, 'PRS1295875'),
	(318, 173, 7, 'DAI090634543'),
	(319, 174, 5, 'PRS1296478'),
	(320, 174, 7, 'DAI226468089'),
	(321, 175, 5, 'PRS1297147'),
	(322, 176, 5, 'PRS1297586'),
	(323, 176, 7, 'DAI120946157'),
	(324, 177, 5, 'PRS1297722'),
	(325, 177, 7, 'DAI298201461'),
	(326, 178, 5, 'PRS1298277'),
	(327, 178, 7, 'DAI21799086X'),
	(328, 179, 5, 'PRS1298379'),
	(329, 179, 7, 'DAI229916740'),
	(330, 180, 5, 'PRS1298460'),
	(331, 180, 7, 'DAI298813939'),
	(332, 181, 5, 'PRS1298537'),
	(333, 182, 5, 'PRS1298541'),
	(334, 182, 7, 'DAI304828521'),
	(335, 183, 5, 'PRS1298581'),
	(336, 183, 7, 'DAI240717473'),
	(337, 184, 5, 'PRS1298623'),
	(338, 185, 5, 'PRS1298754'),
	(339, 185, 7, 'DAI176062114'),
	(340, 186, 5, 'PRS1298804'),
	(341, 186, 7, 'DAI297391879'),
	(342, 187, 5, 'PRS1299227'),
	(343, 187, 7, 'DAI14779479X'),
	(344, 188, 5, 'PRS1299517'),
	(345, 188, 7, 'DAI304362301'),
	(346, 189, 5, 'PRS1299672'),
	(347, 189, 7, 'DAI304075639'),
	(348, 190, 5, 'PRS1301053'),
	(349, 190, 7, 'DAI069030820'),
	(350, 191, 5, 'PRS1301329'),
	(351, 192, 5, 'PRS1301959'),
	(352, 192, 7, 'DAI297373439'),
	(353, 193, 5, 'PRS1301960'),
	(354, 194, 5, 'PRS1302132'),
	(355, 195, 5, 'PRS1302133'),
	(356, 195, 7, 'DAI323257941'),
	(357, 196, 5, 'PRS1302134'),
	(358, 196, 7, 'DAI323257453'),
	(359, 197, 5, 'PRS1302135'),
	(360, 198, 5, 'PRS1302390'),
	(361, 199, 5, 'PRS1303226'),
	(362, 200, 5, 'PRS1303326'),
	(363, 201, 5, 'PRS1303688'),
	(364, 202, 5, 'PRS1306476'),
	(365, 202, 7, 'DAI304348961'),
	(366, 203, 5, 'PRS1306487'),
	(367, 203, 7, 'DAI304354147'),
	(368, 204, 5, 'PRS1306960'),
	(369, 205, 5, 'PRS1306961'),
	(370, 206, 5, 'PRS1307083'),
	(371, 206, 7, 'DAI292065302'),
	(372, 207, 5, 'PRS1307110'),
	(373, 208, 5, 'PRS1308461'),
	(374, 208, 7, 'DAI080346634'),
	(375, 209, 5, 'PRS1309905'),
	(376, 209, 7, 'DAI118933175'),
	(377, 210, 5, 'PRS1309914'),
	(378, 211, 5, 'PRS1310328'),
	(379, 211, 7, 'DAI141928034'),
	(380, 212, 5, 'PRS1311544'),
	(381, 213, 5, 'PRS1311694'),
	(382, 214, 5, 'PRS1312103'),
	(383, 214, 7, 'DAI298400197'),
	(384, 215, 5, 'PRS1313359'),
	(385, 215, 7, 'DAI07300927X'),
	(386, 216, 5, 'PRS1313672'),
	(387, 216, 7, 'DAI086821172'),
	(388, 217, 5, 'PRS1314220'),
	(389, 217, 7, 'DAI304078247'),
	(390, 218, 5, 'PRS1314426'),
	(391, 218, 7, 'DAI292747950'),
	(392, 219, 5, 'PRS1314758'),
	(393, 220, 5, 'PRS1315007'),
	(394, 221, 5, 'PRS1315348'),
	(395, 222, 5, 'PRS1315353'),
	(396, 223, 5, 'PRS1316349'),
	(397, 223, 7, 'DAI298461072'),
	(398, 224, 5, 'PRS1316351'),
	(399, 225, 5, 'PRS1316360'),
	(400, 226, 5, 'PRS1316650'),
	(401, 227, 5, 'PRS1316835'),
	(402, 228, 5, 'PRS1316864'),
	(403, 228, 7, 'DAI304842117'),
	(404, 229, 5, 'PRS1317068'),
	(405, 229, 7, 'DAI258229705'),
	(406, 230, 5, 'PRS1318209'),
	(407, 230, 7, 'DAI322700779'),
	(408, 231, 5, 'PRS1318224'),
	(409, 231, 7, 'DAI300496524'),
	(410, 232, 5, 'PRS1318681'),
	(411, 233, 5, 'PRS1318682'),
	(412, 234, 5, 'PRS1318840'),
	(413, 234, 7, 'DAI33312376X'),
	(414, 235, 5, 'PRS1318871'),
	(415, 235, 7, 'DAI072728442'),
	(416, 236, 5, 'PRS1318924'),
	(417, 236, 7, 'DAI32048548X'),
	(418, 237, 5, 'PRS1318942'),
	(419, 237, 7, 'DAI287962482'),
	(420, 238, 5, 'PRS1319024'),
	(421, 238, 7, 'DAI099594749'),
	(422, 239, 5, 'PRS1320098'),
	(423, 240, 5, 'PRS1320318'),
	(424, 241, 5, 'PRS1320319'),
	(425, 242, 5, 'PRS1320320'),
	(426, 243, 5, 'PRS1321261'),
	(427, 243, 7, 'DAI323257356'),
	(428, 244, 5, 'PRS1321779'),
	(429, 245, 5, 'PRS1321829'),
	(430, 246, 5, 'PRS1322490'),
	(431, 247, 5, 'PRS1322527'),
	(432, 248, 5, 'PRS1322560'),
	(433, 248, 7, 'DAI327777850'),
	(434, 249, 5, 'PRS1322561'),
	(435, 249, 7, 'DAI327779047'),
	(436, 250, 5, 'PRS1322562'),
	(437, 251, 5, 'PRS1323129'),
	(438, 251, 7, 'DAI315775580'),
	(439, 252, 5, 'PRS1323188'),
	(440, 253, 5, 'PRS1325524'),
	(441, 253, 7, 'DAI175649847'),
	(442, 254, 5, 'PRS1325608'),
	(443, 255, 5, 'PRS1325609'),
	(444, 256, 5, 'PRS1325610'),
	(445, 257, 5, 'PRS1326134'),
	(446, 258, 5, 'PRS1326135'),
	(447, 259, 5, 'PRS1326137'),
	(448, 260, 5, 'PRS1326138'),
	(449, 261, 5, 'PRS1326139'),
	(450, 262, 5, 'PRS1326140'),
	(451, 263, 5, 'PRS1326142'),
	(452, 263, 7, 'DAI338042369'),
	(453, 264, 5, 'PRS1326147'),
	(454, 265, 5, 'PRS1326299'),
	(455, 265, 7, 'DAI304841250'),
	(456, 266, 5, 'PRS1326438'),
	(457, 267, 5, 'PRS1326687'),
	(458, 268, 5, 'PRS1326688'),
	(459, 269, 5, 'PRS1326860'),
	(460, 270, 5, 'PRS1327360'),
	(461, 271, 5, 'PRS1327876'),
	(462, 272, 5, 'PRS1329338'),
	(463, 273, 5, 'PRS1329447'),
	(464, 274, 5, 'PRS1329454'),
	(465, 275, 5, 'PRS1329456'),
	(466, 276, 5, 'PRS1329457'),
	(467, 277, 5, 'PRS1329794'),
	(468, 278, 5, 'PRS1330421'),
	(469, 278, 7, 'DAI290746507'),
	(470, 279, 5, 'PRS1330422'),
	(471, 280, 5, 'PRS1330509'),
	(472, 281, 5, 'PRS1330510'),
	(473, 282, 5, 'PRS1330672'),
	(474, 283, 5, 'PRS1332255'),
	(475, 2, 1, 'ORCID0000-0003-4748-4412'),
	(476, 44, 2, 'ISNI0000 0000 8150 8690'),
	(477, 46, 2, 'ISNI0000 0001 1724 7366'),
	(478, 136, 1, 'ORCID0000-0001-8879-8798'),
	(479, 243, 1, 'ORCID0000-0002-8914-6107'),
	(480, 263, 1, 'ORCID0000-0002-2212-3197'),
	(481, 278, 2, 'ISNI0000 0000 0251 0961'),
	(482, 278, 1, 'ORCID0000-0002-4020-1515');
/*!40000 ALTER TABLE `person_external_identifiers` ENABLE KEYS */;


-- Exportiere Struktur von Tabelle dhregistry.person_institution_roles
DROP TABLE IF EXISTS `person_institution_roles`;
CREATE TABLE IF NOT EXISTS `person_institution_roles` (
  `id` int(11) NOT NULL AUTO_INCREMENT,
  `name` varchar(255) COLLATE utf8_unicode_ci NOT NULL,
  `narcis_key` varchar(50) COLLATE utf8_unicode_ci DEFAULT NULL,
  PRIMARY KEY (`id`)
) ENGINE=InnoDB AUTO_INCREMENT=15 DEFAULT CHARSET=utf8 COLLATE=utf8_unicode_ci;

-- Exportiere Daten aus Tabelle dhregistry.person_institution_roles: ~14 rows (ungefähr)
/*!40000 ALTER TABLE `person_institution_roles` DISABLE KEYS */;
INSERT INTO `person_institution_roles` (`id`, `name`, `narcis_key`) VALUES
	(1, 'Assistant professor', NULL),
	(2, 'Programme leader / Group leader', NULL),
	(3, 'Professor emeritus', NULL),
	(4, 'Management', NULL),
	(5, 'Researcher', NULL),
	(6, 'Honorary professor', NULL),
	(7, 'Professor', NULL),
	(8, 'Part-time professor', NULL),
	(9, 'Extraordinary professor', NULL),
	(10, 'Associate professor', NULL),
	(11, 'Contact person organisation', NULL),
	(12, 'Dean', NULL),
	(13, 'Professor (UAS)', NULL),
	(14, 'Employee ', NULL);
/*!40000 ALTER TABLE `person_institution_roles` ENABLE KEYS */;


-- Exportiere Struktur von Tabelle dhregistry.person_project_roles
DROP TABLE IF EXISTS `person_project_roles`;
CREATE TABLE IF NOT EXISTS `person_project_roles` (
  `id` int(11) NOT NULL AUTO_INCREMENT,
  `name` varchar(255) NOT NULL,
  PRIMARY KEY (`id`)
) ENGINE=InnoDB AUTO_INCREMENT=7 DEFAULT CHARSET=utf8;

-- Exportiere Daten aus Tabelle dhregistry.person_project_roles: ~6 rows (ungefähr)
/*!40000 ALTER TABLE `person_project_roles` DISABLE KEYS */;
INSERT INTO `person_project_roles` (`id`, `name`) VALUES
	(1, 'Contact person'),
	(2, 'Co-supervisor'),
	(3, 'Researcher'),
	(4, 'Project leader'),
	(5, 'Supervisor'),
	(6, 'Doctoral/PhD student');
/*!40000 ALTER TABLE `person_project_roles` ENABLE KEYS */;


-- Exportiere Struktur von Tabelle dhregistry.projects
DROP TABLE IF EXISTS `projects`;
CREATE TABLE IF NOT EXISTS `projects` (
  `id` int(11) NOT NULL AUTO_INCREMENT,
  `active` tinyint(1) NOT NULL DEFAULT '1',
  `review` tinyint(1) NOT NULL DEFAULT '0' COMMENT 'what was this field for?',
  `last_invitation_date` varchar(50) COLLATE utf8_unicode_ci DEFAULT NULL,
  `last_invitation_address` varchar(255) COLLATE utf8_unicode_ci DEFAULT NULL,
  `user_id` int(11) DEFAULT NULL COMMENT 'the user this record is assigned to for maintenance',
  `parent_id` int(11) DEFAULT NULL,
  `created` datetime DEFAULT NULL,
  `updated` datetime DEFAULT NULL,
  `name` varchar(255) COLLATE utf8_unicode_ci NOT NULL,
  `description` text COLLATE utf8_unicode_ci,
  `is_phd` tinyint(1) NOT NULL DEFAULT '0',
  `phd_students` int(11) DEFAULT NULL,
  `start_date` varchar(50) COLLATE utf8_unicode_ci DEFAULT NULL,
  `end_date` varchar(50) COLLATE utf8_unicode_ci DEFAULT NULL,
  `funding_body` varchar(255) COLLATE utf8_unicode_ci DEFAULT NULL,
  `funding_size` int(11) DEFAULT NULL,
  `currency_id` int(11) DEFAULT NULL,
  PRIMARY KEY (`id`),
  KEY `FK_projects_users` (`user_id`),
  KEY `FK_projects_projects` (`parent_id`),
  KEY `FK_projects_currencies` (`currency_id`),
  CONSTRAINT `FK_projects_currencies` FOREIGN KEY (`currency_id`) REFERENCES `currencies` (`id`) ON UPDATE CASCADE,
  CONSTRAINT `FK_projects_projects` FOREIGN KEY (`parent_id`) REFERENCES `projects` (`id`) ON UPDATE CASCADE,
  CONSTRAINT `FK_projects_users` FOREIGN KEY (`user_id`) REFERENCES `users` (`id`) ON UPDATE CASCADE
) ENGINE=InnoDB AUTO_INCREMENT=307 DEFAULT CHARSET=utf8 COLLATE=utf8_unicode_ci;

-- Exportiere Daten aus Tabelle dhregistry.projects: ~228 rows (ungefähr)
/*!40000 ALTER TABLE `projects` DISABLE KEYS */;
INSERT INTO `projects` (`id`, `active`, `review`, `last_invitation_date`, `last_invitation_address`, `user_id`, `parent_id`, `created`, `updated`, `name`, `description`, `is_phd`, `phd_students`, `start_date`, `end_date`, `funding_body`, `funding_size`, `currency_id`) VALUES
	(4, 0, 0, NULL, NULL, NULL, NULL, '2015-05-22 20:12:54', '2015-06-06 20:14:24', 'Alexandria', '', 0, 0, NULL, NULL, NULL, NULL, NULL),
	(5, 1, 0, NULL, NULL, NULL, NULL, '2015-05-22 20:12:54', '2015-05-22 20:22:45', 'Archeology of Architecture: The Presentation and Publication of Virtual 3D Constructions of Lost Monuments', 'This research project focuses on the investigation and, eventually, the development of  a new, interchangeable format and method to publish digital 3/4D reconstruction of (ancient) architecture and cityscapes, with the reconstruction of two (lost) monuments in Rome as a point of departure.', 0, 0, '2013', '2014', NULL, NULL, NULL),
	(6, 1, 0, NULL, NULL, NULL, NULL, '2015-05-22 20:12:54', '2015-05-22 20:22:48', 'Arthurian fiction', 'This research tool provides information on medieval Arthurian narratives and the manuscripts in which they are transmitted throughout Europe. The database consists of linked records on over two hundred texts, more than thousand manuscripts and two hundred persons. Texts which belong to the pseudo-historical tradition of Geoffrey of Monmouth and printed books are not include', 0, 0, '2004', '2008', NULL, NULL, NULL),
	(7, 1, 0, NULL, NULL, NULL, NULL, '2015-05-22 20:12:54', '2015-05-22 20:27:29', 'Asymmetrical Encounters – Digital Humanities Approaches to Reference Cultures in Europe, 1815-1992', 'This project will explore the cultural aspects of European identity and how the reference cultures have changed between 1815-1992. The project members will use large volumes of textual materials, largely in the form of long runs of digitized newspapers, pamphlets etc., and apply multi-lingual text mining techniques to explore intercultural references across time and space.', 0, 0, NULL, NULL, NULL, NULL, NULL),
	(8, 1, 0, NULL, NULL, NULL, NULL, '2015-05-22 20:12:54', '2015-05-22 20:22:52', 'Augmenting Masterpieces: Interfaces between the Psysical and Digital Collection of the Rijksmuseum ', 'This research project aims at creating a theoretical framework, formulating existing and desired features, testing user experience, developing prototypes of new interfaces for virtual and physical interaction in the museum context and creating a final product to be used for augmented museum tours.', 0, 0, '2013', '2014', NULL, NULL, NULL),
	(11, 1, 0, NULL, NULL, NULL, NULL, '2015-05-22 20:12:54', '2015-05-22 20:27:29', 'Beyond the Book', 'The project researches which textual features play a role in how readable a work of fiction is for readers from a different culture. The aim is to design a visualization tool to show the level of \'international readability\' of novels', 0, 0, NULL, NULL, NULL, NULL, NULL),
	(18, 1, 0, NULL, NULL, NULL, NULL, '2015-05-22 20:12:54', '2015-06-06 01:04:33', 'COMPARE', 'COMPAring floor plan lay-out of REconstructed Dutch farmhouses of the 1940s and 1950s, using visualization and pattern recognition techniques. \r\nThe project aims at recognizing and organizing maps by using innovative pattern recognition software, digital image processing and visualization techniques', 0, 0, '2014', NULL, NULL, NULL, NULL),
	(19, 1, 0, NULL, NULL, NULL, NULL, '2015-05-22 20:12:54', '2015-05-22 20:27:29', 'CollateX', 'CollateX is an automatic text alignment tool that can be fitted into the workflow of a researcher in a number of ways.', 0, 0, NULL, NULL, NULL, NULL, NULL),
	(20, 1, 0, NULL, NULL, NULL, NULL, '2015-05-22 20:12:54', '2015-05-22 20:17:35', 'Creative Territories: Exploring Innovation in Indie Game Production Contexts and Connections', 'The research aims to formulate and ‘map forward’ the key processes and connections that represent commercially viable, creatively sustainable and culturally valuable pathways for the development of this sector so that it lives beyond its early ‘bubble’ and makes a significant difference in video game production as both economically and culturally valuable form.', 0, 0, '2014', NULL, NULL, NULL, NULL),
	(21, 1, 0, NULL, NULL, NULL, NULL, '2015-05-22 20:12:54', '2015-05-22 20:17:38', 'Charting the Digital: Digital Mapping Practices as New Media Cultures', 'the project aims to conduct a comparative analysis of a broad spectrum of digital mapping devices: in relation to (a) each other; (b) traditional cartography; (c) to other media forms that are concerned with mapping and navigation. The projects aims to examine how digital maps can be simultaneously understood as new media, technologies and cartographies. ', 0, 0, '2014', NULL, NULL, NULL, NULL),
	(26, 1, 0, NULL, NULL, NULL, NULL, '2015-05-22 20:12:54', '2015-05-22 20:22:19', 'Digital canal', 'This project aims at developing a geocoder that works with non standardized descriptions and that takes into account the changing cityscape. ', 0, 0, '2012', '2013', NULL, NULL, NULL),
	(29, 1, 0, NULL, NULL, NULL, NULL, '2015-05-22 20:12:54', '2015-05-22 20:22:25', 'Dynamic drawings in enhanced publications', 'Dynamic Drawings visualizes old drawings into colorful 2D or 3D animations and explores new ways of publishing in which publications in print and digital form are used complementary.', 0, 0, '2012', '2013', NULL, NULL, NULL),
	(30, 1, 0, NULL, NULL, NULL, NULL, '2015-05-22 20:12:54', '2015-05-22 20:22:29', 'Dutch Ships and Sailors', 'Dutch Ships and Sailors is a project that aims to provide an infrastructure for maritime historical datasets, linking correlating data through semantic web technology. It brings together datasets related to recruitment and shipping in the East-India trade (mainly 18th century) and in the shipping of the northern provinces of the Netherlands (mainly 19th century). For the northern provinces, the database contains data on the personnel recruited, the ships, and other variables (Monsterrollen Noordelijke Nederlanden).', 0, 0, '2013', '2014', NULL, NULL, NULL),
	(33, 1, 0, NULL, NULL, NULL, NULL, '2015-05-22 20:12:54', '2015-05-22 20:27:29', 'eLaborate', 'eLaborate is an online work environment in which scholars can upload scans, transcribe and annotate text, and publish the results as on online text edition which is freely available to all users.', 0, 0, NULL, NULL, NULL, NULL, NULL),
	(34, 1, 0, NULL, NULL, NULL, NULL, '2015-05-22 20:12:54', '2015-05-22 20:22:41', 'Evaluating the Humanities', 'The project aims to determine the degree to which university press prestige is a mythical concept. Moreover, it aims to provide insight into the selection process of arts and humanities books for new book citation indices.  The third objective is to map directed relationships from journals to university presses\n(via book reference strings). The fourth objective is to to combine the results of our quantitative analyses using Scopus data with a qualitative analysis of the academic/university press publishers ', 0, 0, '2012', '2013', NULL, NULL, NULL),
	(35, 1, 0, NULL, NULL, NULL, NULL, '2015-05-22 20:12:54', '2015-05-22 20:27:29', 'EUscreenXL – Exploring Europe’s Television Heritage in Changing Context', 'EUscreenXL is a project and best practice network which aims at improving and developing the EUscreen portal. It is a consortium involving European audiovisual and broadcasting archives. EUscreenXL aligns audiovisual collections held throughout Europe and connects them within the audiovisual domain of Europeana, an online collection of millions of digitised items from European museums, libraries and archives.', 0, 0, NULL, NULL, NULL, NULL, NULL),
	(36, 1, 0, NULL, NULL, NULL, NULL, '2015-05-22 20:12:54', '2015-05-22 20:24:51', 'Evaluating the Humanities - II. From bibliometrics to public valorization', 'The goal is to augment and/or enrich an unique database with \'altmetrics\' data, that is, \'alternative forms of metric data\' retrieved from the social Web.', 0, 0, '2013', '2014', NULL, NULL, NULL),
	(38, 1, 0, NULL, NULL, NULL, NULL, '2015-05-22 20:12:54', '2015-05-22 20:18:09', 'Expertisecentrum Literair Vertalen', '', 0, 0, '2014', NULL, NULL, NULL, NULL),
	(39, 1, 0, NULL, NULL, NULL, NULL, '2015-05-22 20:12:54', '2015-05-22 20:27:29', 'From sentiment mining to mining embodied emotions', 'The project aims at researching digitized theater texts for ""emotional styles"" and develops  a more complex form of sentiment mining', 0, 0, NULL, NULL, NULL, NULL, NULL),
	(41, 1, 0, NULL, NULL, NULL, NULL, '2015-05-22 20:12:54', '2015-05-22 20:27:29', 'Games and social change: In-between screens, places and communities', 'The network will also focus on other emergent game platforms (e.g. Alternate Reality Games (ARGs) and Urban Games) that use digital technologies to create games, ', 0, 0, NULL, NULL, NULL, NULL, NULL),
	(42, 1, 0, NULL, NULL, NULL, NULL, '2015-05-22 20:12:54', '2015-05-22 20:27:29', 'GOLIATH – Genealogies of Literature, Autonomisation, Theory and History', 'This project aims to establish the foundations for a study of various aspects of the history of modern literature concept (12th-18th centuries)', 0, 0, NULL, NULL, NULL, NULL, NULL),
	(44, 1, 0, NULL, NULL, NULL, NULL, '2015-05-22 20:12:54', '2015-05-22 20:24:30', '#Hooked! A Game for Uncovering the Mystery of Musical Catchiness', 'The project aims at developing a music game called Hooked, a game that is designed to serve a clever double purpose: on one hand a musical trivia quiz and on the other hand a scientific experiment to gather data for studying musical catchiness.', 0, 0, '2013', '2014', NULL, NULL, NULL),
	(46, 1, 0, NULL, NULL, NULL, NULL, '2015-05-22 20:12:54', '2015-05-22 20:27:29', 'INTER-VIEWS', 'In INTER-VIEWs the project partners (CLST, RU Nijmegen; DANS; Veterans Institute, Doorn; MPI, Nijmegen) have curated a corpus of 250 audio-interviews held with veterans of various conflicts , which can be searched through speech retrieval , and annotated and enriched by insights of the users through a so called search and annotation tool', 0, 0, NULL, NULL, NULL, NULL, NULL),
	(47, 1, 0, NULL, NULL, NULL, NULL, '2015-05-22 20:12:54', '2015-05-22 20:24:13', 'KNAW - Mapping Notes and Nodes in Networks', 'The aim is to explore potential relationships in biographical data and cultural networks in the creative industry in Amsterdam and Rome in the Early Modern Period.', 0, 0, '2013', '2014', NULL, NULL, NULL),
	(48, 1, 0, NULL, NULL, NULL, NULL, '2015-05-22 20:12:54', '2015-05-22 20:27:29', 'Language Technology for eLearning', 'The project will employ Language Technology resources and tools for the semi-automatic generation of descriptive metadata. It will develop new functionalities such as a key word extractor and a glossary candidate detector, tuned for the various languages addressed in the project (Bulgarian, Czech, Dutch, English, German, Maltese, Polish, Portuguese, Romanian).', 0, 0, NULL, NULL, NULL, NULL, NULL),
	(53, 1, 0, NULL, NULL, NULL, NULL, '2015-05-22 20:12:54', '2015-05-22 20:24:04', 'M.O.C.C.A: Modeling Crowdsourcing for Cultural Heritage', 'The project aims to develop a comprehensive model for determining which types and methods of crowdsourcing are relevant for which specific purposes.', 0, 0, '2013', '2014', NULL, NULL, NULL),
	(55, 1, 0, NULL, NULL, NULL, NULL, '2015-05-22 20:12:54', '2015-05-22 20:27:29', 'Mimore', 'The MIMORE tool enables researchers to investigate morphosyntactic variation in the Dutch dialects by searching three related databases with a common on-line search engine. The three databases involved are DynaSAND, DiDDD and GTRP. ', 0, 0, NULL, NULL, NULL, NULL, NULL),
	(56, 1, 0, NULL, NULL, NULL, NULL, '2015-05-22 20:12:54', '2015-05-22 20:24:00', 'Music Similarity', 'The practical goal of this project is to build an application that finds, based on a particular piece of music, other music has a similar tempo / rhythm / timbre / .', 0, 0, '2012', '2013', NULL, NULL, NULL),
	(59, 1, 0, NULL, NULL, NULL, NULL, '2015-05-22 20:12:54', '2015-05-22 20:27:29', 'OpenSonar', 'The OpenSoNaR project aims to facilitate the use of the SoNaR corpus by providing a user-friendly online inter- face. To make sure that the resulting system is practically useful, several user groups have been identified, who drive the interface development process by providing practical use cases. The current system is already used in educational and research settings.', 0, 0, NULL, NULL, NULL, NULL, NULL),
	(60, 1, 0, NULL, NULL, NULL, NULL, '2015-05-22 20:12:54', '2015-05-22 20:27:29', 'PIDEMEHS', 'PIDIMEHS is a pilot study in an interdisciplinary project combining historical and political communication research with data mining and visualization techniques to analyze and present the relation between politics and media. The pilot research focuses on analyzing and interactively visualizing big data sets based on historical media sources (newspapers, magazines) and related material connected to political culture (political journals, proceedings of parliament). A workbench for digital research into historical media sources (research tools, methodological knowledge, theoretical conceptualisation) is a core deliverable.', 0, 0, NULL, NULL, NULL, NULL, NULL),
	(61, 1, 0, NULL, NULL, NULL, NULL, '2015-05-22 20:12:54', '2015-05-22 20:27:29', 'Promoting Effective Intentions: Volitional Scaffolding, Implementation, Intentions, and Bedtime Procastinating', 'The project aims to develop, in collaboration with Philips Research, effective and ethical software applications that individuals can use as “scaffolding” (assistive supports) to reduce their tendency to procrastinate about health-related behaviors – in particular, the tendency to put off going to bed even when what they “really want” is to get a good night of sleep. ', 0, 0, NULL, NULL, NULL, NULL, NULL),
	(64, 1, 0, NULL, NULL, NULL, NULL, '2015-05-22 20:12:54', '2015-05-22 20:27:29', 'QuaMeRDES – A Tool for Analyzing Television in Context', 'The project QuaMeRDES is developing a tool to analyse and compare the content of Dutch television programmes and newspapers. Scholars such as media researchers, historians, and digital humanists will be able to use the QuaMeRDES-demonstrator to explore, analyse and compare the content of Dutch television programmes and newspaper articles. ', 0, 0, NULL, NULL, NULL, NULL, NULL),
	(65, 1, 0, NULL, NULL, NULL, NULL, '2015-05-22 20:12:54', '2015-05-22 20:27:29', 'RemBench', 'The goal of this project is to demonstrate how (art) historians can benefit from linking a pivotal CLARIN resource, namely eLaborate, which adheres to ISOCat, to resources created by museums, archives and libraries, which adhere to other standards for metadata. For that purpose, the project intends to construct a demonstrator that connects a number of databases centred around the life and art of Rembrandt van Rijn.', 0, 0, NULL, NULL, NULL, NULL, NULL),
	(66, 1, 0, NULL, NULL, NULL, NULL, '2015-05-22 20:12:54', '2015-05-22 20:27:29', 'RemDoc', '', 0, 0, NULL, NULL, NULL, NULL, NULL),
	(67, 1, 0, NULL, NULL, NULL, NULL, '2015-05-22 20:12:54', '2015-05-22 20:27:29', 'Slavery Mapping ', '', 0, 0, NULL, NULL, NULL, NULL, NULL),
	(68, 1, 0, NULL, NULL, NULL, NULL, '2015-05-22 20:12:54', '2015-05-22 20:24:59', 'Sailing Networks: Mapping Colonial Relations with Suriname\'s seventeenth-century sailing letters', 'This project intends both to develop innovative GIS software and to instigate a new method to analyze early modern colonial relations with data from the vast Sailing Letters collection. ', 0, 0, '2013', '2014', NULL, NULL, NULL),
	(70, 1, 0, NULL, NULL, NULL, NULL, '2015-05-22 20:12:54', '2015-05-22 20:27:29', 'Short Title Catalogue, Netherlands, as Linked Open Data', '', 0, 0, NULL, NULL, NULL, NULL, NULL),
	(71, 1, 0, NULL, NULL, NULL, NULL, '2015-05-22 20:12:54', '2015-05-22 20:26:15', 'Similar Interesting Music APPlication (SIM-APP)', 'Adding previously defined sub-similarities for timbre and tempo, the project aims to develop an application which has as input a (segment of a) piece of music, and as output a (segment of a) similar piece of music, in accordance with the type of similarity that was specified', 0, 0, '2013', '2014', NULL, NULL, NULL),
	(72, 1, 0, NULL, NULL, NULL, NULL, '2015-05-22 20:12:54', '2015-05-22 20:27:29', 'SPUDisc', 'The project aims at developing  new ways of studying culture using massive digital collections such as newspapers, radio and television archives', 0, 0, NULL, NULL, NULL, NULL, NULL),
	(73, 1, 0, NULL, NULL, NULL, NULL, '2015-05-22 20:12:54', '2015-05-22 20:26:02', 'StoreTelling (a.k.a. Non-linear structure of cinema)', 'In this project, a portfolio-management environment will be developed, in which film producers can report on the non-linear process of film making by describing steps in the process, intermediate products, networks, timelines and output. ', 0, 0, '2013', '2014', NULL, NULL, NULL),
	(74, 1, 0, NULL, NULL, NULL, NULL, '2015-05-22 20:12:54', '2015-05-22 20:27:29', 'The Afranaph Project', 'The main goal of the Afranaph Project, as it is presently constituted, is to develop rich descriptions of a wide range of African languages in order to serve the interests of linguistic research into the nature and distribution of empirical patterns in natural language.', 0, 0, NULL, NULL, NULL, NULL, NULL),
	(75, 1, 0, NULL, NULL, NULL, NULL, '2015-05-22 20:12:54', '2015-05-22 20:12:54', 'The Other Josquin: Music Excluded from the New Josquin Edition', 'The project aims to address a pressing musicological concern, providing materials both necessary for the evaluation of the Josquin “canon” and aesthetically valuable in their own righ', 0, 0, '2011', NULL, NULL, NULL, NULL),
	(76, 1, 0, NULL, NULL, NULL, NULL, '2015-05-22 20:12:54', '2015-05-22 20:25:57', 'The Riddle of Literary Quality', 'The project The Riddle of Literary Quality will research whether there are similarities in formal characteristics of texts considered to be ‘literary’ or ‘non-literary’. ', 0, 0, '2012', '2016', NULL, NULL, NULL),
	(77, 1, 0, NULL, NULL, NULL, NULL, '2015-05-22 20:12:54', '2015-05-22 20:19:11', 'The Accents of European English – An online experiment', 'This project aims to explore the various ways of communication in English in Europe, specifically focusing on the accents of English of various Europeans.', 0, 0, '2014', NULL, NULL, NULL, NULL),
	(78, 1, 0, NULL, NULL, NULL, NULL, '2015-05-22 20:12:54', '2015-05-22 20:27:29', 'Timbuctoo', 'Timbuctoo is an open source repository system specialized in handling interpretative and heterogeneous content. Timbuctoo is specifically designed for academic research in the arts & humanities and is ideally suited for research institutions, libraries and archives supporting scholars who follow a hermeneutic methodology.', 0, 0, NULL, NULL, NULL, NULL, NULL),
	(80, 1, 0, NULL, NULL, NULL, NULL, '2015-05-22 20:12:54', '2015-05-22 20:27:29', 'TwiNL', 'The project aims at developing a centralized service for gathering, storing, and analyzing Twitter messages', 0, 0, NULL, NULL, NULL, NULL, NULL),
	(82, 1, 0, NULL, NULL, NULL, NULL, '2015-05-22 20:12:54', '2015-05-22 20:27:29', 'Transcription Quality Evaluation', 'TQE (Transcription Quality Evaluation) makes it possible to automatically evaluate the quality of transcriptions. Pairs of files can be uploaded, in which each pair consist of an audio file and its phone transcription (PT).', 0, 0, NULL, NULL, NULL, NULL, NULL),
	(83, 1, 0, NULL, NULL, NULL, NULL, '2015-05-22 20:12:54', '2015-05-22 20:25:51', 'TRIPLE-A: Automated Audiological Assesment', ' The aim is to find critical regions in alignment measures used in automatic scoring and to relate these to phonemic (mis)matches between two acoustic realizations. ', 0, 0, '2013', '2014', NULL, NULL, NULL),
	(84, 1, 0, NULL, NULL, NULL, NULL, '2015-05-22 20:12:54', '2015-05-22 20:27:29', 'TROVe – The Transmedia Observatory', 'This project delivers a search engine that enables digital humanities scholars to analyse the spread of information throughout the time across different media as broadcast television, print media, social media and blogs. The user interface is tailored to the needs of digital humanities scholars, notably supporting exploratory search, contextualization and monitoring.', 0, 0, NULL, NULL, NULL, NULL, NULL),
	(85, 1, 0, NULL, NULL, NULL, NULL, '2015-05-22 20:12:54', '2015-05-22 20:27:29', 'Typology of Reciprocal Markers: Analysis and Documentation', 'The purpose of the project is: to conduct a cross-linguistic survey of reciprocal constructions, and collect the results in a database; to carry out in-depth studies of reciprocity in particular languages, and cross-linguistically robust analyses of particular phenomena; and to develop an integrated typology of reciprocal constructions and symmetric predicates.', 0, 0, NULL, NULL, NULL, NULL, NULL),
	(86, 1, 0, NULL, NULL, NULL, NULL, '2015-05-22 20:12:54', '2015-05-22 20:25:48', 'UPLOAD – Urban Politics of London Youth Analyzed Digitally', 'This project investigates the lived experience of cultural difference among young Londoners (between 12-18 years) of different cultural backgrounds. ', 0, 0, '2013', '2015', NULL, NULL, NULL),
	(87, 1, 0, NULL, NULL, NULL, NULL, '2015-05-22 20:12:54', '2015-05-22 20:19:31', 'United We Stand. The dynamics and consequences of Institutions for Collective Action in Pre-Industrial Europe', 'This project examines the connection between institutions and economic development in detail. It also harks back to the origins of such institutions, teasing out the impact of changing family patterns that emerged in Western Europe in the late Middle Ages, which are often described as ‘the European Marriage Pattern’. ', 0, 0, '2014', NULL, NULL, NULL, NULL),
	(88, 1, 0, NULL, NULL, NULL, NULL, '2015-05-22 20:12:54', '2015-05-22 20:27:29', 'VALID - Vulnerability in Acquisition: Language Impairments in Dutch. Curating five valuable data sets', 'The aim of the present project is to curate five existing, digital data sets, in order to make them available for scientific research in CLARIN-compatible format. This is a first, major step in the development of a VALID data archive.', 0, 0, NULL, NULL, NULL, NULL, NULL),
	(90, 1, 0, NULL, NULL, NULL, NULL, '2015-05-22 20:12:54', '2015-05-22 20:19:49', 'Vincent van Gogh: The Letters', 'The objective of this projec t was to publish Van Gogh’s letters as he wrote and intended them, and to place the correspondence as a whole in its historical context.', 0, 0, '2010', NULL, NULL, NULL, NULL),
	(91, 1, 0, NULL, NULL, NULL, NULL, '2015-05-22 20:12:54', '2015-05-22 20:19:55', 'Vogala', 'The app Vogala, which is available for iPad, Android and online, makes medieval Dutch audible. Vogala brings to life several famous medieval Dutch texts, like Hebban olla vogala nestas hagunnan, Van den vos Reynaerde, scriptural passages, songs, and mystical visions of Hadewijch.', 0, 0, '2014', NULL, NULL, NULL, NULL),
	(92, 1, 0, NULL, NULL, NULL, NULL, '2015-05-22 20:12:54', '2015-05-28 19:57:13', 'Voting Advice Via Internet', 'The research project focuses on how text (form and content) and reader characteristics interact, and how (political) understanding is related to attitudes and intentions, situated in a research context with high societal impact', 0, 0, '2012-09-01', '2016-08-31', NULL, NULL, NULL),
	(93, 1, 0, NULL, NULL, NULL, NULL, '2015-05-22 20:12:54', '2015-05-22 20:27:29', 'Watermarks and Paper Used for Prints and Drawings c. 1450-1800', 'This project develops an online database for the study of art works on paper. It will offer the great advantage of a centralized collection of large quantities of watermarks material that can help dating and authenticating prints and drawings.', 0, 0, NULL, NULL, NULL, NULL, NULL),
	(94, 1, 0, NULL, NULL, NULL, NULL, '2015-05-22 20:12:54', '2015-05-22 20:27:29', 'WEMAL artes database', 'The Working Group Arte Middle Dutch Literature (WEMAL) aims to stimulate research in the field of literature and arte arte texts in order to make it accessible to a wide public.', 0, 0, NULL, NULL, NULL, NULL, NULL),
	(150, 1, 1, NULL, NULL, NULL, NULL, '2015-05-28 19:38:12', '2015-06-07 22:16:48', 'Prosodic realizations of text structure', 'Net zoals een schrijver structuur aanbrengt in zijn geschreven tekst met behulp van komma s, punten en hoofdletters, brengt een spreker in zijn gesproken tekst structuur aan met behulp van zogenoemde prosodische middelen: pauzering tussen woorden en woordgroepen, spreektempo, intonatie, accentuering en volume. Het onderzoek van Hanny den Ouden verschaft inzicht in het ingewikkelde proces van spreken en verstaan tussen sprekers en luisteraars. Met deze kennis kunnen ook van tekst-naar-spraak systemen worden verbeterd, zodat computers teksten op een meer natuurlijke wijze kunnen uitspreken.', 1, 0, '1998-02-01', '2004-12-01', NULL, NULL, NULL),
	(151, 1, 1, NULL, NULL, NULL, NULL, '2015-05-28 19:38:12', '2015-06-07 22:16:49', 'Bayesian Music Transcription', 'Muziektranscriptie is het omzetten van een gedigitaliseerde opname van een muziekuitvoering in een beschrijving die te lezen en te begrijpen is. Transcriptie van iedere willekeurige muziekuitvoering zonder enige aanname van de soort muziek is een zeer moeilijk probleem. Het doel van het proefschrift van de heer Cemgil was om een praktische aanpak voor muziektranscriptie te ontwikkelen door een combinatie van kennis vanuit muziekwetenschap en akoestiek, en computationele technieken afkomstig uit de kunstmatige intelligentie.', 1, 0, '1997-09-01', '2004-09-01', NULL, NULL, NULL),
	(152, 1, 1, NULL, NULL, NULL, NULL, '2015-05-28 19:38:12', '2015-06-07 22:16:50', 'Orally transmitted Dutch epic songs', 'Uitgave van verhalende mondeling overgeleverde liederen (verzameld in de periode van circa 1950 tot 1975 door Will Scheepers en Ate Doornbosch) en onderzoek naar de herkomst van de liederen alsmede naar de overeenkomsten en verschillen met schriftelijk overgeleverde liederen en volksverhalen. Het betreft de afronding van deel vier dat liederen zal bevatten over sociale verschillen tussen geliefden, en de ontwikkeling van nieuwe uitgaven. Parallel wordt een uitgave van een cd-box met veldwerkopnamen voorbereid. Resultaten in 2006: de kopij voor deel IV van \'Onder de Groene Linde\' is afgerond.', 0, 0, '1992-01-01', '2007-12-01', NULL, NULL, NULL),
	(153, 1, 1, NULL, NULL, NULL, NULL, '2015-05-28 19:38:12', '2015-06-07 22:30:24', 'Computational Comparison en Classification of Dialects', 'Doel is het meten en classificeren van taalvariatie. Eerst meten we de fonetische afstanden tussen dialecten. Vervolgens classificeren we de dialecten op basis van hun onderlinge afstanden. In eerste aanzet wordt gebruik gemaakt van data uit de Reeks Nederlandse Dialectatlassen. Vergelijking vindt plaats met het Levenshtein-algoritme, dat de kosten bepaalt van het veranderen van het ene woord in het andere door toevoeging, verwijdering en vervanging van klanken.', 1, 0, '1998-08-01', '2004-01-01', NULL, NULL, NULL),
	(154, 1, 1, NULL, NULL, NULL, NULL, '2015-05-28 19:38:12', '2015-06-07 22:30:26', 'Integrating linguistic and statistical information for spoken language processing', 'The project aims at bringing together the knowledge-based approach to linguistic research and the statistical approach to speech research for the development of language models for speech recognition. The role of a language model in speech recognition is to determine what can be said and with what probability. Current language models of this sort are based on a very crude linguistic model, the so-called n-gram model. This model simply conditions the probability of each word on a small number of preceding words. Although there have been many attempts to improve language models by incorporating linguistic knowledge into the n-gram model, these methods have not achieved a significant improvement. There is a growing consensus that the n-gram model is reaching the limit of its possibilities and that there is a need for searching for new directions.', 0, 0, '2000-01-01', '2004-01-01', NULL, NULL, NULL),
	(155, 1, 1, NULL, NULL, NULL, NULL, '2015-05-28 19:38:12', '2015-06-07 22:30:27', 'Linguistic knowledge and word sense disambiguation', 'In dit onderzoek staat de vraag centraal hoe bij de computationele verwerking van natuurlijke taal meerduidigheid moet worden behandeld. Hiertoe worden een aantal bestaande modellen als uitgangspunt genomen en toegepast op (a)lexicale afhankelijkheidsstructuren en (b) de Nederlandse taal.', 1, 0, '2000-04-01', '2004-10-01', NULL, NULL, NULL),
	(156, 1, 1, NULL, NULL, NULL, NULL, '2015-05-28 19:38:12', '2015-06-07 22:30:29', 'Linguistic search tool for bare text corpora', 'In dit onderzoeksproject wordt gewerkt aan de specificatie en implementatie van een tool-kit voor reguliere expressies en finite-state automaten. De tool-kit wordt vervolgens gebruikt om aan de hand van onderzoeksprojecten te komen tot de constructie van een systeem voor het zoeken naar taalkundig interessante patronen.', 0, 0, '2000-02-01', '2005-02-01', NULL, NULL, NULL),
	(157, 1, 1, NULL, NULL, NULL, NULL, '2015-05-28 19:38:12', '2015-06-07 22:30:29', 'Morphological Atlas of Dutch Dialects (MAND)', 'Doel van dit project is de productie van een atlas die de variatie van morfologische verschijnselen in de Nederlandse dialecten bestrijkt, op basis van veldwerkmateriaal (GTP-data) voorzien van wetenschappelijk commentaar.', 0, 0, '1995-01-01', '2004-01-01', NULL, NULL, NULL),
	(158, 1, 1, NULL, NULL, NULL, NULL, '2015-05-28 19:38:12', '2015-06-07 22:30:31', 'Narrowing the gap between automatic and human word recognition', 'Menselijke luisteraars hebben normaal gesproken geen enkel probleem met het verstaan en begrijpen van spraak. Computers wel. Voor beide vormen van spraakverstaan zijn modellen ontwikkeld die echter nogal verschillen van doel en opzet. Binnen de psycholinguïstiek gaat het om het begrip van de menselijke spraakherkenning, binnen de computerlinguistiek gaat het om verbeteren van spraakherkenning door computers. Odette Scharenborg wil met haar promotieonderzoek een brug slaan tussen de twee onderzoeksgebieden. Zij bracht de twee onderzoeksgebieden samen door een computationeel model van menselijke spraakherkenning te maken. Het simuleert de spraakherkenning vanaf het akoestische spraaksignaal. Ze laat daarmee zien dat de technieken uit de automatische spraakherkenning een waardevolle bijdrage kunnen leveren aan de psycholinguistiek. Omgekeerd is dat minder duidelijk. Echter, als er een computationeel model van alle aspecten van het menselijke spraakherkenningsproces zou bestaan, zou dit kunnen leiden tot interessante nieuwe ideeën voor de verbetering van automatische spraakherkenningssystemen, stelt de promovenda van het Centre for Language Studies.', 1, 0, '2000-10-01', '2005-09-01', NULL, NULL, NULL),
	(159, 1, 1, NULL, NULL, NULL, NULL, '2015-05-28 19:38:12', '2015-06-07 22:30:36', 'Data-driven identification of fixed expressions and their modifiability', NULL, 1, 0, '2000-11-01', '2005-03-01', NULL, NULL, NULL),
	(160, 1, 1, NULL, NULL, NULL, NULL, '2015-05-28 19:38:12', '2015-06-07 22:30:38', 'Music, mind, machine', NULL, 0, 0, '2000-01-01', NULL, NULL, NULL, NULL),
	(161, 1, 1, NULL, NULL, NULL, NULL, '2015-05-28 19:38:12', '2015-06-07 22:30:39', 'Agent-relative and agent-neutral valuing: implications for ethical and political theory', NULL, 0, 0, '1998-01-01', NULL, NULL, NULL, NULL),
	(162, 1, 0, NULL, NULL, NULL, NULL, '2015-05-28 19:38:12', '2015-05-28 19:38:12', 'An HPSG account of nonfinite verbal complements in Latin', NULL, 1, 0, '2000-06-01', '2004-12-01', NULL, NULL, NULL),
	(163, 1, 0, NULL, NULL, NULL, NULL, '2015-05-28 19:38:12', '2015-05-28 19:38:12', 'Computational Models of Multimodal Dialogues', NULL, 0, 0, '2000-01-01', '2003-99-01', NULL, NULL, NULL),
	(164, 1, 0, NULL, NULL, NULL, NULL, '2015-05-28 19:38:12', '2015-05-28 19:38:12', 'Weighted error minimisation in assigning prosodic structure for synthetic speech', NULL, 1, 0, '2000-04-01', '2004-03-01', NULL, NULL, NULL),
	(165, 1, 0, NULL, NULL, NULL, NULL, '2015-05-28 19:38:12', '2015-05-28 19:38:12', 'Automatic text analysis and machinelearning for prosody', NULL, 0, 0, '2001-01-01', '2005-01-01', NULL, NULL, NULL),
	(166, 1, 0, NULL, NULL, NULL, NULL, '2015-05-28 19:38:12', '2015-05-28 19:38:12', 'Extracting information from spoken user input. A machine learning approach', 'Wie naar de Nederlandse Spoorwegen belt voor informatie over treinreizen, krijgt een computer aan de lijn die de vertrektijden vertelt aan de hand van de ingesproken vraag van de klant. De vraag is echter vaak niet duidelijk: woorden worden half uitgesproken en insprekers corrigeren zichzelf. De computer aan de andere kant van de lijn moet deze ruis maar zien te interpreteren. In haar proefschrift geeft Piroska Lendvai aan welke algoritmen (rekenmethodes) kunnen worden gebruikt om communicatieproblemen zo veel mogelijk op te lossen.', 1, 0, '2001-03-01', '2004-12-01', NULL, NULL, NULL),
	(167, 1, 0, NULL, NULL, NULL, NULL, '2015-05-28 19:38:12', '2015-05-28 19:38:12', 'Information retrieval and corpus linguistics', NULL, 0, 0, '2001-01-01', '2004-01-01', NULL, NULL, NULL),
	(168, 1, 0, NULL, NULL, NULL, NULL, '2015-05-28 19:38:12', '2015-05-28 19:53:41', 'Music and Culture', NULL, 0, 0, '2013-02-01', NULL, NULL, NULL, NULL),
	(169, 1, 0, NULL, NULL, NULL, NULL, '2015-05-28 19:38:12', '2015-05-28 19:38:12', 'Broadcast Restoration of Archives through Video Analysis', NULL, 1, 0, '2000-00-01', '2004-09-01', NULL, NULL, NULL),
	(170, 1, 0, NULL, NULL, NULL, NULL, '2015-05-28 19:38:12', '2015-05-28 19:38:12', 'Local classification and global estimation. Explorations of the k-nearest neighbor algorithm', 'Lerende computersystemen, bijvoorbeeld voor taalanalyse, zijn er in twee soorten: geheugen-gebaseerd en abstraherend. Abstraherende systemen bouwen een model gebaseerd op enkele gegeven voorbeelden. Dit model wordt vervolgens gebruikt om elk nieuw voorbeeld te classificeren. Geheugen-gebaseerde systemen leren geen model uit de voorbeelden maar slaan simpelweg alle aangeboden voorbeelden op in het geheugen. Pas wanneer het geheugen-gebaseerd systeem de opdracht krijgt een nieuw voorbeeld te classificeren, bouwt het een lokaal model door te zoeken naar de meest gelijkende voorbeelden in het geheugen. Iris Hendrickx ontwikkelde in haar promotieperiode enkele hybride systemen en onderzocht of deze combinaties tot betere resultaten leiden. Voor enkele systemen geldt dit, zij maken minder systematische fouten. Maar niet alle hybriden leveren het beste van beide werelden, sommigen functioneren juist minder goed.', 1, 0, '2001-09-01', '2005-11-01', NULL, NULL, NULL),
	(171, 1, 0, NULL, NULL, NULL, NULL, '2015-05-28 19:38:12', '2015-05-28 19:38:12', 'Topics in Nivkh phonology', 'Het Nivkh is een taal die nog door weinigen gesproken wordt op het eiland Sachalin en het Amoergebied, helemaal in het oosten van de Russische Federatie (en ten noorden van Japan). Volgens een volkstelling in 2002 bestaat het Nivkh-volk uit slechts 4.900 mensen, van wie er nog maar vierhonderd de taal spreken. Een dialect van het Nivkh in West-Sachalin is tot nog toe onbeschreven. Promovendus Shiraishi documenteerde dit dialect van de bedreigde Nivkh-taal. Hij verrichtte veldwerk en analyseerde de verschillende fonologische onderwerpen van het dialect. Verder merkte hij dat een onderzoek als het zijne veel kan betekenen voor de gemeenschap, wanneer zij ziet dat haar taal de moeite waard is bestudeerd te worden door een deskundige.', 1, 0, '2002-01-01', '2006-09-01', NULL, NULL, NULL),
	(172, 1, 0, NULL, NULL, NULL, NULL, '2015-05-28 19:38:12', '2015-05-28 19:53:41', 'Initial constituents in English complex sentences', NULL, 0, 0, '2002-01-01', NULL, NULL, NULL, NULL),
	(173, 1, 0, NULL, NULL, NULL, NULL, '2015-05-28 19:38:12', '2015-05-28 19:53:41', 'Logical structure and complexity of formal garmmars for natural language', 'Dit onderzoek beoogt een bijdrage te leveren aan de formele karakterizering van de \'grammatika van een natuurlijke taal\'. In het bijzonder wordt nagegaan in welke mate en op welke wijze de inzet van de beschrijvingsmiddelen de logische struktuur van grammatika\'s bepaalt en de berekenbaarheid van grammatika\'s beinvloedt. De nadruk ligt hierbij op de operationalizeerbaarheid van grammatische concepten uit de generatieve grammatika.', 0, 0, '2003-01-01', NULL, NULL, NULL, NULL),
	(174, 1, 0, NULL, NULL, NULL, NULL, '2015-05-28 19:38:12', '2015-05-28 19:53:41', 'Minimal categorial grammar', 'Het onderzoeksprojekt betreft de volgende vraagstellingen: (1) Wat is de verhouding tussen operatoren en herkennend vermogen in kategoriale grammatica\'s? (2) Welke parseerstrategie\'n zijn adekwaat voor minimale kategoriale grammatica\'s? (3) Welke konsekwenties hebben minimale kategoriale grammatica\'s voor de architektuur van de semantische komponent?', 0, 0, '2003-01-01', NULL, NULL, NULL, NULL),
	(175, 1, 0, NULL, NULL, NULL, NULL, '2015-05-28 19:38:12', '2015-05-28 19:38:12', 'Life courses in context', 'In het project Life courses in context worden 40.000 levenslopen verzameld van personen geboren in de periode 1863-1922. Deze individuele levenslopen, die worden gereconstrueerd uit in archieven bewaarde bevolkingsregisters, worden aangevuld met gegevens uit de volkstellingen. Dit soort historische bevolkingsgegevens geeft een beeld van het leven in het verleden. De databank met levenslopen bouwt voort op de Historische Steekproef Nederlandse bevolking (HSN) waaraan op het IISG al sinds 1990 wordt gewerkt. De bevolkingsregisters waarop de database is gebaseerd, worden sinds 1850 in Nederland bijgehouden en zijn internationaal uniek. Van iedereen die in Nederland woonde zijn kerngegevens zoals verhuizingen, huwelijken en overlijden opgenomen. Het huishouden waarin iemand ter wereld kwam, maar ook de eigen gezinsvorming, is door het volgen van de persoon in de registers te reconstrueren. Ook zijn de religie en het beroep bekend, op grond waarvan de sociaal-economische positie en de ontwikkeling daarin kunnen worden bestudeerd. Niet alleen verhuizingen naar een andere gemeente, maar ook veranderingen van woonadres binnen een gemeente werden vermeld, zodat de hele mobiliteitsgeschiedenis zichtbaar kan worden gemaakt.', 0, 0, '2002-10-01', '2007-12-01', NULL, NULL, NULL),
	(176, 1, 0, NULL, NULL, NULL, NULL, '2015-05-28 19:38:12', '2015-05-28 19:53:41', 'Digitisation placards and decrees Overkwartier of Gelder 1580-1795', 'Dit project heeft tot doel het via een webserver beschikbaar stellen van door middel van metadata beschreven, digitale images van oude wetten en verordeningen.', 0, 0, '2002-01-01', NULL, NULL, NULL, NULL),
	(177, 1, 0, NULL, NULL, NULL, NULL, '2015-05-28 19:38:12', '2015-05-28 19:53:41', 'Digitisation placards and decrees Overkwartier of Gelder 1580-1795', 'Dit project heeft tot doel het via een webserver beschikbaar stellen van door middel van metadata beschreven, digitale images van oude wetten en verordeningen.', 0, 0, '2002-01-01', NULL, NULL, NULL, NULL),
	(178, 1, 0, NULL, NULL, NULL, NULL, '2015-05-28 19:38:12', '2015-05-28 19:38:12', 'Tradition and innovation in the Dutch song culture', 'Dit project onderzoekt het concept Van Hadewijch tot Hazes , waarmee is bedoeld dat er van de Middeleeuwen tot het heden een doorgaande lijn is te trekken van een liedcultuur waarin zangers en luisteraars enerzijds nieuwe liederen maken, presenteren en consumeren, en anderzijds oude liederen hernemen, veranderen of van nieuwe betekenissen voorzien.', 0, 0, '2002-01-01', '2010-01-01', NULL, NULL, NULL),
	(179, 1, 0, NULL, NULL, NULL, NULL, '2015-05-28 19:38:12', '2015-05-28 19:38:12', 'Early modern and modern folk tale and folk song', 'De invoer van en het onderzoek naar vroeg-modern volksverhaal-materiaal. Voor de verhalenbank worden zestiende- en zeventiende-eeuwse klucht- en anekdotenbundels bewerkt. Daarnaast zal voor het project Onder de Groene Linde onderzoek worden verricht met betrekking tot de historische elementen in moderne liederen.', 0, 0, '2002-01-01', '2005-01-01', NULL, NULL, NULL),
	(180, 1, 0, NULL, NULL, NULL, NULL, '2015-05-28 19:38:12', '2015-05-28 19:38:12', 'Validation, Automatic Generation and Use of Broad Phonetic Transcriptions', 'Ons alfabet bevat te weinig letters om alle klanken en uitspraakvariaties precies te noteren. Daarvoor zijn speciale notaties ontworpen die verschillen in het aantal klankdetails dat ze kunnen weergeven. Christophe Van Bael onderzocht hoeveel details nodig zijn voor verschillende gebruiksdoelen. Spraakherkenners werken prima met goedkope, automatisch gemaakte, weinig gedetailleerde transcripties. Ook voor taalkundig onderzoek naar het wegvallen van klanken zijn deze transcripties voldoende. Om geslacht, leeftijd, regionale achtergrond en opleidingsniveau van een spreker te achterhalen, is echter een gedetailleerdere en handgemaakte transcriptie nodig. Van Bael ontwierp verder een methode om automatische transcriptie van een verzameling gesproken taal te verbeteren op basis van een handmatige uitwerking van een deel van die verzameling.', 1, 0, '2002-10-01', '2007-10-01', NULL, NULL, NULL),
	(181, 1, 0, NULL, NULL, NULL, NULL, '2015-05-28 19:38:12', '2015-05-28 19:38:12', 'Automatic speech recognition for Dutch dysarthric speech: a pilot study', NULL, 0, 0, '2000-01-01', '2003-12-01', NULL, NULL, NULL),
	(182, 1, 0, NULL, NULL, NULL, NULL, '2015-05-28 19:38:12', '2015-05-28 19:53:41', 'Access to and sharing of research data from public funding - Global Research Village OECD', 'Dit project omvat een aantal verschillende activiteiten, allen gericht op ondersteuning van de werkzaamheden van de OECD/CSTP Working Group on Access to and Sharing of Research Data from Public Funding. Deze internationale werkgroep wordt voorgezeten door Prof. Peter Arzberger (Executive Director of the US National Partnership for Advanced Computational Infrastructure en University of California San Diego) en heeft tot taak een door onderzoek ondersteund rapport over data sharing te presenteren op de vierde Global Research Village Conference in 2002 in Polen. NIWI-KNAW verricht in dit kader de volgende werkzaamheden: - een scan van de bestaande regelgeving van de belangrijkste onderzoekorganisaties in de VS (w.o. de NSF, NIH, NASA, NRC, AAAS, National Archives, National Endowment for Humanities, Library of Congress, en de data-archieven van de ICPSR); - een enquête per email onder de leden van de European Science Foundation en onderzoekorganisaties in Japan, Canada en Australië; - het op basis van deze resultaten opstellen van een onderzoekvoorstel met betrekking tot data sharing voor het Working Plan van de OECD/CSTP Working Group; - het organiseren van internationale expert meetings.', 0, 0, '2003-12-01', NULL, NULL, NULL, NULL),
	(183, 1, 0, NULL, NULL, NULL, NULL, '2015-05-28 19:38:12', '2015-05-28 19:38:12', 'Measuring the historical city The reliability of historical land surveying methods, and their use in virtual urban cartography', 'Jakeline Benavides Quecán onderzocht vroege stadsplattegronden en fortificatietekeningen van de Lage Landen uit de 16e en 17e eeuw in de Nederlandse en Europese collecties. Ze keek met name hoe oude kaarten gebruikt kunnen worden als ruimtelijke of historische bronnen bij onderzoek en andere toepassingen. Als gevolg van vroegere landmeetkundige technieken en methodes om kaarten te maken, hebben oude kaarten beperkingen. Door het bestuderen van de opleiding van kaartenmakers en landmeters en door het vergelijken van verschillende kaarten, probeert Benavides Quecán te begrijpen hoe kaarten werden gemaakt en hoe we hun betrouwbaarheid kunnen beoordelen. Ze gebruikte een specifieke en beperkte selectie van moderne methoden en technieken van geo-verwerking om de afbeelding op oude kaarten te onderzoeken. Om te bepalen hoe nauwkeurig de kaarten in kwestie zijn, gebruikte ze moderne digitale technieken van geo-verwerking om de oude kaarten te vergelijken met moderne cartografische bronnen en met de kadastrale kaart uit de periode 1830-1840. De resultaten worden gebruikt als een middel om oude kaarten te analyseren door ook de historische context achter hun kaartproductie in beschouwing te nemen. Het onderzoek van Benavides Quecán maakt deel uit van het onderzoeksprogramma Papier en virtuele steden dat gesponsord wordt door de Nederlandse Organisatie voor Wetenschappelijk onderzoek (NWO). Het richt zich op de ontwikkeling van nieuwe methoden voor het gebruik van historische manuscriptkaarten bij virtuele stedelijke cartografie en andere ruimtelijke toepassingen.', 1, 0, '2003-08-01', '2014-07-01', NULL, NULL, NULL),
	(184, 1, 0, NULL, NULL, NULL, NULL, '2015-05-28 19:38:12', '2015-05-28 19:38:12', 'Databank  of 14e century non-literary Dutch texts.  Construction and linguistic study', NULL, 0, 0, '2004-01-01', '2006-12-01', NULL, NULL, NULL),
	(185, 1, 0, NULL, NULL, NULL, NULL, '2015-05-28 19:38:12', '2015-05-28 19:38:12', 'Structured prediction for natural language processing: a constraint satisfaction approach', 'Hoe kan een computer een tekst begrijpen? Sander Canisius ontwikkelde een nieuwe leertechniek voor computers die complexe taalkundige taken aankan. Hij demonstreert en test de methode voor het omzetten van tekst naar spraak, het onttrekken van informatie aan teksten, de grammaticale ontleding van zinnen en vertalingen van het Nederlands naar het Engels.', 1, 0, '2004-01-01', '2009-02-01', NULL, NULL, NULL),
	(186, 1, 0, NULL, NULL, NULL, NULL, '2015-05-28 19:38:12', '2015-05-28 19:38:12', 'Audiovisual prosody in interaction', 'Barkhuysen onderzocht het effect van prosodie bij proefpersonen op een aantal manieren: hoe zij op elkaar reageren als ze communicatieproblemen hebben, hoe ze elkaar duidelijk maken wanneer ze klaar zijn met spreken en hoe ze emoties tonen als ze praten en luisteren. Tsjechische proefpersonen kregen videoclips aangeboden met Nederlandse zinnen als \'God, ik voel me geweldig!\'of \'Ik wil slapen en nooit meer wakker worden.\' Sommigen kregen zowel beeld als geluid aangeboden, anderen alleen geluid of alleen beeld. De Tsjechen konden in alle gevallen op grond van prosodie aangeven of de zin positief of negatief geladen was hoewel ze de tekst dus niet verstonden. In andere onderzoeken konden Nederlandse proefpersonen aangeven wanneer de spreker in een filmfragment klaar was met praten en of er communicatieproblemen waren. Onderzoek naar prosodie geeft inzicht in interacties tussen sprekers en luisteraars. Het verklaart ook bepaalde communicatieproblemen. Sommige mensen worden bijvoorbeeld vaak onderbroken als ze spreken. Een oplossing daarvoor is de intonatie aan te passen en met gezichtsuitdrukkingen aan te geven wanneer je klaar bent. Verder onderzoek kan ook relevant zijn voor het ontwikkelen van technieken bijvoorbeeld voor spraakcomputers of reisplanners.', 1, 0, '2003-01-01', '2008-10-01', NULL, NULL, NULL),
	(187, 1, 0, NULL, NULL, NULL, NULL, '2015-05-28 19:38:12', '2015-05-28 19:38:12', 'Phonetic Transcriptions of Large Speech Corpora', 'Fonetisch getranscribeerde spraakcorpora vormen waardevolle bronnen voor onderzoek naar uitspraakverschijnselen. Met kennis over de uitspraak van woorden kunnen automatische spraakherkenningssystemen verbeterd worden. Naar voorbereide spraak, zoals voorgelezen spraak, is al veel onderzoek verricht, maar over spontane spraak is nog onvoldoende bekend. Het Corpus Gesproken Nederlands (CGN), verzameld onder leiding van Nijmeegse taalkundigen, bevat grote hoeveelheden spontane spraak. Om dit corpus bruikbaar te maken voor onderzoek moet de spraak fonetisch getranscribeerd worden. Maar bijna 10 miljoen woorden met de hand transcriberen, dat is praktisch onmogelijk. Daarom is onderzocht hoe dat ook automatisch kan. Diana Binnenpoorte beschrijft in haar dissertatie hoe meerdere automatische procedures zijn ontwikkeld die leidden tot verbeterde transcripties en tot meer kennis over uitspraakverschijnselen in spontane spraak. Daarnaast zet ze uiteen hoe automatische transcripties kwalitatief vergeleken zijn met handmatige transcripties. Automatische transcripties van spontane spraak zijn nog niet goed genoeg, maar meer onderzoek naar uitspraakverschijnselen moet in de toekomst automatische transcripties op kunnen leveren die de kwaliteit van handmatige transcripties kunnen evenaren.', 1, 0, '2004-03-01', '2006-04-01', NULL, NULL, NULL),
	(188, 1, 0, NULL, NULL, NULL, NULL, '2015-05-28 19:38:12', '2015-05-28 19:38:12', 'Variation in Speech: Describing continuous phenomena with discrete representations', 'In het proefschrift van Annika Hämäläinen draait het om uitspraakvariatie en om methoden voor spraakverwerking die gebruikt worden in automatische spraakherkenning. De eerste twee hoofdstukken gaan over het modelleren van uitspraakvariatie voor automatische spraakherkenning door middel van akoestische modellen van syllaben (syllabemodellen). Het derde spitst zich toe op het gebruiken van de methodes van automatische spraakherkenning voor het analyseren van akoestische reductie in spraak. Deze reductie kan gezien worden als één van de specifieke gevolgen van uitspraakvariatie. De drie hoofdstukken of artikelen laten zien hoe complex het modelleren van spraak is. Ze tonen hoe het gebruik van geavanceerde technieken zoals automatische spraakherkenning kan leiden tot betere wetenschappelijke inzichten over de manier waarop spraak en uitspraakvariatie kan worden beschreven.', 1, 0, '2004-01-01', '2009-12-01', NULL, NULL, NULL),
	(189, 1, 0, NULL, NULL, NULL, NULL, '2015-05-28 19:38:12', '2015-05-28 19:38:12', 'Towards a functional discourse. Grammar analysis of Tiberian Hebrew', NULL, 1, 0, '2004-01-01', '2006-03-01', NULL, NULL, NULL),
	(190, 1, 0, NULL, NULL, NULL, NULL, '2015-05-28 19:38:12', '2015-05-28 19:38:12', 'Topics in corpus-based Dutch syntax', 'Veel taalkundigen menen dat corpusdata (geannoteerde informatie uit grote digitale tekstbestanden) niet relevant zijn voor syntactisch onderzoek, omdat taal niet begrensd is en een corpus wel. Uit de afwezigheid van een bepaalde constructie kan immers niet zonder meer afgeleid worden dat de constructie ongrammaticaal is. In haar proefschrift stelt promovendus Van der Beek daarentegen dat corpusdata juist zeer waardevol zijn voor uiteenlopende gebieden in de taalkunde. De corpora kunnen dienst doen als bron van voorbeelden of als bron van de kwantitatieve informatie die nodig is om niet-categoriale verschijnselen te beschrijven en verklaren. Een voorbeeld is het gebruik van het meewerkend voorwerp in de varianten ik geef jou dat boek of ik geef dat boek aan jou . Verder kunnen lexicale resources (zoals woordenboeken of lijsten met vaste uitdrukkingen) semi-automatisch worden samengesteld. Van der Beek laat dat zien bij voorzetselgroepen met of zonder lidwoord (we zeggen: naar huis , maar naar het zwembad ). Ten slotte blijkt dat bepaalde grammaticale eigenschappen van woorden automatisch te leren zijn op basis van corpusdata. Zo kan een taalsysteem voorspellen dat een auto prima is, maar een spijt niet (de eerste is telbaar, de tweede niet). Van der Beek gebruikt corpora die automatisch zijn verrijkt met syntactische annotatie. Hoewel de annotatie soms fouten bevat, wordt dat ruimschoots gecompenseerd door de enorme omvang van de corpora in vergelijking met handmatig verrijkte bestanden.', 1, 0, '2001-04-01', '2005-11-01', NULL, NULL, NULL),
	(191, 1, 0, NULL, NULL, NULL, NULL, '2015-05-28 19:38:12', '2015-05-28 19:53:41', 'Determinants of Dialectal Variation', 'Onderzoek gericht op het ontwikkelen van een maat voor geografische, syntactische variatie, het toepassen van deze maat op de Nederlandse dialecten in de SAND-database en het op kwantitatieve wijze verkennen van syntactische correlaties.', 0, 0, '2003-01-01', NULL, NULL, NULL, NULL),
	(192, 1, 0, NULL, NULL, NULL, NULL, '2015-05-28 19:38:12', '2015-05-28 19:38:12', 'edna II - Taking the electronic archive for Dutch Archaeology to the next level', NULL, 0, 0, '2007-06-01', '2009-05-01', NULL, NULL, NULL),
	(193, 1, 0, NULL, NULL, NULL, NULL, '2015-05-28 19:38:12', '2015-05-28 19:53:41', 'Standard Lexical representation of multi-word expressions', NULL, 0, 0, '2004-01-01', NULL, NULL, NULL, NULL),
	(194, 1, 0, NULL, NULL, NULL, NULL, '2015-05-28 19:38:12', '2015-05-28 20:01:27', 'Continuous Access to Cultural Heritage (CATCH)', 'Musea, archieven, bibliotheken en andere cultuurinstellingen beheren ons erfgoed. Een flink aantal van hun collecties is gedigitaliseerd. Dit opent ongekende mogelijkheden voor het publiek en voor wetenschappers: vanuit je huis of je werkkamer kun je materiaal aanwezig in (de magazijnen van) het Rijksmuseum of de Koninklijke Bibliotheek bestuderen zonder je te hoeven bekommeren om openingstijden of reistijd tussen beide instellingen. Maar digitale opslag is slechts de eerste stap tot toegankelijkheid. Het nationale onderzoeksprogramma CATCH (Continuous Access To Cultural Heritage) wil methoden en technieken ontwikkelen waarmee collectiebeheerders hun digitale collecties beter toegankelijk kunnen maken. Het gaat mogelijkheden bieden om nieuwe verbanden en relaties zichtbaar te maken tussen ver schillende collecties en de interactie tussen gebruikers en bronnen te optimaliseren. In dit programma werken informatica onderzoekers nauw samen met de beheerders van het erfgoed. Onderzoekers zullen het grootste deel van hun onderzoek binnen een cultureel erfgoedinstelling uitvoeren met als doel de kennisoverdracht tussen betrokken partijen te verbeteren. CATCH is een programma van de NWO-gebieden Exacte Wetenschappen en Geesteswetenschappen in samenwerking met zes grote vertegenwoordigers van het cultureel erfgoed, zoals het Rijksmuseum en de Koninklijke Bibliotheek.', 0, 0, '2004-11-01', NULL, NULL, NULL, NULL),
	(195, 1, 0, NULL, NULL, NULL, 194, '2015-05-28 19:38:12', '2015-05-28 20:00:38', 'SemanTic Interoperability To access Cultural Heritage - STITCH', 'Collecties in het cultureel erfgoed zijn veelal geïndexeerd op grond van zeer uiteenlopende metadatatermen. Dit maakt het combineren en ontsluiten van zulke collecties tot op heden zeer moeilijk. Het STITCH-project richt zich op nieuwe theorie, methoden en gereedschappen voor metadata-interoperabiliteit door middel van het leggen van semantische verbindingen tussen de metadatatermen. Zulke interoperabiliteit moet uniforme toegang tot uiteenlopende collecties mogelijk maken en zal daarmee een belangrijke bijdrage leveren aan de ontsluiting van het cultureel erfgoed. STITCH is sterk probleemgestuurd en de resultaten zullen de volledige onderzoekscyclus betreffen, van theoretische bijdragen tot aan het ontwikkelen van nieuwe software.', 1, 0, '2005-07-01', '2009-07-01', NULL, NULL, NULL),
	(196, 1, 0, NULL, NULL, NULL, 194, '2015-05-28 19:38:12', '2015-05-28 20:00:38', 'SCRipt-Analysis Tools for the Cultural Heritage - SCRATCH', 'Het automatisch lezen van aan elkaar geschreven tekst is nog steeds een bijzonder grote uitdaging voor wetenschap en techniek. Wanneer het gaat om de handgeschreven historische collecties bij het Nationaal Archief, dan is deze uitdaging nog groter. Ook mensen hebben moeite met het lezen van oud handschrift. Toch liggen hier grote mogelijkheden voor het inzetten van de computer. Immers, de hoeveelheden beeldmateriaal zijn erg groot. Dat maakt het mogelijk om met moderne methoden regelmatigheden te ontdekken. In het project wordt niet gestreefd naar een perfect lezende machine, dat is nog te moeilijk, maar naar methoden die het zoeken ( Googelen ) in grote handgeschreven archieven mogelijk maken.', 1, 0, '2005-07-01', '2009-07-01', NULL, NULL, NULL),
	(197, 1, 0, NULL, NULL, NULL, NULL, '2015-05-28 19:38:12', '2015-05-28 19:38:12', 'Mining for Information in Texts from the Cultural Heritage - MITCH', 'Een minder bekende maar uiterst waardevolle schat van Naturalis, het Nationaal Natuurhistorisch Museum in Leiden, is de verzameling logboeken van de met de V.O.C. meevarende vorsers en latere biologen en geologen. Door de eeuwen heen zijn ze met evenveel zorg samengesteld en bewaard als de meegebrachte dieren en fossielen. De waarde van de collectie ligt dan ook in de combinatie: de logboeken vormen de sleutel tot informatie en kennis over de collectie, die essentieel is voor onderzoek naar de beschrijving en evolutie van diersoorten. De hoeveelheid informatie in al dit materiaal maakt het nodig dat technologische hulpmiddelen voor het ontginnen van data ontwikkeld en toegepast worden. Het MITCH-project beoogt met taal- en informatietechnologische middelen data mining te gebruiken om logboeken om te zetten in doorzoekbare databases.', 1, 0, '2005-07-01', '2009-12-01', NULL, NULL, NULL),
	(198, 1, 0, NULL, NULL, NULL, NULL, '2015-05-28 19:38:12', '2015-05-28 19:53:41', 'Dutch Language Corpus Initiative (D-coi)', NULL, 0, 0, '2005-04-01', NULL, NULL, NULL, NULL),
	(199, 1, 0, NULL, NULL, NULL, NULL, '2015-05-28 19:38:12', '2015-05-28 19:53:41', 'Identification and Representation of Multi-word Expressions (IRME)', NULL, 0, 0, '2005-04-01', NULL, NULL, NULL, NULL),
	(200, 1, 0, NULL, NULL, NULL, NULL, '2015-05-28 19:38:12', '2015-05-28 19:38:12', 'Parchment to portal', 'Het project Parchment to Portal heeft tot doel alle in Nederland aanwezige middeleeuwse handschriften op een uniforme manier te beschrijven en deze informatie en de daaraan gekoppelde expertise in een portal aan te bieden.', 0, 0, '2004-10-01', '2007-09-01', NULL, NULL, NULL),
	(201, 1, 0, NULL, NULL, NULL, NULL, '2015-05-28 19:38:12', '2015-05-28 19:38:12', 'The Origin and Well-Formedness of Tonal Pitch Structures', 'Aline Honingh concentreerde zich in haar onderzoek op toonstructuren zoals toonladders en akkoorden in muziek, waarbij zij focuste op het vinden van overkoepelende structuren. De bestudeerde toonladders varieerden van Chinese en Oud-Griekse toonladders tot geconstrueerde moderne toonladders. Het blijkt dat toonladders en akkoorden convexe en compacte vormen beschrijven als ze afgebeeld worden in een bekende toonruimte. Dit verassende resultaat suggereert dat de noties van convexiteit en compactheid onderliggende principes zijn die een rol spelen in muziek. Met behulp van deze twee mathematische begrippen modelleerde Honingh een drietal muzikale processen. Allereerst maakte zij een model voor het automatisch vinden van modulaties in muziek, gebaseerd op convexiteit. Verder bleek dat compactheid met succes gebruikt kan worden in een model dat de geprefereerde intonatie van akkoorden voorspelt. Ten slotte schreef Honingh een algoritme voor muzieknotatie dat volledig gebaseerd is op het principe van compactheid, maar desalniettemin zeer goede resultaten geeft en concurreert met bestaande algoritmen.', 1, 0, '2001-09-01', '2006-10-01', NULL, NULL, NULL),
	(202, 1, 1, NULL, NULL, NULL, NULL, '2015-05-28 19:38:12', '2015-06-08 00:01:50', 'Computing with meaning', NULL, 0, 0, '2001-09-01', '2006-09-01', NULL, NULL, NULL),
	(203, 1, 1, NULL, NULL, NULL, NULL, '2015-05-28 19:38:12', '2015-06-08 00:01:51', 'The Economics of Language: Language Use and the Evolution of Linguistic Conventions', NULL, 1, 0, '2005-01-01', '2009-12-01', NULL, NULL, NULL),
	(204, 1, 1, NULL, NULL, NULL, NULL, '2015-05-28 19:38:12', '2015-06-08 00:01:52', 'Music matters: On music and the cognitive sciences', NULL, 0, 0, '2008-09-01', '2009-08-01', NULL, NULL, NULL),
	(205, 1, 1, NULL, NULL, NULL, NULL, '2015-05-28 19:38:12', '2015-06-08 00:01:54', 'Priors for the Estimation of Probabilistic Grammars from Incomplete Natural Language Data', 'Regelmatigheden in taal worden doorgaans uitgedrukt middels de bekende syntactische zinsstructuur die de vorm van de betekenis weergeeft. Dit project beoogt een automatisch leermechanisme te ontwikkelen dat statistische regelmatigheden in text kan omzetten in een automatisch ontleedprogramma.', 0, 0, '2006-08-01', NULL, NULL, NULL, NULL),
	(206, 1, 1, NULL, NULL, NULL, NULL, '2015-05-28 19:38:12', '2015-06-08 00:01:56', 'Retrieving Encoded Archival Descriptions More Effectively (README)', 'Internet zoekmachines vinden webpagina\'s en laten het aan de gebruiker over om daarbinnen de relevante informatie op te sporen. Kunnen we geen directe toegang geven tot de relevante onderdelen? We passen deze zoektechnieken toe op gestructureerde documenten, zoals digitale archiefinventarissen.', 0, 0, '2007-05-01', '2012-05-01', NULL, NULL, NULL),
	(207, 1, 1, NULL, NULL, NULL, NULL, '2015-05-28 19:38:12', '2015-06-08 00:01:57', 'A memory-prediction model of speech processing', NULL, 0, 0, '2007-01-01', '2008-12-01', NULL, NULL, NULL),
	(208, 1, 1, NULL, NULL, NULL, NULL, '2015-05-28 19:38:12', '2015-06-08 00:01:58', 'Medieval Memoria Online (MeMO): the construction and dynamics of the religious social memory. Inventory, description and availability  of text and image with a funtion in the memoria in the Middle Ages', 'Het project Medieval Memoria Online (MeMO) beoogt het toegankelijk maken op het internet van tekst- en beeldmateriaal dat in de middeleeuwen een functie vervulde in de memoria. Het voorbereidingstraject waarvoor thans een startsubsidie wordt aangevraagd is erop gericht te komen tot een afbakening van het te verwerken materiaal, tot een formulering van eisen en een plan van aanpak ten aanzien van de te ontwikkelen digitale infrastructuur, en tot een omschrijving van de taakverdeling van de verschillende partners binnen het beoogde samenwerkingsverband. Memoria is een verzamelterm, die in de internationale mediëvistiek wordt gebruikt voor een breed scala aan fenomenen die betrekking hebben op gedenken. Het gaat daarbij om het gedenken van (overleden) personen, maar ook om de herinnering aan belangrijke gebeurtenissen zoals de stichting van instellingen. Memoria is daarom op te vatten als een veelzijdig fenomeen met een sterk identiteitsvormend karakter, dat religieuze, politieke, sociale, juridische en historiografische aspecten bevat. De bestudering van de memoria geeft een uniek inzicht in de manier waarop uiting werd gegeven aan de eigen identiteit en aan de perceptie van leven en dood en van verleden, heden en toekomst. Via tradities en kunstuitingen liet men zien hoe het was geweest, hoe het is en hoe men wilde dat het zou zijn. De neerslag van memoriauitingen is terug te vinden in een grote hoeveelheid bronnen, zowel geschreven teksten als objecten. Dit omvangrijke bronnenmateriaal is echter zeer moeilijk hanteerbaar voor onderzoekers, met name omdat het verspreid is over een groot aantal bewarende instellingen. Tot op heden bestaan er geen goede, overkoepelende overzichten van deze verschillende brontypen. Men beperkte zich daarom vooral tot casusonderzoek. Aan omvangrijk vergelijkend onderzoek van divers bronnenmateriaal is echter, ook internationaal, grote behoefte onder de onderzoekers die zich bezig houden met het interdisciplinaire onderzoeksterrein van de memoria. Beschikbaarstelling op het internet van beschijvingen van het bronnenmateriaal en van het bronnenmateriaal zelf maakt vergelijkend onderzoek mogelijk. MeMO streeft dan ook naar het toegankelijk maken van het - Nederlandse - materiaal van de vier voor het memoriaonderzoek centrale bronnentypen: 1. memorielijsten 2. verhalende bronnen 3. memorievoorstellingen en 4. grafzerken en grafmonumenten. Het gaat daarbij om een zo compleet mogelijke inventarisatie, om beschrijvingen van het materiaal en om afbeeldingen van de memorievoorstellingen en grafzerken / grafmonumenten. Voor het beschikbaarstellen van het volledige tekstmateriaal van de memorielijsten en de verhalende bronnen worden in samenwerking met erfgoedinstellingen de mogelijkheden onderzocht. De beoogde digitale infrastructuur zal in verschillende opzichten vernieuwend zijn. 1 Het te ontwikkelen systeem faciliteert omvangrijk comparatief onderzoek met behulp van verschillendsoortig bronnenmateriaal. Dit maakt het mogelijk nieuwe onderzoeksvragen te stellen en te beantwoorden, resultaten van casussen te toetsen op representativiteit en domeinkennis te verwerven. Zo kan een vergelijkend onderzoek van de verzamelhandschriften (met memorielijsten, kronieken, etc.) van kloosters meer inzicht geven in de overeenkomsten en verschillen in de praktijk van de dodengedachtenis binnen verschillende kloosterorden. 2. Het te verwerken materiaal is in hoofdzaak laatmiddeleeuws, terwijl het memoriaonderzoek zich in het buitenland traditioneel op de hoge middeleeuwen heeft gericht. Vooral de laatste vijftien jaar is er echter, ook internationaal, meer belangstelling voor de late middeleeuwen (incl. 16de eeuw). Een zwaartepunt daarbij is het - recente - onderzoek naar de wederzijdse beïnvloeding van de memoria en nieuwe maatschappelijke en religieuze verschijnselen (opkomst en macht steden en burgerij, nieuwe kloostergemeenschappen, Moderne Devotie, opkomst Reformatie) dat ook in Nederland veel veel aandacht heeft. 3. Er worden gebruikersvriendelijke, innovatieve tools ingepast die bevragingsmogelijkheden bi eden voor zowel de afzonderlijke bestanden als combinaties daarvan.', 0, 0, '2006-12-01', '2013-03-01', NULL, NULL, NULL),
	(209, 1, 1, NULL, NULL, NULL, NULL, '2015-05-28 19:38:12', '2015-06-08 00:01:59', 'Wired Up: digital media as innovative socialization practices for migrant youth?', NULL, 0, 0, '2007-01-01', '2012-12-01', NULL, NULL, NULL),
	(210, 1, 1, NULL, NULL, NULL, NULL, '2015-05-28 19:38:12', '2015-06-08 00:02:00', 'Models for human and automatic speech recognition', NULL, 0, 0, '2006-01-01', NULL, NULL, NULL, NULL),
	(211, 1, 1, NULL, NULL, NULL, NULL, '2015-05-28 19:38:12', '2015-06-08 00:02:02', 'Development and evaluation of language resources and tools', NULL, 0, 0, '2006-01-01', NULL, NULL, NULL, NULL),
	(212, 1, 1, NULL, NULL, NULL, NULL, '2015-05-28 19:38:12', '2015-06-08 00:02:03', 'Discovering, inter-relating and navigating cross-media campaign knowledge', NULL, 0, 0, '2006-01-01', '2009-01-01', NULL, NULL, NULL),
	(213, 1, 1, NULL, NULL, NULL, NULL, '2015-05-28 19:38:12', '2015-06-08 00:02:05', 'Evaluation of noisy transcripts for spoken document retrieval', NULL, 1, 0, '2005-10-01', '2012-07-01', NULL, NULL, NULL),
	(214, 1, 0, NULL, NULL, NULL, NULL, '2015-05-28 19:38:12', '2015-05-28 19:38:12', 'Mutual intelligibility of language variants in the Low Countries: Linguistic and attitudinal determinants', NULL, 0, 0, '2007-06-01', '2011-10-01', NULL, NULL, NULL),
	(215, 1, 0, NULL, NULL, NULL, NULL, '2015-05-28 19:38:12', '2015-05-28 19:38:12', 'Advanced Learner Writing. A corpus-based study of the discourse competence of Dutch writers of English in the light of the C1/C2 levels of the CEFR', 'Engels leren schrijven op universitair niveau kan beter. Dat toonde taalkundepromovendus Philip Springer aan. Springer verzamelde teksten van Nederlandse vergevorderde leerders en native speakers van het Engels en bracht de verschillen in kaart. Hij ontdekte dat Nederlandse vergevorderde leerders van het Engels zich op veel fronten dicht in de buurt van moedertaalsprekers bevinden. Toch bracht zijn analyse ook duidelijke verschillen aan het licht. Sommige verrassender dan andere. Zo zijn zinnen van leerders, zoals verwacht, over het algemeen korter en syntactisch minder complex dan de zinnen van native speakers. Minder voor de hand liggend is bijvoorbeeld dat leerders veel vaker dan de native speakers bijzinnen en verbindingswoorden gebruiken die een oorzakelijk verband uitdrukken. Ook als de leerders hun zin uitbreiden met bijvoorbeeld bijzinnen, blijken zij een duidelijke voorkeur te hebben voor het begin van de zin. Native speakers onderbreken hun zinnen vaker door een bijzin in het midden te zetten of hun zin uit te breiden door aan het eind iets toe te voegen. De verschillen die Springer vond kun je indelen in vier dimensies van discourscompetentie: beknoptheid, zelfvertrouwen, complexiteit en mate van formaliteit. Springer concludeert op basis van zijn vervolgonderzoek naar bestaand onderwijsmateriaal dat in bestaande leerboeken voor academisch schrijven eigenlijk alleen structureel aandacht is voor mate van formaliteit en niet voor de andere dimensies. Hij beveelt aan dat ontwikkelaars van onderwijsmateriaal voor academisch Engels schrijven deze vier dimensies als leidraad gebruiken om lesmateriaal te ontwikkelen. Daarmee kunnen vergevorderde lezers leren schrijven op het allerhoogste niveau.', 1, 0, '2004-07-01', '2012-01-01', NULL, NULL, NULL),
	(216, 1, 0, NULL, NULL, NULL, NULL, '2015-05-28 19:38:12', '2015-05-28 19:53:41', 'Service Infrastructure for Linguistics and Literary Studies (SILLi)', 'De ontwikkeling van een landelijk, gedistribueerd netwerk voor taalkundig en letterkundig onderzoek. De beoogde infrastruktuur bevat een grote hoeveelheid voorzieningen, zoals tekst/spraak corpora, lexicons, grammaticale beschrijvingen, psycholinguïstische data etc. Er wordt gebruik gemaakt van technieken die verwant zijn aan eGrid- en eScience-projecten. Binnen het project wordt tevens gewerkt aan een gedistribueerde database voor historische teksten voor taal- en letterkundig onderzoek.', 0, 0, '2007-01-01', NULL, NULL, NULL, NULL),
	(217, 1, 0, NULL, NULL, NULL, NULL, '2015-05-28 19:38:12', '2015-05-28 19:53:41', 'Project "Edition Machine"', 'Het project "Editiemachine" is gestart in 2006 als opvolger van de twee eerdere e-Laborateprojecten en van EDITOR. In de e-Laborateprojecten is een platform ontwikkeld waarbinnen onderzoekers op eenvoudige wijze een collaboratory rond tekst kunnen opzetten. In overleg met concrete gebruikers zijn functionaliteiten ontwikkeld en door de gebruikers getest en bijgesteld, waaronder een flexibele annotatiefunctie. In februari en mei van 2006 zijn de laatste belangrijke verbeteringen en uitbreidingen in de functionaliteit van e-Laborate aangebracht. Het project EDITOR heeft expertise opgeleverd voor een verdere uitwerking van de annotatiefunctie. In het ambitieuze project "Editiemachine" worden de verworvenheden van beide voorgaande producten gecombineerd. De "Editiemachine" maakt uiteraard niet geheel automatisch zelf nieuwe edities. De naam wordt gebruikt ter aanduiding van een verzameling computerprogramma\'s waarmee het voor onderzoeker zo gemakkelijk mogelijk wordt gemaakt om via het Internet een digitale teksteditie te maken, met controle over alle stappen van het proces. Daarnaast zal de Editiemachine de hulpmiddelen leveren om digitale tekst te analyseren en de resultaten van die analyses te visualiseren.', 0, 0, '2006-01-01', NULL, NULL, NULL, NULL),
	(218, 1, 0, NULL, NULL, NULL, NULL, '2015-05-28 19:38:12', '2015-05-28 19:38:12', 'Large Scale Syntactic Annotation of written Dutch (LASSY)', NULL, 0, 0, '2007-01-01', '2011-01-01', NULL, NULL, NULL),
	(219, 1, 0, NULL, NULL, NULL, NULL, '2015-05-28 19:38:12', '2015-05-28 19:38:12', 'Digital Passages Moroccan-Dutch youths performing diaspora, gender and youth cultural identities across digital spaces', 'Publicisten zoals Paul Scheffer en politici als Piet-Hein Donner en Geert Wilders hebben gesteld dat de multiculturele samenleving mislukt is. Ze veronderstellen dat meerdere affiniteiten de identificatie met Nederland belemmeren. Genderstudies- en mediawetenschapper Koen Leurs toont in zijn proefschrift aan dat hun stelling te voorbarig is. Op internet is multiculturalisme juist springlevend. Internet blijkt een belangrijke ontmoetingsplaats waar jongeren met verschillende achtergronden samenkomen. Leurs laat zien hoe Marokkaans-Nederlandse jongeren onverenigbaar geachte loyaliteiten verenigen, onder meer aan de hand van hun MSN-inlognamen, hyperlinks, videovoorkeuren en andere digitale elementen die uitdrukking kunnen geven aan iemands identiteit. Digitaal gedeelde, etniciteit-overstijgende voorkeuren voor artiesten, voedsel, muziek en politiek engagement onthullen dat diversiteit een geaccepteerd, alledaags verschijnsel is , aldus Leurs. Het label Marokkaan-zijn wordt opgerekt: op sociale netwerken en YouTube wordt symbolische verbondenheid met Marokko gecombineerd met internationale en nationale uitingen van jeugdcultuur.', 1, 0, '2008-02-01', '2012-06-01', NULL, NULL, NULL),
	(220, 1, 0, NULL, NULL, NULL, NULL, '2015-05-28 19:38:12', '2015-05-28 19:53:41', 'Bridging the gap between psycholinguistics and computational linguistics: The case of referring expressions', NULL, 0, 0, '2012-01-01', NULL, NULL, NULL, NULL),
	(221, 1, 0, NULL, NULL, NULL, NULL, '2015-05-28 19:38:12', '2015-05-28 19:38:12', 'Domain adaptation for parsing', 'Het doel van de computationele taalkunde is het maken van systemen die in staat zijn natuurlijke taal te begrijpen en te produceren, net zoals mensen dat doen. Het maken van dergelijke systemen is moeilijk, onder andere vanwege het probleem van de ambiguïteit van natuurlijke taal. Barbara Plank onderzocht het automatisch ontleden, het bepalen van welke woorden en woordgroepen bij elkaar horen, en wat de functie van de verschillende woordgroepen is. Het probleem van ambiguïteit doet zich ook hier voor omdat er vaak meerdere ontledingen bestaan voor een uiting. Om het probleem van ambiguïteit aan te pakken wordt veelal gebruik gemaakt van machinaal leren. Een model wordt geleerd door parameters te berekenen op basis van soms wel duizenden kenmerken van de trainingsdata. Die data bestaan uit duizenden zinnen waarvoor de correcte ontleding handmatig is vastgelegd. Het blijkt dat deze aanpak voor het automatisch ontleden goede resultaten geeft zolang de trainingsdata representatief zijn. Als de data bestaan uit krantenartikelen uit de Volkskrant dan zal het resulterende model vooral goede prestaties halen op andere krantenartikelen uit de Volkskrant. Maar als het model wordt toegepast op bijvoorbeeld een wetenschappelijk essay over oceanografie, dan worden de prestaties snel veel minder. Automatische ontleedsystemen zijn dus sterk afhankelijk van het domein van de teksten waaruit de trainingsdata is opgebouwd. Plank beschrijft deze domeinafhankelijkheid van automatische ontleedsystemen. Na een inleiding in het automatisch ontleden en het probleem van domeinafhankelijkheid gaat ze in op de effectiviteit van nieuwe en bestaande algoritmes voor het aanpassen van modellen aan andere domeinen. Deze worden geëvalueerd in het kader van een automatisch ontleedsysteem voor het Nederlands dat gebaseerd is op een handgeschreven grammatica, de Alpino parser. Eerder werk was gericht op domeinafhankelijkheid van ontleedsystemen die in zijn geheel zijn gebaseerd op data (datagedreven ontleedsystemen). Ook bekijkt Plank de gevoeligheid van verschillende soorten ontleedsystemen op domeinverschuivingen. Ze test de hypothese dat het grammatica-gebaseerde systeem Alpino minder beïnvloed wordt door domeinverschuivingen en dat datagebaseerde systemen meer behoefte hebben aan technieken voor aanpassing aan nieuwe domeinen. Vervolgens ontwikkelt Plank een meetinstrument om aan te geven in hoeverre twee teksten tot een verschillend of juist tot een vergelijkbaar domein behoren. De meeste studies nemen aan dat er data van het nieuwe domein ter beschikking staan. Dit is echter niet altijd het geval. Daarom evalueert ze maten om automatisch geschikte trainingsdata te selecteren voor een nieuw domein. De resultaten tonen aan dat een eenvoudige techniek gebaseerd op frequenties van woorden effectief is voor het selecteren van trainingsdata voor beide onderzochte talen, het Engels en het Nederlands.', 1, 0, '2008-01-01', '2011-12-01', NULL, NULL, NULL),
	(222, 1, 0, NULL, NULL, NULL, NULL, '2015-05-28 19:38:12', '2015-05-28 19:38:12', 'Origin of asymmetry. Mutual intelligibility of spoken Danish and Swedish', 'In Noord-Europa wordt vaak tussen sprekers van verschillende talen gecommuniceerd terwijl elk zijn eigen taal gebruikt. Dat betekent dat Denen Deens kunnen spreken met Zweden, die dan in het Zweeds antwoorden. Denen verstaan gesproken Zweeds echter beter dan Zweden gesproken Deens verstaan. Anja Schüppert onderzocht hoe goed mensen in buurlanden elkaar kunnen verstaan en welke factoren invloed op de verstaanbaarheid hebben. Ze concludeert dat Denen tijdens het luisteren onbewust een beroep doen op letters die in hun taal nog wel worden geschreven, maar niet meer worden uitgesproken, terwijl de Zweden deze nog wel uitspreken. Uit Schüpperts onderzoek blijkt verder dat onderlinge verstaanbaarheid bij kleuters (nog) niet asymmetrisch is, terwijl ze de asymmetrische verstaanbaarheid voor volwassenen kon bevestigen. Deze uitkomst past goed bij het resultaat van een ander experiment van Schüppert, dat aantoont dat volwassen Denen onbewust hun kennis van de Deense spelling gebruiken als ze naar gesproken Zweeds luisteren. De Deense spelling is conservatiever dan de Zweedse en heeft letters bewaard die niet meer uitgesproken worden. Deze letters worden in de corresponderende Zweedse woorden echter vaak wel uitgesproken. Metingen van hersenactiviteit bevestigen dat hersengebieden die normaliter geactiveerd worden als proefpersonen (voor-)lezen ook geactiveerd worden als Deense luisteraars naar gesproken Zweeds luisteren. Schüpperts resultaten benadrukken het sterke verband tussen geletterdheid en verstaanbaarheid van gesproken taal, en bevestigen dat geletterdheid een belangrijke rol speelt zowel bij het begrijpen van geschreven teksten als voor mondelinge communicatie.', 1, 0, '2008-01-01', '2011-11-01', NULL, NULL, NULL),
	(223, 1, 0, NULL, NULL, NULL, NULL, '2015-05-28 19:38:12', '2015-05-28 19:38:12', 'Linguistic Information Processing', NULL, 0, 0, '2006-01-01', '2009-12-01', NULL, NULL, NULL),
	(224, 1, 0, NULL, NULL, NULL, NULL, '2015-05-28 19:38:12', '2015-05-28 19:38:12', 'Making choices: modelling the English dative alternation', 'Wanneer we taal gebruiken, maken we bewust of onbewust keuzes over de woordvolgorde en de grammaticale structuur van een zin. De twee zinnen \'De boze koningin geeft de giftige appel aan Sneeuwwitje\' en \'De boze koningin geeft Sneeuwwitje de giftige appel\' lijken bijvoorbeeld erg op elkaar. Soms kies je de ene vorm, soms de andere. Daphne Theijssen laat in haar proefschrift zien dat deze datiefalternantie grotendeels bepaald wordt door het werkwoord van de zin, het aantal woorden in de twee objecten (Sneeuwwitje en de giftige appel) en de eigenschappen van de spreker of schrijver. Taalwetenschappers die zich met deze keuze bezig houden maken zelf ook keuzes in hun onderzoek. Bijvoorbeeld: welke eigenschappen van de zin neem je mee in het onderzoek? Het blijkt dat de keuzes die onderzoekers maken, vaak invloed hebben op de onderzoeksresultaten. Dit is niet verrassend, maar wel belangrijk. Want als we de datiefalternantie willen doorgronden, zullen verschillende onderzoeken vergelijkbaar moeten zijn.', 1, 0, '2008-01-01', '2012-06-01', NULL, NULL, NULL),
	(225, 1, 0, NULL, NULL, NULL, NULL, '2015-05-28 19:38:12', '2015-05-28 19:38:12', 'Evolutionary modelling of language change', 'De grote verscheidenheid in taalkundige verschijnselen is het product van evolutionaire processen. Dit onderzoek gebruikt rekenkundige instrumenten ontwikkeld door evolutie-biologen om veranderingsprocessen in grote taalfamilies te onderzoeken en daarmee inzicht te krijgen in onderliggende structuren van menselijke taal.', 0, 0, '2009-02-01', '2014-01-01', NULL, NULL, NULL),
	(226, 1, 0, NULL, NULL, NULL, NULL, '2015-05-28 19:38:12', '2015-05-28 19:38:12', 'Digital Methods Initiative', NULL, 0, 0, '2008-01-01', '2012-01-01', NULL, NULL, NULL),
	(227, 1, 0, NULL, NULL, NULL, NULL, '2015-05-28 19:38:12', '2015-05-28 19:38:12', 'A quantitative approach to social and geographical dialect variation', NULL, 1, 0, '2008-09-01', '2012-06-01', NULL, NULL, NULL),
	(228, 1, 0, NULL, NULL, NULL, NULL, '2015-05-28 19:38:12', '2015-05-28 19:38:12', 'OpenBoek: Text Mining of Archaeological reports', NULL, 0, 0, '2005-05-01', '2009-09-01', NULL, NULL, NULL),
	(229, 1, 0, NULL, NULL, NULL, NULL, '2015-05-28 19:38:12', '2015-05-28 19:53:41', 'Instruments and Methods in OT exegesis', NULL, 0, 0, '2008-11-01', NULL, NULL, NULL, NULL),
	(230, 1, 0, NULL, NULL, NULL, NULL, '2015-05-28 19:38:12', '2015-05-28 19:53:41', 'DutchSemCor : Dutch corpus tagged with the word senses from the Cornetto database', NULL, 0, 0, '2009-09-01', NULL, NULL, NULL, NULL),
	(231, 1, 0, NULL, NULL, NULL, NULL, '2015-05-28 19:38:12', '2015-05-28 19:53:41', 'Bioinformation and identity: A biographical analysis of the impact of bioinformatics on the human sciences and humanities', 'Genomics-onderzoek leidt tot bergen informatie. De DNA volgorden van complete organismen en de 3D-structuren van tienduizenden verschillende eiwitten vergen grote digitale opslagcapaciteit. Bioinformatici spelen hierbij een cruciale rol. Zij leveren de software, de kennis en de kunde om deze genomicsinformatie te analyseren. Daarmee beïnvloedt de bioinformatica de manier waarop genomicskennis wordt geproduceerd. Deze kennisproductie staat centraal in dit CSG-onderzoek. Deze kennis kan bijvoorbeeld invloed hebben op de manier waarop in onze cultuur wordt gedacht over wat een mens is en dus ook hoe we onszelf en elkaar als mens zien. Via deze weg heeft bio-informatica daar dus invloed op. Tot slot komen ook praktische kwesties aan de orde. Hoe moeten we omgaan met de informatie over de genomen van individuen? Wat wetenschappers zelf zeggen over kennisproductie en de rol van bio-informatica daarop is een belangrijke bron van informatie in dit onderzoek. Daarom zal de onderzoeker biografieën die wetenschappers zelf over hun onderzoekspraktijken hebben geschreven (zogenaamde wetenschappelijke biografieën) bestuderen. Daarnaast zal de onderzoeker bioinformatici en andere stakeholders (waaronder (genomics)onderzoekers, journalisten en docenten) interviewen en hen in workshops met elkaar in contact brengen. Een belangrijk doel van het onderzoek is om meer aandacht te krijgen voor de specifieke plaats van bioinformatica als beeldbepalend onderdeel van het genomicsonderzoek.', 0, 0, '2009-01-01', NULL, NULL, NULL, NULL),
	(232, 1, 0, NULL, NULL, NULL, NULL, '2015-05-28 19:38:12', '2015-05-28 19:38:12', 'GATE: Games for Advanced Training and Entertainment', NULL, 0, 0, '2006-09-01', '2011-09-01', NULL, NULL, NULL),
	(234, 1, 0, NULL, NULL, NULL, NULL, '2015-05-28 19:38:12', '2015-05-28 19:38:12', 'New frontiers of infinity: mathematical, philosophical, and computational prospects', NULL, 0, 0, '2009-03-01', '2014-03-01', NULL, NULL, NULL),
	(236, 1, 0, NULL, NULL, NULL, NULL, '2015-05-28 19:38:12', '2015-05-28 19:38:12', 'Circulation of knowledge and learned practices in the 17th-century Dutch Republic. A web-based Humanities\' collaboratory on correspondences', NULL, 0, 0, '2008-11-01', '2011-10-01', NULL, NULL, NULL),
	(237, 1, 0, NULL, NULL, NULL, NULL, '2015-05-28 19:38:12', '2015-05-28 19:38:12', 'Alfalab', 'Alfalab is een inititatief van de KNAW waarin 5 wetenschappelijke instituten (DANS, Fryske Akademy, Huygens Instituut, Meertens Instituut en de Virtual Knowledge Studio) samenwerken. Het doel is de samenwerking en het gebruik van digitale methoden in Geesteswetenschappelijk onderzoek te bevorderen. Alfalab versrpeidt hiervoor kennis over digitale instrumenten en data, Alfalab bouwt digitale instrumenten voor de Geesteswetenschappelijke gemeenschap, en Alfalab doet onderzoek naar de inzet van digitale instrumenten in de Geesteswetenschappen en hoe deze instrumenten (virtuele) samenwerkingsverbanden kunnen ondersteunen en stimuleren.', 0, 0, '2008-09-01', '2011-01-01', NULL, NULL, NULL),
	(238, 1, 0, NULL, NULL, NULL, NULL, '2015-05-28 19:38:12', '2015-05-28 19:38:12', 'Sign Linguistics Corpora Network (SLCN)', NULL, 0, 0, '2008-01-01', '2013-01-01', NULL, NULL, NULL),
	(239, 1, 0, NULL, NULL, NULL, NULL, '2015-05-28 19:38:12', '2015-05-28 19:38:12', 'CLARIN-EU (Common Language Resources and Technology Infrastructure)', 'CLARIN is een grootschalig pan-Europees samenwerkingsproject waarin taalmaterialen en taaltechnologie beschikbaar en eenvoudig raadpleegbaar gemaakt worden. CLARIN biedt wetenschappers digitale toegang tot taalmaterialen en services voor automatische taalverwerking en ondersteunt daarmee meerdere van de belangrijke rollen die taal in de geesteswetenschappen en sociale wetenschappen speelt (zoals drager van culturele geschiedenis en kennis, communicatiemiddel, gever van identiteit en studieobject). Zie voor meer informatie http://www.clarin.eu/.', 0, 0, '2008-02-01', '2010-12-01', NULL, NULL, NULL),
	(240, 1, 0, NULL, NULL, NULL, NULL, '2015-05-28 19:38:12', '2015-05-28 19:38:12', 'CLARIN-NL (Common Language Resources and Technology Infrastructure)', NULL, 0, 0, '2008-01-01', '2011-01-01', NULL, NULL, NULL),
	(241, 1, 0, NULL, NULL, NULL, NULL, '2015-05-28 19:38:12', '2015-05-28 19:38:12', 'Efficient Coding in Speech Sounds: Cultural Evolution and the Emergence of Structure in Artificial Languages', 'Tessa Verhoef onderzoekt het ontstaan van structuur in taal. Omdat gesproken talen al veel regelmaat kennen, gebruikte Verhoef een hele nieuwe taal die niet wordt gesproken maar wordt gefloten. Ze ontdekt dat klankstructuur in taal ontstaat door het van generatie op generatie doorgeven van taal.', 1, 0, '2009-01-01', '2013-09-01', NULL, NULL, NULL),
	(242, 1, 0, NULL, NULL, NULL, NULL, '2015-05-28 19:38:12', '2015-05-28 19:38:12', 'Knowledge Space Lab', NULL, 0, 0, '2009-09-01', '2011-03-01', NULL, NULL, NULL),
	(243, 1, 0, NULL, NULL, NULL, NULL, '2015-05-28 19:38:12', '2015-05-28 19:38:12', 'Emergence of category systems in knowledge spaces - the WIKI case', NULL, 0, 0, '2010-01-01', '2011-12-01', NULL, NULL, NULL),
	(244, 1, 0, NULL, NULL, NULL, NULL, '2015-05-28 19:38:12', '2015-05-28 19:53:41', 'Connections Between Women and Writings Within European Borders (COBWWWEB)', 'Doel van dit project is om de huidige WomenWriters-databank te modificeren tot een Virtual Research Environment.', 0, 0, '2009-01-01', NULL, NULL, NULL, NULL),
	(245, 1, 0, NULL, NULL, NULL, NULL, '2015-05-28 19:38:12', '2015-05-28 19:38:12', 'Between Logic and Common Sense: the Formal Semantics of Words', 'We kunnen taal alleen goed begrijpen door een boeiend en ingewikkeld samenspel van logica en gezond verstand. In dit programma ga ik onderzoeken hoe onze alledaagse taalkennis de manier beïnvloedt waarop we woorden in redeneringen gebruiken. Om dat te doen zullen we computermodellen ontwikkelen voor de processen waarmee we taal begrijpen.', 0, 0, '2010-09-01', '2015-08-01', NULL, NULL, NULL),
	(246, 1, 0, NULL, NULL, NULL, NULL, '2015-05-28 19:38:12', '2015-05-28 19:38:12', 'Data and Tradition. The Hebrew Bible as a linguistic corpus and as a literary composition', NULL, 0, 0, '2010-07-01', '2014-06-01', NULL, NULL, NULL),
	(247, 1, 0, NULL, NULL, NULL, NULL, '2015-05-28 19:38:12', '2015-05-28 19:53:41', 'AMICUS: Automated motif discovery in cultural heritage and scientific communication texts', NULL, 0, 0, '2009-09-01', NULL, NULL, NULL, NULL),
	(248, 1, 0, NULL, NULL, NULL, NULL, '2015-05-28 19:38:12', '2015-05-28 19:38:12', 'PoliticalMashup', NULL, 0, 0, '2010-05-01', '2012-04-01', NULL, NULL, NULL),
	(249, 1, 0, NULL, NULL, NULL, NULL, '2015-05-28 19:38:12', '2015-05-28 19:38:12', 'Automated Detection of Financial Events in News Text', 'De huidige financiële markten zijn onlosmakelijk verbonden met financiële gebeurtenissen als overnames, winstaankondigingen of productlanceringen. Informatie gedestilleerd uit nieuwsartikelen die gaan over zulke gebeurtenissen zou dus nuttig kunnen zijn bij het nemen van financiële beslissingen. Maar de enorme hoeveelheid dagelijks nieuws maakt een handmatige analyse onmogelijk. Daar komt bij dat een (semi-)geautomatiseerde aanpak voor het ontdekken en toepassen van financiële gebeurtenissen lastig is door het ongestructureerde karakter van de tekstuele data. Voor zijn proefschrift onderzocht Hogenboom hoe financiële gebeurtenissen in nieuwsartikelen gedetecteerd kunnen worden en ook hoe deze effectief ingezet kunnen worden in financiële toepassingen. Hij presenteert een semi-automatisch systeem om financiële gebeurtenissen uit de tekst van nieuwsberichten te halen. Hiervoor ontwikkelde hij een vernieuwende taal om extractiepatronen te definiëren, die toegepast kunnen worden op natuurlijke taal. Het kennisgedreven systeem blijft up to date doordat het gesynchroniseerd wordt met de laatste marktontwikkelingen door middel van een nieuw ontwikkelde taal. Zo wordt de onderliggende kennisbank automatisch gewijzigd met de ontdekte financiële gebeurtenissen. Hogenboom onderzocht ook de praktische inzetbaarheid van financiële gebeurtenissen. Experimenten in de geautomatiseerde aandelenhandel tonen aan dat de best presterende handelsregels niet alleen traditionele numerieke signalen (getallen) gebruiken, maar juist ook signalen die afkomstig zijn van gebeurtenissen die in nieuwsartikelen worden vermeld. Bovendien verbeteren de resultaten van financiële risicoanalyses zichtbaar als er gebruik wordt gemaakt van data die geschoond is van verstoringen, veroorzaakt door financiële gebeurtenissen. Volgens Hogenboom suggereren dergelijke resultaten dat financiële gebeurtenissen uit nieuwsartikelen uitstekend kunnen worden ingezet als extra factor bij veel financiële toepassingen.', 1, 0, '2009-01-01', '2014-12-01', NULL, NULL, NULL),
	(250, 1, 0, NULL, NULL, NULL, NULL, '2015-05-28 19:38:12', '2015-05-28 19:38:12', 'Text Technologies & Epistemic Reading', NULL, 1, 0, '2009-01-01', '2013-01-01', NULL, NULL, NULL),
	(251, 1, 0, NULL, NULL, NULL, NULL, '2015-05-28 19:38:12', '2015-05-28 19:38:12', 'Varieties of Absorption in Narrative, and Aesthetic Experiences A Comparative Study of Responses to Literature and Film', NULL, 0, 0, '2010-09-01', '2014-08-01', NULL, NULL, NULL),
	(252, 1, 0, NULL, NULL, NULL, NULL, '2015-05-28 19:38:12', '2015-05-28 19:53:41', 'SoNaR: STEVIN Dutch Reference Corpus', NULL, 0, 0, '2008-01-01', NULL, NULL, NULL, NULL),
	(253, 1, 0, NULL, NULL, NULL, NULL, '2015-05-28 19:38:12', '2015-05-28 19:38:12', 'DeviantArt: Mapping the Alternative Art World', 'Doel van dit onderzoek is een analyse van het sociale netwerk DeviantArt. DeviantArt is een online netwerk waar meer dan 11 miljoen mensen gebruik van maken, en waarbij zelfgemaakte kunst wordt uitgewisseld, besproken en kan worden gekocht. Het netwerk is daarbij een extreem democratisch platform voor het waarderen van kunst, en veel onafhankelijker van bijvoorbeeld politieke of institutionele voorkeuren dan de conventionele kunstwereld. In dit onderzoek zal worden onderzocht hoe DeviantArt zich verhoudt tot die traditionele kunstwereld en verschillende andere online communities, en hoe de gebruikers van DeviantArt zich onderling met elkaar verhouden.', 0, 0, '2011-03-01', '2014-02-01', NULL, NULL, NULL),
	(254, 1, 0, NULL, NULL, NULL, NULL, '2015-05-28 19:38:12', '2015-05-28 19:38:12', 'Modelling musical similarity over time through the variation principle', NULL, 0, 0, '2011-03-01', '2016-02-01', NULL, NULL, NULL),
	(255, 1, 0, NULL, NULL, NULL, NULL, '2015-05-28 19:38:12', '2015-05-28 19:38:12', 'Marginal scholarship. The practice of learning in the early Middle Ages (c. 800 - c. 1000)', 'Dit project analyseert marginale annotaties in vroegmiddeleeuwse manuscripten, om zo een beter beeld te krijgen van de methoden en interesses van de wetenschap in Europa in deze periode. < Alle projecten Onze kennis van Latijnse teksten uit de Oudheid en Laatantieke periode is vooral gebaseerd op manuscripten uit de vroege Middeleeuwen. Er zijn meer manuscripten overgeleverd uit de 9e eeuw dan uit elk van de daaropvolgende zes eeuwen. De marges van deze manuscripten bevatten aantekeningen die laten zien dat de teksten niet alleen maar overgeleverd werden, maar dat ze actief werden bestudeerd en gebruikt. Lange tijd zijn ze beschouwd als onbeduidende schrijfsels van anonieme monniken. ze vormen juist veelzeggende bronnen van intellectuele geschiedenis: zij vertellen het verhaal van de veranderingen in kennis op velerlei gebied, van de natuurlijke fenomenen van de kosmos tot de orthodoxe leer over predestinatie. Zij geven inzicht in de methoden en interesses van wetenschap en onderzoek in deze periode. De praktijken van het annoteren van handschriften zijn tot op heden nauwelijks in kaart gebracht. Dit project zet ze in de schijnwerpers, omdat ze een onverwacht rijk en nieuw licht werpen op het intellectuele leven in Europa in de vroege Middeleeuwen.', 0, 0, '2011-01-01', '2015-12-01', NULL, NULL, NULL),
	(256, 1, 0, NULL, NULL, NULL, NULL, '2015-05-28 19:38:12', '2015-05-28 20:01:45', 'e-Humanities', NULL, 0, 0, '2011-01-01', '2015-12-01', NULL, NULL, NULL),
	(257, 1, 0, NULL, NULL, NULL, NULL, '2015-05-28 19:38:12', '2015-05-28 19:38:12', 'Socio-cognitive mechanisms of symbolic communication', NULL, 0, 0, '2011-08-01', '2014-07-01', NULL, NULL, NULL),
	(258, 1, 0, NULL, NULL, NULL, NULL, '2015-05-28 19:38:12', '2015-05-28 19:38:12', 'Postcolonial Europe Network (PEN)', NULL, 0, 0, '2011-09-01', '2014-08-01', NULL, NULL, NULL),
	(259, 1, 0, NULL, NULL, NULL, NULL, '2015-05-28 19:38:12', '2015-05-28 19:38:12', 'A Collaboratory for the Study of Reading and the Circulation of Ideas in Early Modern Europe: A Digital Platform for Teaching and Research', NULL, 0, 0, '2011-09-01', '2014-08-01', NULL, NULL, NULL),
	(260, 1, 0, NULL, NULL, NULL, NULL, '2015-05-28 19:38:12', '2015-05-28 19:38:12', 'Verbal Forms in Biblical Hebrew Poetry: Poetic Freedom or Linguistic System?', NULL, 1, 0, '2011-09-01', '2015-08-01', NULL, NULL, NULL),
	(261, 1, 0, NULL, NULL, NULL, NULL, '2015-05-28 19:38:12', '2015-05-28 19:38:12', 'Common Rules. The regulation of institutions for managing commons in Europe 1100-1800', NULL, 0, 0, '2011-09-01', '2014-08-01', NULL, NULL, NULL),
	(262, 1, 0, NULL, NULL, NULL, NULL, '2015-05-28 19:38:12', '2015-05-28 19:38:12', 'Cognition Guided Interoperability beTween Collections of musical Heritage', NULL, 0, 0, '2011-10-01', '2015-10-01', NULL, NULL, NULL),
	(263, 1, 0, NULL, NULL, NULL, NULL, '2015-05-28 19:38:12', '2015-05-28 19:38:12', 'Representing music: a new basis for computational musicology', 'De beste representatie van muziek (bv. notenschrift, mp3) hangt af van de toepassing. Dit project zoekt de optimale representatie voor muziekclassificatie (bv. jazz, rock). Het onderzoek leidt tot een beter begrip hoe mensen muziek classificeren, en tot toepassingen zoals muziekzoekmachines.', 0, 0, '2012-04-01', '2015-04-01', NULL, NULL, NULL),
	(264, 1, 0, NULL, NULL, NULL, NULL, '2015-05-28 19:38:12', '2015-05-28 19:52:22', 'CLIO-Infra project', NULL, 0, 0, '2011-01-01', NULL, NULL, NULL, NULL),
	(265, 1, 0, NULL, NULL, NULL, NULL, '2015-05-28 19:38:12', '2015-05-28 19:52:25', 'Interface Studies', NULL, 0, 0, '2011-01-01', NULL, NULL, NULL, NULL),
	(266, 1, 0, NULL, NULL, NULL, NULL, '2015-05-28 19:38:12', '2015-05-28 19:52:30', 'Digital Research Infrastructure for the Arts and Humanities (DARIAH)', 'In het project Digital Research Infrastructure for the Arts and Humanities (DARIAH) wordt een digitale werkbank voor alfawetenschappers in Europa gerealiseerd. Onderzoekers kunnen bij DARIAH terecht voor het vinden van data en tools, het archiveren van hun data, kennisuitwisseling en advies op het gebied van metadata en digitalisering. Het European Strategy Forum for Research Infrastructures (ESFRI) heeft het belang van de ontwikkeling van DARIAH onderstreept door het project op te nemen in zijn Roadmap 2006. Daarin zijn nog vier belangrijke initiatieven in de alfa- en gammawetenschappen opgenomen, waaronder een vergelijkbaar voorstel voor een data-infrastructuur voor de gammawetenschappen (CESSDA Major Upgrade) en voor taalkundige hulpbronnen (CLARIN) In het najaar van 2008 is gestart met het project Preparing DARIAH , waarin alle voorbereidingen voor de constructie worden getroffen. Voorbereidend werk betreft onder meer juridisch werk en het ontwikkelen en testen van een prototype. Het 2 jaar durende project wordt medegefinancierd door de Europese Commissie. In totaal zijn er 14 organisaties uit 10 landen als partner betrokken bij het project. Daarnaast hebben zich al verschillende organisaties uit andere landen aangemeld als geïnteresseerde. De DARIAH website geeft meer details over de activiteiten en de partners. Het Preparing DARIAH project is eind februari 2011 afgesloten. DARIAH bevindt zich nu in een overgangsfase en de verwachting is dat in 2012 de feitelijke constructie aanvangt.', 0, 0, '2012-03-01', NULL, NULL, NULL, NULL),
	(268, 1, 0, NULL, NULL, NULL, 256, '2015-05-28 19:38:12', '2015-05-28 20:00:38', 'CEDAR From fragment to fabric ? Dutch census data in a web of global cultural and historic information', NULL, 1, 0, '2011-09-01', '2014-12-01', NULL, NULL, NULL),
	(269, 1, 0, NULL, NULL, NULL, 256, '2015-05-28 19:38:12', '2015-05-28 20:00:38', 'The Riddle of Literary Quality', 'Het doel van het project is om op een empirische en computationele wijze tekstuele patronen vast te stellen in moderne Nederlandstalige fictie en na te gaan of er een correlatie bestaat tussen het voorkomen van bepaalde clusters van formele eigenschappen en de meningen die lezers over de onderzochte romans hebben. Voor de tekstkenmerken worden tools aangepast en ontwikkeld waarmee zoveel mogelijk eigenschappen van de tekst worden doorgemeten. De lezersmeningen zijn in de loop van 2012 verzameld in Het nationale lezersonderzoek, een grote online enquête.', 0, 0, '2012-01-01', '2016-09-01', NULL, NULL, NULL),
	(270, 1, 0, NULL, NULL, NULL, 256, '2015-05-28 19:38:12', '2015-05-28 20:00:38', 'Tunes & Tales. Modeling Oral Transmission', NULL, 0, 0, '2011-09-01', NULL, NULL, NULL, NULL),
	(271, 1, 0, NULL, NULL, NULL, 256, '2015-05-28 19:38:12', '2015-05-28 20:00:38', 'Enhanced Publications', NULL, 0, 0, '2011-01-01', NULL, NULL, NULL, NULL),
	(272, 1, 0, NULL, NULL, NULL, 256, '2015-05-28 19:38:12', '2015-05-28 20:00:38', 'Academic Careers Understood through Measurement and Norms (ACUMEN)', NULL, 0, 0, '2011-03-01', '2014-02-01', NULL, NULL, NULL),
	(273, 1, 0, NULL, NULL, NULL, 255, '2015-05-28 19:38:12', '2015-05-28 20:00:38', '', 'Evina Steinová (1986) werkt als Assistent in Opleiding (AiO) voor het project Marginal Scholarship. The Practice of Learning in the Early Middle Ages (c. 800-c. 1000) , geleid door Mariken Teeuwen. Binnen dit project zal zij zich richten op de verschillende genres van geleerde literatuur (commentaren, glossenverzamelingen, encyclopedische kennisverzamelingen). Zij probeert grip te krijgen op hun onderlinge samenhang en hun functie in het intellectuele bedrijf van de vroege middeleeuwen.', 1, 0, '2011-09-01', '2015-09-01', NULL, NULL, NULL),
	(274, 1, 0, NULL, NULL, NULL, NULL, '2015-05-28 19:38:12', '2015-05-28 19:38:12', 'Mapping the Via Appia', NULL, 0, 0, '2012-05-01', '2016-05-01', NULL, NULL, NULL),
	(275, 1, 0, NULL, NULL, NULL, NULL, '2015-05-28 19:38:12', '2015-05-28 19:38:12', 'Dutch Songs On Line', 'Met prof. dr. L.P. Grijp, dr. D. van der Poel, dr. R. van Stipriaan, drs. M. de Bruin en dr. A. Leerintveld beogen we vanaf 2009 te werken aan de creatie van een grote, volledig doorzoekbare database met 10.000 Nederlandse liedteksten. In de DSOL zal werk van de Nederlandse Liederenbank (NLB) en de Digitale Bibliotheek voor de Nederlandse Letteren (DBNL) worden geïntegreerd en uitgebouwd. De grote hoeveelheid metadata die de NLB nu al biedt wordt gecombineerd met transcripties van liedteksten. Er zal contextuele informatie worden toegevoegd, en ook zullen scans van de originelen worden opgenomen. Het geheel zal als goed doorzoekbare database op het Internet beschikbaar worden gesteld. De aanvragers van dit project beogen de database gedurende de looptijd van het project zelf benutten, en verbeteren door onderzoek te doen naar de manier waarop in de liedcultuur identiteitsvormingsprocessen hebben plaatsgevonden, tussen middeleeuwen en de 19e eeuw. Onze centrale hypothese is dat liedteksten een belangrijke rol hebben gespeeld in de vorming van religieuze en profane groeperingen, en dat die rol te reconstrueren valt door patronen van ontlening, hergebruik en opvoering te traceren. Over de technische aspecten van het project (toepassing van digitalisering in dergelijke onderzoek) zullen naar verwachting ook publicaties verschijnen..', 0, 0, '2009-07-01', '2013-07-01', NULL, NULL, NULL),
	(276, 1, 0, NULL, NULL, NULL, NULL, '2015-05-28 19:38:12', '2015-05-28 19:38:12', 'Mig@net. Transnational Digital Networks. Migration and Gender', NULL, 0, 0, '2010-07-01', '2013-03-01', NULL, NULL, NULL),
	(277, 1, 0, NULL, NULL, NULL, NULL, '2015-05-28 19:38:12', '2015-05-28 19:38:12', 'Dynamics of the Medieval Manuscript: Text Collections from a European Perspective', NULL, 0, 0, '2010-01-01', '2013-09-01', NULL, NULL, NULL),
	(278, 1, 0, NULL, NULL, NULL, NULL, '2015-05-28 19:38:12', '2015-05-28 19:38:12', 'BiographyNet (From the Biography Portal of the Netherlands to a Virtual Society of People Past and Present)', NULL, 0, 0, '2012-01-01', '2016-01-01', NULL, NULL, NULL),
	(279, 1, 0, NULL, NULL, NULL, NULL, '2015-05-28 19:38:12', '2015-05-28 19:38:12', 'Circulation of Dutch Literature (CODL)  : the reception and transfer of literature in national and international perspective', 'CODL kent zowel een infrastructurele als een inhoudelijke doelstelling. Het project wil ten eerste het netwerk van de internationale neerlandistiek consolideren, versterken en uitbreiden. Dit interdisciplinaire netwerk bestaat hoofdzakelijk uit onderzoekers en vertalers van Nederlandse literatuur binnen en buiten het Nederlandse taalgebied. Ten tweede wil het project toewerken naar een geschiedenis van de internationale verspreiding van Nederlandse literatuur. CODL moet leiden tot de volgende resultaten: 1. Verbetering van de infrastructuur voor onderzoek. Hiervoor is een dynamische website gebouwd die deelnemende onderzoekers en studenten een virtual collaboratory biedt. 2. Een netwerk van intramurale en extramurale onderzoekers dat de samenwerking en de uitwisseling van expertise bevordert. 3. Een drietal workshops over cultuuroverdracht, over receptiestudies en over de vertaalwetenschappelijke, performatieve en didactische aspecten van de circulatie van teksten. Deze workshops, waar eveneens resultaten van deelprojecten gepresenteerd worden, bereiden voor op 4. Een Europees onderzoeksvoorstel. Dit moet voorzien in voortzetting van het gezamenlijke onderzoek na 2015. 5. Een bundel met onderzoeksresultaten voortkomend uit CODL. 6. Andere aan CODL gelieerde initiatieven (vertaalateliers, publicaties, lezingen, onderzoeksvoorstellen etc.) van individuele deelnemers.', 0, 0, '2012-10-01', '2015-09-01', NULL, NULL, NULL),
	(280, 1, 0, NULL, NULL, NULL, NULL, '2015-05-28 19:38:12', '2015-05-28 19:38:12', 'E-Humanity Approaches to Reference Cultures: The Emergence of the United States in Public Discourse in the Netherlands, 1890-1990', NULL, 0, 0, '2012-10-01', '2017-09-01', NULL, NULL, NULL),
	(281, 1, 0, NULL, NULL, NULL, NULL, '2015-05-28 19:38:12', '2015-05-28 19:38:12', 'The Dark Age of the Lowlands in an interdisciplinary light: people, landscape and climate in the Netherlands between AD 300 and 1000', NULL, 0, 0, '2012-11-01', '2017-12-01', NULL, NULL, NULL),
	(282, 1, 0, NULL, NULL, NULL, NULL, '2015-05-28 19:38:12', '2015-05-28 19:52:44', 'HADRIANVS. History of Dutch Art and Culture in Rome', NULL, 0, 0, '2012-01-01', NULL, NULL, NULL, NULL),
	(283, 1, 0, NULL, NULL, NULL, NULL, '2015-05-28 19:38:12', '2015-05-28 19:52:51', 'e-Learning and Entertainment program', NULL, 0, 0, '2012-01-01', NULL, NULL, NULL, NULL),
	(284, 1, 0, NULL, NULL, NULL, NULL, '2015-05-28 19:38:12', '2015-05-28 19:53:41', 'Changing Dynamics of News', NULL, 1, 0, '2012-07-01', NULL, NULL, NULL, NULL),
	(285, 1, 0, NULL, NULL, NULL, NULL, '2015-05-28 19:38:12', '2015-05-28 19:38:12', 'Structure Induction in the Humanities', NULL, 0, 0, '2013-02-01', '2013-06-01', NULL, NULL, NULL),
	(286, 1, 0, NULL, NULL, NULL, NULL, '2015-05-28 19:38:12', '2015-05-28 20:01:54', 'Elite network shifts during regime change; a computational approach to network analysis using Indonesian language electronic newspaper archives', NULL, 0, 0, '2012-01-01', '2016-01-01', NULL, NULL, NULL),
	(287, 1, 0, NULL, NULL, NULL, 286, '2015-05-28 19:38:12', '2015-05-28 20:00:38', 'Complex network analysis: sociological and historical interpretation', NULL, 0, 0, '2012-01-01', '2015-01-01', NULL, NULL, NULL),
	(288, 1, 0, NULL, NULL, NULL, 286, '2015-05-28 19:38:12', '2015-05-28 20:00:38', 'Complex network analysis: structural and dynamic models', NULL, 0, 0, '2013-01-01', '2016-01-01', NULL, NULL, NULL),
	(289, 1, 0, NULL, NULL, NULL, NULL, '2015-05-28 19:38:12', '2015-05-28 19:53:41', 'Identifying and using implicit structures in sequences', NULL, 0, 0, '2012-01-01', NULL, NULL, NULL, NULL),
	(290, 1, 0, NULL, NULL, NULL, NULL, '2015-05-28 19:38:12', '2015-05-28 19:38:12', 'Persuasive gaming. From theory-based design to validation and back', NULL, 0, 0, '2013-10-01', '2017-09-01', NULL, NULL, NULL),
	(291, 1, 0, NULL, NULL, NULL, NULL, '2015-05-28 19:38:12', '2015-05-28 19:38:12', 'Nederlab - Laboratory for research on the patterns of change in the Dutch language and culture', NULL, 0, 0, '2013-01-01', '2017-12-01', NULL, NULL, NULL),
	(292, 1, 0, NULL, NULL, NULL, NULL, '2015-05-28 19:38:12', '2015-05-28 19:38:12', 'Semantic Text Analytics and e-Humanities Research', NULL, 1, 0, '2013-03-01', '2017-03-01', NULL, NULL, NULL),
	(293, 1, 0, NULL, NULL, NULL, NULL, '2015-05-28 19:38:12', '2015-05-28 19:38:12', 'The changing face of medieval Dutch narrative literature in the early period of print (1477-c.1540)', NULL, 0, 0, '2013-09-01', '2016-08-01', NULL, NULL, NULL),
	(294, 1, 0, NULL, NULL, NULL, NULL, '2015-05-28 19:38:12', '2015-05-28 19:53:41', 'Arts, Media and Culture', NULL, 0, 0, '2006-07-01', NULL, NULL, NULL, NULL),
	(295, 1, 0, NULL, NULL, NULL, NULL, '2015-05-28 19:38:12', '2015-05-28 19:38:12', 'Exploratory Political Search (ExPoSe)', NULL, 0, 0, '2013-10-01', '2018-09-01', NULL, NULL, NULL),
	(296, 1, 0, NULL, NULL, NULL, NULL, '2015-05-28 19:38:12', '2015-05-28 19:38:12', 'Time Capsule', NULL, 1, 0, '2013-10-01', '2017-09-01', NULL, NULL, NULL),
	(297, 1, 0, NULL, NULL, NULL, NULL, '2015-05-28 19:38:12', '2015-05-28 19:38:12', 'Frontiers of Language Variety', NULL, 0, 0, '2014-01-01', '2017-01-01', NULL, NULL, NULL),
	(298, 1, 0, NULL, NULL, NULL, NULL, '2015-05-28 19:38:12', '2015-05-28 19:38:12', 'The transnational dynamics of social reform', NULL, 0, 0, '2014-01-01', '2017-01-01', NULL, NULL, NULL),
	(299, 1, 0, NULL, NULL, NULL, NULL, '2015-05-28 19:38:12', '2015-05-28 19:53:41', 'The CMME Project : computerized mensural music editing', NULL, 0, 0, '2006-01-01', NULL, NULL, NULL, NULL),
	(300, 1, 0, NULL, NULL, NULL, NULL, '2015-05-28 19:38:12', '2015-05-28 19:38:12', 'Transnational Communication and Public Opinion in Early Modern Europe. Reporting the Thirty Years War in the Dutch Media, 1618-1648.', NULL, 0, 0, '2014-01-01', '2017-12-01', NULL, NULL, NULL),
	(301, 1, 0, NULL, NULL, NULL, NULL, '2015-05-28 19:38:12', '2015-05-28 19:38:12', 'KnowEscape - Analyzing the dynamics of information and knowledge landscapes COST Action TD1210', NULL, 0, 0, '2013-04-01', '2017-04-01', NULL, NULL, NULL),
	(302, 1, 0, NULL, NULL, NULL, NULL, '2015-05-28 19:38:12', '2015-05-28 19:38:12', 'E-Canon. Ontological computer modelling and the study of cultural heritage canons: the \'canon of Leiden\' as case study', NULL, 0, 0, '2014-06-01', '2015-06-01', NULL, NULL, NULL),
	(303, 1, 0, NULL, NULL, NULL, NULL, '2015-05-28 19:38:12', '2015-05-28 19:38:12', 'CANAAN: CreAtive Nodes in Amsterdam\'s Actor-artefact Networks', NULL, 0, 0, '2014-08-01', '2015-05-01', NULL, NULL, NULL),
	(304, 1, 0, NULL, NULL, NULL, NULL, '2015-05-28 19:38:12', '2015-05-28 19:38:12', 'CrEATE: Crowd-sourced Evaluation and Annotation of Tonal Entities.', NULL, 0, 0, '2015-01-01', '2015-12-01', NULL, NULL, NULL),
	(305, 1, 0, NULL, NULL, NULL, NULL, '2015-05-28 19:38:12', '2015-05-28 19:38:12', 'Visual Analytics for the World\'s Library Data', NULL, 0, 0, '2015-04-01', '2020-03-01', NULL, NULL, NULL),
	(306, 1, 0, NULL, NULL, NULL, NULL, '2015-05-28 19:38:12', '2015-05-28 19:38:12', 'Arts in Society', NULL, 0, 0, '2015-02-01', '2019-01-01', NULL, NULL, NULL);
/*!40000 ALTER TABLE `projects` ENABLE KEYS */;


-- Exportiere Struktur von Tabelle dhregistry.projects_institutions
DROP TABLE IF EXISTS `projects_institutions`;
CREATE TABLE IF NOT EXISTS `projects_institutions` (
  `id` int(11) NOT NULL AUTO_INCREMENT,
  `project_id` int(11) NOT NULL,
  `institution_id` int(11) NOT NULL,
  `institution_role_id` int(11) DEFAULT NULL,
  PRIMARY KEY (`id`),
  KEY `FK_projects_institutions_projects` (`project_id`),
  KEY `FK_project_institutions_institutions` (`institution_id`),
  KEY `FK_projects_institutions_institution_roles` (`institution_role_id`),
  CONSTRAINT `FK_project_institutions_institutions` FOREIGN KEY (`institution_id`) REFERENCES `institutions` (`id`) ON DELETE CASCADE ON UPDATE CASCADE,
  CONSTRAINT `FK_projects_institutions_institution_roles` FOREIGN KEY (`institution_role_id`) REFERENCES `institution_roles` (`id`) ON UPDATE CASCADE,
  CONSTRAINT `FK_projects_institutions_projects` FOREIGN KEY (`project_id`) REFERENCES `projects` (`id`) ON DELETE CASCADE ON UPDATE CASCADE
) ENGINE=InnoDB AUTO_INCREMENT=309 DEFAULT CHARSET=utf8 COLLATE=utf8_unicode_ci;

-- Exportiere Daten aus Tabelle dhregistry.projects_institutions: ~291 rows (ungefähr)
/*!40000 ALTER TABLE `projects_institutions` DISABLE KEYS */;
INSERT INTO `projects_institutions` (`id`, `project_id`, `institution_id`, `institution_role_id`) VALUES
	(1, 203, 1055, 1),
	(2, 204, 1055, 1),
	(3, 207, 1055, 1),
	(4, 191, 1055, 1),
	(5, 175, 1096, 1),
	(6, 214, 1055, 1),
	(7, 192, 1055, 1),
	(8, 176, 1096, 1),
	(9, 208, 1055, 1),
	(10, 194, 1096, 1),
	(11, 186, 1055, 1),
	(12, 205, 1054, 1),
	(13, 206, 1054, 1),
	(14, 200, 1096, 1),
	(15, 183, 1055, 1),
	(16, 184, 1055, 1),
	(17, 185, 1055, 1),
	(18, 201, 1096, 1),
	(19, 198, 1096, 1),
	(20, 198, 1051, 1),
	(21, 198, 1052, 1),
	(22, 199, 1096, 1),
	(23, 199, 1052, 1),
	(24, 199, 1051, 1),
	(25, 195, 1054, 1),
	(26, 196, 1054, 1),
	(27, 197, 1054, 1),
	(28, 202, 1055, 1),
	(29, 234, 1096, 1),
	(30, 218, 1055, 1),
	(31, 218, 1160, 1),
	(32, 225, 1096, 1),
	(33, 240, 1050, 1),
	(34, 239, 1050, 1),
	(35, 220, 1055, 1),
	(36, 241, 1055, 1),
	(37, 245, 1055, 1),
	(38, 236, 1055, 1),
	(39, 253, 1055, 1),
	(40, 237, 1086, 1),
	(41, 243, 1053, 1),
	(42, 230, 1055, 1),
	(43, 246, 1055, 1),
	(44, 247, 1055, 1),
	(45, 248, 1055, 1),
	(46, 251, 1055, 1),
	(47, 255, 1055, 1),
	(48, 262, 1054, 1),
	(49, 254, 1055, 1),
	(50, 257, 1055, 1),
	(51, 258, 1055, 1),
	(52, 259, 1055, 1),
	(53, 260, 1055, 1),
	(54, 261, 1055, 1),
	(55, 263, 1054, 1),
	(56, 271, 1086, 1),
	(57, 271, 1185, 1),
	(58, 272, 1050, 1),
	(60, 249, 1054, 1),
	(61, 274, 1055, 1),
	(62, 279, 1055, 1),
	(63, 280, 1055, 1),
	(64, 281, 1055, 1),
	(65, 290, 1055, 1),
	(66, 291, 1179, 1),
	(67, 292, 1055, 1),
	(68, 293, 1055, 1),
	(69, 295, 1055, 1),
	(70, 296, 1055, 1),
	(71, 297, 1055, 1),
	(72, 298, 1055, 1),
	(73, 300, 1055, 1),
	(75, 302, 1055, 1),
	(76, 303, 1055, 1),
	(77, 304, 1055, 1),
	(78, 305, 1055, 1),
	(79, 306, 1096, 1),
	(80, 272, 1086, 2),
	(81, 192, 1130, 3),
	(82, 191, 1078, 3),
	(83, 190, 1126, 3),
	(84, 183, 1154, 3),
	(85, 189, 1129, 3),
	(86, 172, 1110, 3),
	(87, 182, 1178, 3),
	(88, 188, 1149, 3),
	(89, 180, 1149, 3),
	(90, 187, 1149, 3),
	(91, 203, 1119, 3),
	(92, 151, 1102, 3),
	(93, 159, 1100, 3),
	(94, 204, 1132, 3),
	(95, 169, 1139, 3),
	(96, 207, 1183, 3),
	(97, 153, 1100, 3),
	(98, 168, 1141, 3),
	(99, 156, 1100, 3),
	(100, 175, 1081, 3),
	(101, 186, 1182, 3),
	(102, 152, 1078, 3),
	(103, 157, 1078, 3),
	(104, 158, 1149, 3),
	(105, 210, 1149, 3),
	(106, 155, 1133, 3),
	(107, 162, 1133, 3),
	(108, 167, 1070, 3),
	(109, 173, 1162, 3),
	(110, 174, 1162, 3),
	(111, 160, 1102, 3),
	(112, 212, 1147, 3),
	(113, 213, 1147, 3),
	(114, 211, 1149, 3),
	(115, 209, 1125, 3),
	(116, 176, 1091, 3),
	(117, 178, 1078, 3),
	(118, 179, 1078, 3),
	(119, 170, 1070, 3),
	(120, 166, 1070, 3),
	(121, 165, 1070, 3),
	(122, 208, 1122, 3),
	(123, 161, 1123, 3),
	(124, 193, 1101, 3),
	(125, 171, 1133, 3),
	(126, 181, 1124, 3),
	(127, 198, 1183, 3),
	(128, 199, 1101, 3),
	(129, 205, 1132, 3),
	(130, 206, 1132, 3),
	(131, 200, 1080, 3),
	(132, 184, 1190, 3),
	(133, 150, 1182, 3),
	(134, 195, 1166, 3),
	(135, 196, 1114, 3),
	(136, 197, 1070, 3),
	(137, 185, 1070, 3),
	(138, 201, 1132, 3),
	(139, 216, 1078, 3),
	(140, 202, 1159, 3),
	(141, 223, 1149, 3),
	(142, 224, 1149, 3),
	(143, 220, 1198, 3),
	(144, 228, 1198, 3),
	(145, 221, 1133, 3),
	(146, 222, 1133, 3),
	(147, 219, 1193, 3),
	(148, 232, 1071, 3),
	(149, 215, 1165, 3),
	(150, 217, 1128, 3),
	(151, 231, 1184, 3),
	(152, 225, 1087, 3),
	(153, 230, 1190, 3),
	(154, 240, 1101, 3),
	(155, 239, 1101, 3),
	(156, 226, 1141, 3),
	(157, 229, 1136, 3),
	(159, 241, 1173, 3),
	(160, 218, 1133, 3),
	(161, 214, 1133, 3),
	(162, 236, 1194, 3),
	(163, 250, 1138, 3),
	(164, 253, 1178, 3),
	(165, 237, 1178, 3),
	(166, 249, 1169, 3),
	(167, 243, 1178, 3),
	(168, 238, 1183, 3),
	(169, 244, 1128, 3),
	(170, 246, 1075, 3),
	(171, 248, 1159, 3),
	(172, 251, 1125, 3),
	(173, 256, 1086, 3),
	(174, 247, 1198, 3),
	(175, 252, 1198, 3),
	(176, 255, 1128, 3),
	(177, 262, 1071, 3),
	(178, 227, 1126, 3),
	(179, 154, 1157, 3),
	(180, 254, 1071, 3),
	(181, 164, 1084, 3),
	(182, 257, 1070, 3),
	(183, 258, 1193, 3),
	(184, 260, 1075, 3),
	(185, 261, 1194, 3),
	(186, 263, 1132, 3),
	(187, 264, 1081, 3),
	(188, 265, 1141, 3),
	(189, 266, 1186, 3),
	(190, 269, 1128, 3),
	(191, 270, 1078, 3),
	(192, 272, 1061, 3),
	(193, 273, 1137, 3),
	(194, 274, 1151, 3),
	(195, 275, 1125, 3),
	(196, 276, 1125, 3),
	(197, 277, 1125, 3),
	(198, 245, 1101, 3),
	(199, 279, 1128, 3),
	(200, 280, 1194, 3),
	(201, 281, 1177, 3),
	(202, 282, 1083, 3),
	(203, 259, 1125, 3),
	(204, 284, 1149, 3),
	(205, 285, 1090, 3),
	(206, 268, 1207, 3),
	(207, 271, 1207, 3),
	(211, 283, 1195, 3),
	(212, 289, 1198, 3),
	(213, 290, 1193, 3),
	(214, 291, 1078, 3),
	(215, 292, 1194, 3),
	(216, 293, 1164, 3),
	(217, 294, 1152, 3),
	(218, 295, 1132, 3),
	(219, 296, 1073, 3),
	(220, 297, 1100, 3),
	(221, 298, 1092, 3),
	(222, 6, 1179, 4),
	(223, 6, 1210, 4),
	(224, 6, 1244, 4),
	(225, 7, 1245, 1),
	(226, 7, 1246, 4),
	(227, 7, 1247, 4),
	(228, 8, 1218, 4),
	(229, 11, 1206, 4),
	(230, 18, 1208, 4),
	(231, 19, 1210, 4),
	(232, 20, 1226, 1),
	(233, 21, 1226, 1),
	(234, 26, 9, 4),
	(235, 29, 1210, 4),
	(236, 29, 1211, 4),
	(237, 30, 1210, 4),
	(238, 30, 10, 4),
	(239, 30, 1233, 4),
	(240, 34, 9, 4),
	(241, 34, 10, 4),
	(243, 34, 1211, 4),
	(244, 35, 1222, 1),
	(245, 36, 1223, 4),
	(246, 36, 1224, 4),
	(247, 38, 1225, 1),
	(248, 39, 1206, 4),
	(249, 41, 1226, 4),
	(250, 41, 1227, 4),
	(251, 46, 1128, 4),
	(252, 46, 1186, 4),
	(254, 46, 3, 4),
	(255, 48, 1222, 1),
	(256, 53, 1230, 4),
	(257, 53, 1242, 4),
	(258, 55, 1211, 1),
	(259, 55, 1208, 4),
	(260, 56, 1249, 4),
	(261, 59, 1231, 4),
	(266, 60, 4, 4),
	(267, 60, 9, 4),
	(268, 60, 1096, 4),
	(270, 64, 1244, 1),
	(271, 64, 1232, 4),
	(272, 65, 1210, 4),
	(273, 68, 1210, 4),
	(274, 68, 1233, 4),
	(275, 68, 1234, 4),
	(276, 68, 1249, 4),
	(277, 72, 8, 4),
	(278, 72, 1096, 4),
	(279, 74, 1235, 1),
	(280, 74, 1250, 4),
	(281, 75, 1236, 4),
	(282, 75, 1237, 1),
	(283, 77, 8, 4),
	(284, 78, 1210, 1),
	(285, 80, 1, 4),
	(286, 80, 3, 4),
	(287, 80, 9, 4),
	(288, 80, 4, 4),
	(289, 82, 1244, 4),
	(290, 84, 1244, 1),
	(291, 84, 1232, 4),
	(292, 85, 1251, 4),
	(293, 86, 1229, 1),
	(295, 86, 1238, 4),
	(296, 88, 1216, 1),
	(297, 88, 1252, 4),
	(298, 90, 1210, 4),
	(299, 90, 1240, 4),
	(300, 91, 8, 4),
	(304, 92, 1241, 1),
	(305, 92, 9, 4),
	(306, 93, 1253, 1),
	(307, 93, 1242, 4),
	(308, 94, 1243, 1);
/*!40000 ALTER TABLE `projects_institutions` ENABLE KEYS */;


-- Exportiere Struktur von Tabelle dhregistry.projects_nwo_disciplines
DROP TABLE IF EXISTS `projects_nwo_disciplines`;
CREATE TABLE IF NOT EXISTS `projects_nwo_disciplines` (
  `id` int(11) NOT NULL AUTO_INCREMENT,
  `project_id` int(11) NOT NULL,
  `nwo_discipline_id` int(11) NOT NULL,
  PRIMARY KEY (`id`),
  KEY `FK_projects_nwo_disciplines_projects` (`project_id`),
  KEY `FK_projects_nwo_disciplines_nwo_disciplines` (`nwo_discipline_id`),
  CONSTRAINT `FK_projects_nwo_disciplines_nwo_disciplines` FOREIGN KEY (`nwo_discipline_id`) REFERENCES `nwo_disciplines` (`id`) ON UPDATE CASCADE,
  CONSTRAINT `FK_projects_nwo_disciplines_projects` FOREIGN KEY (`project_id`) REFERENCES `projects` (`id`) ON DELETE CASCADE ON UPDATE CASCADE
) ENGINE=InnoDB AUTO_INCREMENT=108 DEFAULT CHARSET=utf8;

-- Exportiere Daten aus Tabelle dhregistry.projects_nwo_disciplines: ~48 rows (ungefähr)
/*!40000 ALTER TABLE `projects_nwo_disciplines` DISABLE KEYS */;
INSERT INTO `projects_nwo_disciplines` (`id`, `project_id`, `nwo_discipline_id`) VALUES
	(11, 5, 2),
	(12, 6, 3),
	(13, 7, 1),
	(14, 7, 4),
	(17, 8, 28),
	(24, 11, 3),
	(30, 18, 1),
	(32, 20, 10),
	(34, 21, 10),
	(40, 26, 1),
	(45, 29, 11),
	(47, 30, 1),
	(50, 34, 17),
	(52, 38, 16),
	(53, 39, 18),
	(55, 41, 10),
	(56, 42, 3),
	(59, 44, 13),
	(61, 46, 3),
	(62, 47, 1),
	(63, 48, 7),
	(69, 53, 5),
	(71, 55, 7),
	(72, 56, 7),
	(76, 60, 1),
	(77, 60, 17),
	(78, 61, 10),
	(81, 64, 17),
	(82, 65, 1),
	(83, 66, 1),
	(84, 68, 1),
	(86, 71, 13),
	(87, 72, 4),
	(88, 73, 17),
	(89, 74, 7),
	(90, 75, 13),
	(91, 76, 3),
	(92, 77, 16),
	(93, 78, 1),
	(96, 80, 17),
	(98, 84, 17),
	(99, 85, 7),
	(100, 87, 1),
	(101, 88, 26),
	(104, 91, 1),
	(105, 92, 16),
	(106, 93, 11),
	(107, 94, 16);
/*!40000 ALTER TABLE `projects_nwo_disciplines` ENABLE KEYS */;


-- Exportiere Struktur von Tabelle dhregistry.projects_people
DROP TABLE IF EXISTS `projects_people`;
CREATE TABLE IF NOT EXISTS `projects_people` (
  `id` int(11) NOT NULL AUTO_INCREMENT,
  `person_id` int(11) NOT NULL,
  `project_id` int(11) NOT NULL,
  `person_project_role_id` int(11) DEFAULT NULL,
  `institution_id` int(11) DEFAULT NULL COMMENT 'Institution ID is being repeated here (redundant to table projects_institutions), to represent the person''s connection to the institution for the duration of the project only.',
  `person_institution_role_id` int(11) DEFAULT NULL,
  `email` varchar(255) COLLATE utf8_unicode_ci DEFAULT NULL,
  PRIMARY KEY (`id`),
  KEY `FK_projects_persons_persons` (`person_id`),
  KEY `FK_projects_persons_projects` (`project_id`),
  KEY `FK_projects_persons_person_roles` (`person_project_role_id`),
  KEY `FK_projects_people_institutions` (`institution_id`),
  KEY `FK_projects_people_person_institution_roles` (`person_institution_role_id`),
  CONSTRAINT `FK_projects_people_institutions` FOREIGN KEY (`institution_id`) REFERENCES `institutions` (`id`) ON DELETE CASCADE ON UPDATE CASCADE,
  CONSTRAINT `FK_projects_people_person_institution_roles` FOREIGN KEY (`person_institution_role_id`) REFERENCES `person_institution_roles` (`id`) ON UPDATE CASCADE,
  CONSTRAINT `FK_projects_persons_person_roles` FOREIGN KEY (`person_project_role_id`) REFERENCES `person_project_roles` (`id`) ON UPDATE CASCADE,
  CONSTRAINT `FK_projects_persons_persons` FOREIGN KEY (`person_id`) REFERENCES `people` (`id`) ON DELETE CASCADE ON UPDATE CASCADE,
  CONSTRAINT `FK_projects_persons_projects` FOREIGN KEY (`project_id`) REFERENCES `projects` (`id`) ON DELETE CASCADE ON UPDATE CASCADE
) ENGINE=InnoDB AUTO_INCREMENT=516 DEFAULT CHARSET=utf8 COLLATE=utf8_unicode_ci;

-- Exportiere Daten aus Tabelle dhregistry.projects_people: ~345 rows (ungefähr)
/*!40000 ALTER TABLE `projects_people` DISABLE KEYS */;
INSERT INTO `projects_people` (`id`, `person_id`, `project_id`, `person_project_role_id`, `institution_id`, `person_institution_role_id`, `email`) VALUES
	(1, 155, 217, 1, 1128, 5, 'joris.van.zundert@huygens.knaw.nl'),
	(2, 212, 256, 1, 1086, NULL, NULL),
	(3, 189, 266, 1, 1186, 4, 'henk.harmsen@dans.knaw.nl'),
	(4, 263, 272, 1, 1050, NULL, NULL),
	(5, 270, 282, 1, 1083, 4, 'a.weststeijn@knir.it'),
	(6, 235, 291, 1, 1179, NULL, NULL),
	(7, 102, 166, 2, 1070, NULL, NULL),
	(8, 98, 166, 2, 1070, 7, 'e.j.krahmer@tilburguniversity.edu'),
	(9, 144, 180, 2, 1149, 5, NULL),
	(10, 156, 180, 2, 1149, NULL, NULL),
	(11, 126, 187, 2, 1149, NULL, NULL),
	(12, 106, 158, 2, 1149, NULL, NULL),
	(13, 57, 158, 2, 1149, 5, 'l.tenbosch@let.ru.nl'),
	(14, 102, 170, 2, 1070, NULL, NULL),
	(15, 105, 219, 2, 1193, NULL, NULL),
	(16, 41, 151, 2, 1102, NULL, NULL),
	(17, 206, 241, 2, 1055, NULL, NULL),
	(18, 71, 224, 2, 1149, NULL, NULL),
	(19, 158, 224, 2, 1149, 1, 'b.v.halteren@let.ru.nl'),
	(20, 57, 188, 2, 1149, 5, 'l.tenbosch@let.ru.nl'),
	(21, 128, 249, 2, 1054, NULL, NULL),
	(22, 77, 268, 2, 1207, NULL, NULL),
	(23, 195, 268, 2, 1207, NULL, NULL),
	(24, 210, 219, 2, 1193, NULL, NULL),
	(25, 211, 296, 2, 1055, NULL, NULL),
	(26, 7, 181, 3, 1124, NULL, NULL),
	(27, 8, 181, 3, 1124, NULL, NULL),
	(28, 63, 181, 3, 1124, NULL, NULL),
	(29, 161, 181, 3, 1124, NULL, NULL),
	(30, 64, 181, 3, 1124, 4, NULL),
	(31, 112, 181, 3, 1124, NULL, NULL),
	(32, 162, 181, 3, 1124, NULL, NULL),
	(33, 163, 181, 3, 1124, 5, 'l.beijer@maartenskliniek.nl'),
	(34, 110, 182, 3, 1178, NULL, NULL),
	(35, 147, 182, 3, 1178, NULL, NULL),
	(36, 137, 182, 3, 1178, NULL, NULL),
	(37, 248, 220, 3, 1055, NULL, NULL),
	(38, 249, 220, 3, 1055, NULL, NULL),
	(39, 250, 220, 3, 1055, NULL, NULL),
	(40, 117, 157, 3, 1078, 5, 'Boudewijn.van.den.Berg@meertens.knaw.nl'),
	(41, 13, 157, 3, 1078, 5, ' piet.van.reenen@meertens.knaw.nl'),
	(42, 118, 157, 3, 1078, NULL, NULL),
	(43, 29, 153, 3, 1100, NULL, NULL),
	(44, 32, 153, 3, 1100, NULL, NULL),
	(45, 146, 161, 3, 1123, 1, 'delaere@fwb.eur.nl'),
	(46, 207, 161, 3, 1123, NULL, NULL),
	(47, 205, 200, 3, 1096, NULL, NULL),
	(48, 204, 200, 3, 1096, NULL, NULL),
	(49, 120, 200, 3, 1096, NULL, NULL),
	(50, 126, 211, 3, 1149, NULL, NULL),
	(51, 57, 211, 3, 1149, 5, 'l.tenbosch@let.ru.nl'),
	(52, 144, 211, 3, 1149, 5, NULL),
	(53, 131, 211, 3, 1149, NULL, NULL),
	(54, 87, 211, 3, 1149, 5, 'm.ernestus@let.ru.nl'),
	(55, 73, 183, 3, 1055, NULL, NULL),
	(56, 88, 184, 3, 1055, NULL, NULL),
	(57, 83, 184, 3, 1055, NULL, NULL),
	(58, 100, 161, 3, 1123, NULL, NULL),
	(59, 1, 161, 3, 1123, NULL, NULL),
	(60, 89, 161, 3, 1123, 10, 'vanoenen@fwb.eur.nl'),
	(61, 33, 161, 3, 1123, 9, 'kuiper@fwb.eur.nl'),
	(62, 70, 161, 3, 1123, 10, 'sie@fwb.eur.nl'),
	(63, 148, 161, 3, 1123, NULL, NULL),
	(64, 34, 161, 3, 1123, NULL, NULL),
	(65, 22, 161, 3, 1123, NULL, NULL),
	(66, 151, 160, 3, 1102, 5, 'm.sadakata@donders.ru.nl'),
	(67, 107, 151, 3, 1102, NULL, NULL),
	(68, 57, 210, 3, 1149, 5, 'l.tenbosch@let.ru.nl'),
	(69, 87, 210, 3, 1149, 5, 'm.ernestus@let.ru.nl'),
	(70, 198, 197, 3, 1054, NULL, NULL),
	(71, 102, 198, 3, 1096, NULL, NULL),
	(72, 28, 198, 3, 1096, NULL, NULL),
	(73, 15, 198, 3, 1096, NULL, NULL),
	(74, 95, 198, 3, 1096, NULL, NULL),
	(75, 38, 198, 3, 1096, NULL, NULL),
	(76, 38, 199, 3, 1096, NULL, NULL),
	(77, 68, 199, 3, 1096, NULL, NULL),
	(78, 194, 195, 3, 1054, NULL, NULL),
	(79, 195, 195, 3, 1054, NULL, NULL),
	(80, 86, 195, 3, 1054, NULL, NULL),
	(81, 196, 195, 3, 1054, NULL, NULL),
	(82, 170, 200, 3, 1096, NULL, NULL),
	(83, 193, 201, 3, 1096, NULL, NULL),
	(84, 199, 186, 3, 1055, NULL, NULL),
	(85, 191, 196, 3, 1054, NULL, NULL),
	(86, 104, 191, 3, 1055, NULL, NULL),
	(87, 173, 212, 3, 1147, NULL, NULL),
	(88, 85, 212, 3, 1147, NULL, NULL),
	(89, 174, 212, 3, 1147, NULL, NULL),
	(90, 66, 212, 3, 1147, NULL, NULL),
	(91, 156, 223, 3, 1149, NULL, NULL),
	(92, 157, 223, 3, 1149, 1, 'b.cranen@let.ru.nl'),
	(93, 158, 223, 3, 1149, 1, 'b.v.halteren@let.ru.nl'),
	(94, 56, 223, 3, 1149, 5, 'p.a.coppen@let.ru.nl'),
	(95, 144, 223, 3, 1149, 5, NULL),
	(96, 71, 223, 3, 1149, NULL, NULL),
	(97, 126, 223, 3, 1149, NULL, NULL),
	(98, 112, 223, 3, 1149, NULL, NULL),
	(99, 223, 223, 3, 1149, NULL, NULL),
	(100, 218, 213, 3, 1147, NULL, NULL),
	(101, 174, 213, 3, 1147, NULL, NULL),
	(102, 58, 226, 3, 1141, NULL, NULL),
	(103, 194, 240, 3, 1050, NULL, NULL),
	(104, 44, 240, 3, 1050, NULL, NULL),
	(105, 173, 240, 3, 1050, NULL, NULL),
	(106, 231, 220, 3, 1055, NULL, NULL),
	(107, 229, 203, 3, 1055, NULL, NULL),
	(108, 203, 203, 3, 1055, NULL, NULL),
	(109, 82, 236, 3, 1055, NULL, NULL),
	(110, 123, 230, 3, 1055, NULL, NULL),
	(111, 102, 230, 3, 1055, NULL, NULL),
	(112, 232, 234, 3, 1096, NULL, NULL),
	(113, 233, 234, 3, 1096, NULL, NULL),
	(114, 65, 244, 3, 1128, 5, 'suzan.van.dijk@huygensinstituut.knaw.nl'),
	(121, 236, 237, 3, 1086, NULL, NULL),
	(122, 21, 251, 3, 1055, NULL, NULL),
	(123, 167, 256, 3, 1086, NULL, NULL),
	(124, 78, 256, 3, 1086, NULL, NULL),
	(125, 246, 226, 3, 1141, NULL, NULL),
	(126, 254, 226, 3, 1141, NULL, NULL),
	(127, 255, 226, 3, 1141, NULL, NULL),
	(128, 256, 226, 3, 1141, NULL, NULL),
	(129, 226, 226, 3, 1141, NULL, NULL),
	(130, 247, 226, 3, 1141, NULL, NULL),
	(131, 47, 268, 3, 1207, NULL, NULL),
	(132, 243, 268, 3, 1207, 5, 'christophe.gueret@dans.knaw.nl'),
	(133, 142, 269, 3, 1128, NULL, NULL),
	(134, 237, 270, 3, 1078, 5, 'Peter.van.Kranenburg@meertens.knaw.nl'),
	(135, 263, 271, 3, 1086, NULL, NULL),
	(136, 264, 271, 3, 1086, NULL, NULL),
	(137, 252, 271, 3, 1086, NULL, NULL),
	(138, 136, 272, 3, 1050, NULL, NULL),
	(139, 215, 272, 3, 1050, NULL, NULL),
	(140, 109, 272, 3, 1050, NULL, NULL),
	(141, 69, 218, 3, 1055, NULL, NULL),
	(142, 48, 275, 3, 1125, NULL, NULL),
	(143, 166, 275, 3, 1125, 5, 'dieuwke.vanderpoel@let.uu.nl'),
	(144, 268, 275, 3, 1125, NULL, NULL),
	(145, 72, 275, 3, 1125, NULL, NULL),
	(146, 267, 275, 3, 1125, NULL, NULL),
	(147, 269, 194, 3, 1096, NULL, NULL),
	(152, 272, 243, 3, 1053, NULL, NULL),
	(153, 240, 243, 3, 1053, NULL, NULL),
	(154, 242, 243, 3, 1053, NULL, NULL),
	(155, 273, 245, 3, 1055, NULL, NULL),
	(156, 220, 245, 3, 1055, NULL, NULL),
	(157, 274, 245, 3, 1055, NULL, NULL),
	(158, 275, 245, 3, 1055, NULL, NULL),
	(159, 276, 245, 3, 1055, NULL, NULL),
	(160, 152, 290, 3, 1055, NULL, NULL),
	(161, 182, 255, 3, 1055, NULL, NULL),
	(162, 266, 255, 3, 1055, NULL, NULL),
	(163, 127, 295, 3, 1055, NULL, NULL),
	(164, 278, 299, 3, NULL, NULL, NULL),
	(167, 251, 302, 3, 1055, NULL, NULL),
	(168, 140, 303, 3, 1055, NULL, NULL),
	(169, 217, 303, 3, 1055, NULL, NULL),
	(170, 265, 304, 3, 1055, NULL, NULL),
	(171, 154, 305, 3, 1055, NULL, NULL),
	(172, 156, 181, 4, 1124, NULL, NULL),
	(173, 90, 151, 4, 1102, 7, 'p.desain@donders.ru.nl'),
	(174, 210, 209, 4, 1125, NULL, NULL),
	(175, 74, 209, 4, 1125, NULL, NULL),
	(176, 105, 209, 4, 1125, NULL, NULL),
	(177, 96, 152, 4, 1078, NULL, NULL),
	(178, 102, 248, 4, 1055, NULL, NULL),
	(179, 133, 248, 4, 1055, NULL, NULL),
	(180, 133, 252, 4, 1198, NULL, NULL),
	(181, 129, 173, 4, 1162, 10, 'c.l.j.m.cremers@hum.leidenuniv.nl'),
	(182, 129, 174, 4, 1162, 10, 'c.l.j.m.cremers@hum.leidenuniv.nl'),
	(183, 38, 155, 4, 1133, NULL, NULL),
	(184, 38, 156, 4, 1100, 7, 'g.j.m.van.noord@rug.nl'),
	(185, 7, 207, 4, 1055, NULL, NULL),
	(186, 171, 192, 4, 1055, NULL, NULL),
	(187, 40, 208, 4, 1055, NULL, NULL),
	(188, 53, 157, 4, 1078, 5, 'Ton.Goeman@meertens.knaw.nl'),
	(189, 12, 154, 4, 1157, NULL, NULL),
	(190, 90, 160, 4, 1102, 7, 'p.desain@donders.ru.nl'),
	(191, 30, 160, 4, 1102, NULL, NULL),
	(192, 30, 204, 4, 1055, NULL, NULL),
	(193, 59, 154, 4, 1157, NULL, NULL),
	(194, 68, 159, 4, 1100, 10, 'g.bouma@rug.nl'),
	(195, 38, 159, 4, 1100, 7, 'g.j.m.van.noord@rug.nl'),
	(196, 98, 163, 4, NULL, NULL, NULL),
	(197, 37, 164, 4, 1084, 10, 'j.m.b.terken@tue.nl'),
	(198, 113, 191, 4, 1055, NULL, NULL),
	(199, 174, 198, 4, 1096, NULL, NULL),
	(200, 133, 165, 4, 1070, 5, 'reynaert@tilburguniversity.edu'),
	(201, 135, 167, 4, 1070, 1, NULL),
	(202, 15, 212, 4, 1147, NULL, NULL),
	(203, 103, 211, 4, 1149, NULL, NULL),
	(204, 7, 211, 4, 1149, NULL, NULL),
	(205, 158, 211, 4, 1149, 1, 'b.v.halteren@let.ru.nl'),
	(206, 71, 211, 4, 1149, NULL, NULL),
	(207, 39, 191, 4, 1055, NULL, NULL),
	(208, 24, 172, 4, 1110, NULL, NULL),
	(209, 35, 176, 4, 1096, NULL, NULL),
	(210, 13, 184, 4, 1055, NULL, NULL),
	(211, 20, 161, 4, 1123, NULL, NULL),
	(212, 125, 200, 4, 1096, NULL, NULL),
	(213, 48, 178, 4, 1078, 5, 'louis.grijp@meertens.knaw.nl'),
	(214, 62, 179, 4, 1078, NULL, NULL),
	(215, 32, 171, 4, 1133, NULL, NULL),
	(216, 67, 171, 4, 1133, NULL, NULL),
	(217, 26, 161, 4, 1123, NULL, NULL),
	(218, 156, 210, 4, 1149, NULL, NULL),
	(219, 46, 175, 4, 1096, NULL, NULL),
	(220, 55, 175, 4, 1096, NULL, NULL),
	(221, 30, 151, 4, 1102, NULL, NULL),
	(222, 103, 210, 4, 1149, NULL, NULL),
	(223, 7, 210, 4, 1149, NULL, NULL),
	(224, 157, 210, 4, 1149, 1, 'b.cranen@let.ru.nl'),
	(225, 71, 198, 4, 1096, NULL, NULL),
	(226, 143, 199, 4, 1096, NULL, NULL),
	(227, 123, 202, 4, 1055, NULL, NULL),
	(228, 48, 152, 4, 1078, 5, 'louis.grijp@meertens.knaw.nl'),
	(229, 187, 241, 4, 1055, NULL, NULL),
	(230, 47, 195, 4, 1054, NULL, NULL),
	(231, 45, 196, 4, 1054, NULL, NULL),
	(232, 102, 197, 4, 1054, NULL, NULL),
	(233, 14, 214, 4, 1055, NULL, NULL),
	(234, 143, 193, 4, 1101, NULL, NULL),
	(235, 94, 205, 4, 1054, NULL, NULL),
	(236, 124, 206, 4, 1054, NULL, NULL),
	(237, 44, 216, 4, 1078, 4, 'Hans.Bennis@meertens.knaw.nl'),
	(238, 7, 216, 4, 1078, NULL, NULL),
	(239, 51, 216, 4, 1078, NULL, NULL),
	(240, 194, 216, 4, 1078, NULL, NULL),
	(241, 84, 230, 4, 1055, NULL, NULL),
	(242, 7, 223, 4, 1149, NULL, NULL),
	(243, 225, 225, 4, 1096, NULL, NULL),
	(244, 188, 226, 4, 1141, NULL, NULL),
	(245, 190, 168, 4, 1141, NULL, NULL),
	(246, 213, 239, 4, 1050, NULL, NULL),
	(247, 143, 239, 4, 1050, NULL, NULL),
	(248, 143, 240, 4, 1050, NULL, NULL),
	(249, 238, 239, 4, 1050, NULL, NULL),
	(250, 110, 237, 4, 1086, NULL, NULL),
	(251, 78, 237, 4, 1086, NULL, NULL),
	(252, 234, 237, 4, 1086, NULL, NULL),
	(253, 116, 238, 4, 1183, 5, 'o.crasborn@let.ru.nl'),
	(254, 202, 234, 4, 1096, NULL, NULL),
	(255, 209, 234, 4, 1096, NULL, NULL),
	(256, 9, 232, 4, 1071, NULL, NULL),
	(257, 6, 232, 4, 1071, 6, 'M.H.Overmars@uu.nl'),
	(258, 135, 228, 4, 1198, NULL, NULL),
	(259, 51, 217, 4, 1128, 2, 'karina.van.dalen@huygensinstituut.knaw.nl'),
	(260, 164, 217, 4, 1128, NULL, NULL),
	(261, 38, 218, 4, 1055, NULL, NULL),
	(262, 43, 231, 4, 1184, 4, 'zwart@society-genomics.nl'),
	(263, 16, 236, 4, 1055, NULL, NULL),
	(264, 136, 243, 4, 1053, NULL, NULL),
	(265, 102, 247, 4, 1055, NULL, NULL),
	(266, 23, 229, 4, 1136, NULL, NULL),
	(267, 23, 246, 4, 1055, NULL, NULL),
	(268, 127, 248, 4, 1055, NULL, NULL),
	(269, 92, 251, 4, 1055, NULL, NULL),
	(270, 241, 253, 4, 1055, NULL, NULL),
	(271, 215, 256, 4, 1086, NULL, NULL),
	(272, 136, 256, 4, 1086, NULL, NULL),
	(273, 137, 250, 4, 1138, NULL, NULL),
	(274, 76, 255, 4, 1055, NULL, NULL),
	(275, 179, 203, 4, 1055, NULL, NULL),
	(276, 153, 257, 4, 1055, NULL, NULL),
	(277, 105, 258, 4, 1055, NULL, NULL),
	(278, 52, 259, 4, 1055, NULL, NULL),
	(279, 23, 260, 4, 1055, NULL, NULL),
	(280, 183, 261, 4, 1055, NULL, NULL),
	(281, 111, 262, 4, 1054, NULL, NULL),
	(282, 192, 263, 4, 1054, NULL, NULL),
	(283, 17, 264, 4, 1081, 5, 'jvz@iisg.nl'),
	(284, 58, 265, 4, 1141, NULL, NULL),
	(285, 136, 268, 4, 1207, 2, 'andrea.scharnhorst@dans.knaw.nl'),
	(286, 51, 269, 4, 1128, 2, 'karina.van.dalen@huygensinstituut.knaw.nl'),
	(287, 59, 269, 4, 1128, NULL, NULL),
	(288, 50, 270, 4, 1078, 5, 'theo.meder@meertens.knaw.nl'),
	(289, 48, 270, 4, 1078, 5, 'louis.grijp@meertens.knaw.nl'),
	(290, 136, 271, 4, 1086, NULL, NULL),
	(291, 137, 272, 4, 1050, NULL, NULL),
	(292, 54, 274, 4, 1055, NULL, NULL),
	(293, 216, 275, 4, 1125, NULL, NULL),
	(294, 105, 276, 4, 1125, NULL, NULL),
	(295, 165, 277, 4, 1125, NULL, NULL),
	(297, 253, 245, 4, 1055, NULL, NULL),
	(298, 228, 254, 4, 1055, NULL, NULL),
	(299, 208, 279, 4, 1055, NULL, NULL),
	(300, 114, 280, 4, 1055, NULL, NULL),
	(301, 80, 281, 4, 1055, NULL, NULL),
	(302, 145, 282, 4, 1083, 4, NULL),
	(303, 141, 283, 4, 1195, NULL, NULL),
	(304, 59, 285, 4, 1090, NULL, NULL),
	(311, 172, 289, 4, 1198, NULL, NULL),
	(312, 108, 290, 4, 1055, NULL, NULL),
	(313, 178, 290, 4, 1055, NULL, NULL),
	(314, 44, 291, 4, 1179, NULL, NULL),
	(315, 114, 292, 4, 1055, NULL, NULL),
	(316, 165, 293, 4, 1055, NULL, NULL),
	(317, 81, 294, 4, 1152, NULL, NULL),
	(318, 124, 295, 4, 1055, NULL, NULL),
	(319, 14, 297, 4, 1055, NULL, NULL),
	(320, 61, 298, 4, 1055, NULL, NULL),
	(321, 279, 299, 4, NULL, NULL, NULL),
	(325, 201, 300, 4, 1055, NULL, NULL),
	(326, 49, 296, 4, 1055, NULL, NULL),
	(327, 42, 302, 4, 1055, NULL, NULL),
	(328, 136, 301, 4, NULL, NULL, NULL),
	(329, 101, 303, 4, 1055, NULL, NULL),
	(330, 283, 304, 4, 1055, NULL, NULL),
	(331, 214, 305, 4, 1055, NULL, NULL),
	(332, 36, 306, 4, 1096, NULL, NULL),
	(333, 28, 166, 5, 1070, NULL, NULL),
	(334, 3, 166, 5, 1070, 3, 'harry.bunt@uvt.nl'),
	(335, 28, 164, 5, 1084, NULL, NULL),
	(336, 7, 187, 5, 1149, NULL, NULL),
	(337, 7, 180, 5, 1149, NULL, NULL),
	(338, 7, 188, 5, 1149, NULL, NULL),
	(339, 98, 186, 5, 1055, NULL, NULL),
	(340, 99, 186, 5, 1055, NULL, NULL),
	(341, 23, 189, 5, 1129, NULL, NULL),
	(342, 25, 158, 5, 1149, NULL, NULL),
	(343, 14, 155, 5, 1133, NULL, NULL),
	(344, 10, 169, 5, 1139, NULL, NULL),
	(345, 28, 170, 5, 1070, NULL, NULL),
	(346, 3, 170, 5, 1070, 3, 'harry.bunt@uvt.nl'),
	(347, 14, 183, 5, 1055, NULL, NULL),
	(348, 7, 158, 5, 1149, NULL, NULL),
	(349, 14, 153, 5, 1100, 7, 'j.nerbonne@rug.nl'),
	(350, 14, 190, 5, 1126, NULL, NULL),
	(351, 97, 219, 5, 1193, 7, 'r.l.buikema@uu.nl'),
	(352, 5, 151, 5, 1102, NULL, NULL),
	(353, 2, 201, 5, 1096, NULL, NULL),
	(354, 14, 162, 5, 1133, NULL, NULL),
	(355, 14, 159, 5, 1100, 7, 'j.nerbonne@rug.nl'),
	(356, 11, 164, 5, 1084, 3, 'r.collier@tue.nl'),
	(357, 15, 213, 5, 1147, NULL, NULL),
	(358, 44, 191, 5, 1055, NULL, NULL),
	(359, 14, 191, 5, 1055, NULL, NULL),
	(360, 78, 183, 5, 1055, NULL, NULL),
	(361, 28, 185, 5, 1055, NULL, NULL),
	(362, 14, 171, 5, 1133, NULL, NULL),
	(363, 4, 150, 5, 1182, NULL, NULL),
	(364, 37, 150, 5, 1182, NULL, NULL),
	(365, 59, 201, 5, 1096, NULL, NULL),
	(366, 98, 220, 5, 1055, NULL, NULL),
	(367, 38, 221, 5, 1133, NULL, NULL),
	(368, 14, 221, 5, 1133, NULL, NULL),
	(369, 7, 224, 5, 1149, NULL, NULL),
	(370, 102, 185, 5, 1055, NULL, NULL),
	(371, 15, 249, 5, 1054, NULL, NULL),
	(372, 14, 227, 5, 1126, NULL, NULL),
	(373, 14, 222, 5, 1133, NULL, NULL),
	(374, 55, 268, 5, 1207, NULL, NULL),
	(375, 24, 215, 5, 1165, NULL, NULL),
	(376, 185, 249, 5, 1054, NULL, NULL),
	(377, 76, 273, 5, 1137, NULL, NULL),
	(378, 103, 227, 5, 1126, NULL, NULL),
	(379, 74, 219, 5, 1193, NULL, NULL),
	(380, 102, 284, 5, 1149, NULL, NULL),
	(381, 99, 220, 5, 1055, NULL, NULL),
	(382, 176, 241, 5, 1055, NULL, NULL),
	(383, 75, 296, 5, 1055, NULL, NULL),
	(384, 159, 187, 6, 1149, NULL, NULL),
	(385, 160, 180, 6, 1149, NULL, NULL),
	(386, 177, 188, 6, 1149, NULL, NULL),
	(387, 91, 151, 6, 1102, NULL, NULL),
	(388, 184, 189, 6, 1129, NULL, NULL),
	(389, 115, 155, 6, 1133, NULL, NULL),
	(390, 119, 158, 6, 1149, 5, 'o.scharenborg@let.ru.nl'),
	(391, 104, 153, 6, 1100, NULL, NULL),
	(392, 122, 190, 6, 1126, NULL, NULL),
	(393, 219, 219, 6, 1193, NULL, NULL),
	(394, 130, 162, 6, 1133, NULL, NULL),
	(395, 121, 159, 6, 1100, NULL, NULL),
	(396, 131, 164, 6, 1084, NULL, NULL),
	(397, 186, 191, 6, 1055, NULL, NULL),
	(398, 138, 169, 6, 1139, NULL, NULL),
	(399, 139, 170, 6, 1070, NULL, NULL),
	(400, 134, 166, 6, 1070, 5, 'P.Lendvai@uvt.nl'),
	(401, 168, 183, 6, 1055, NULL, NULL),
	(402, 169, 185, 6, 1055, NULL, NULL),
	(403, 149, 171, 6, 1133, NULL, NULL),
	(404, 132, 150, 6, 1182, NULL, NULL),
	(405, 200, 195, 6, 1054, NULL, NULL),
	(406, 197, 195, 6, 1054, NULL, NULL),
	(407, 192, 201, 6, 1096, NULL, NULL),
	(408, 239, 241, 6, 1055, NULL, NULL),
	(409, 175, 186, 6, 1055, NULL, NULL),
	(410, 221, 221, 6, 1133, NULL, NULL),
	(411, 222, 222, 6, 1133, NULL, NULL),
	(412, 224, 224, 6, 1149, NULL, NULL),
	(413, 230, 213, 6, 1147, NULL, NULL),
	(414, 180, 215, 6, 1165, NULL, NULL),
	(415, 227, 227, 6, 1126, NULL, NULL),
	(416, 244, 249, 6, 1054, NULL, NULL),
	(417, 245, 250, 6, 1138, NULL, NULL),
	(418, 257, 268, 6, 1207, NULL, NULL),
	(419, 258, 268, 6, 1207, NULL, NULL),
	(420, 259, 269, 6, 1128, NULL, NULL),
	(421, 260, 269, 6, 1128, NULL, NULL),
	(422, 261, 270, 6, 1078, NULL, NULL),
	(423, 262, 270, 6, 1078, NULL, NULL),
	(424, 266, 273, 6, 1137, NULL, NULL),
	(425, 271, 284, 6, 1149, NULL, NULL),
	(426, 277, 292, 6, 1055, NULL, NULL),
	(428, 282, 296, 6, 1055, NULL, NULL),
	(429, 289, 5, 3, NULL, NULL, NULL),
	(430, 290, 5, 3, NULL, NULL, NULL),
	(431, 291, 5, 3, NULL, NULL, NULL),
	(432, 292, 5, 3, NULL, NULL, NULL),
	(433, 293, 6, 5, 1179, NULL, NULL),
	(434, 294, 7, 4, 1245, NULL, NULL),
	(435, 295, 8, 4, 1218, NULL, NULL),
	(436, 296, 11, 4, 1206, NULL, NULL),
	(437, 297, 11, 3, 1206, NULL, NULL),
	(438, 301, 18, 3, 1208, NULL, NULL),
	(439, 302, 18, 3, 1208, NULL, NULL),
	(440, 303, 19, 1, 1210, NULL, NULL),
	(441, 304, 20, 4, 1226, NULL, NULL),
	(442, 305, 20, 3, 1226, NULL, NULL),
	(443, 306, 21, 4, 1226, NULL, NULL),
	(444, 307, 21, 4, 1226, NULL, NULL),
	(445, 308, 26, 3, 9, NULL, NULL),
	(446, 309, 26, 3, 9, NULL, NULL),
	(447, 310, 26, 3, 9, NULL, NULL),
	(448, 311, 26, 3, 9, NULL, NULL),
	(449, 312, 26, 3, 9, NULL, NULL),
	(450, 313, 35, 4, 1222, NULL, NULL),
	(451, 314, 35, 4, 1222, NULL, NULL),
	(452, 315, 36, 4, 1223, NULL, NULL),
	(454, 316, 38, 4, 1225, NULL, NULL),
	(455, 317, 38, 4, 1225, NULL, NULL),
	(456, 318, 41, 4, 1226, NULL, NULL),
	(457, 319, 41, 4, 1226, NULL, NULL),
	(458, 320, 44, 4, NULL, NULL, NULL),
	(459, 321, 44, 4, NULL, NULL, NULL),
	(460, 323, 44, 4, NULL, NULL, NULL),
	(461, 323, 47, 4, NULL, NULL, NULL),
	(462, 324, 47, 4, NULL, NULL, NULL),
	(463, 325, 47, 4, NULL, NULL, NULL),
	(464, 326, 47, 4, NULL, NULL, NULL),
	(465, 327, 47, 4, NULL, NULL, NULL),
	(466, 328, 47, 4, NULL, NULL, NULL),
	(467, 329, 47, 4, NULL, NULL, NULL),
	(469, 330, 47, 4, NULL, NULL, NULL),
	(470, 331, 47, 4, NULL, NULL, NULL),
	(472, 332, 48, 4, 1222, NULL, NULL),
	(474, 334, 59, 1, 1231, NULL, NULL),
	(475, 4, 60, 4, 4, NULL, NULL),
	(476, 9, 60, 4, 4, NULL, NULL),
	(479, 336, 64, 4, 1244, NULL, NULL),
	(480, 337, 64, 4, 1244, NULL, NULL),
	(482, 338, 65, 4, 1210, NULL, NULL),
	(483, 338, 68, 3, 1210, NULL, NULL),
	(487, 340, 71, 4, NULL, NULL, NULL),
	(488, 341, 71, 4, NULL, NULL, NULL),
	(489, 342, 71, 4, NULL, NULL, NULL),
	(490, 343, 72, 4, 8, NULL, NULL),
	(491, 344, 72, 3, 8, NULL, NULL),
	(492, 345, 73, 4, NULL, NULL, NULL),
	(493, 346, 73, 5, NULL, NULL, NULL),
	(494, 347, 73, 4, NULL, NULL, NULL),
	(495, 348, 74, 4, 1235, NULL, NULL),
	(496, 349, 74, 4, 1235, NULL, NULL),
	(497, 350, 75, 4, 1236, NULL, NULL),
	(498, 351, 75, 4, 1236, NULL, NULL),
	(499, 352, 77, 4, 8, NULL, NULL),
	(500, 300, 78, 1, 1210, NULL, NULL),
	(501, 298, 80, 4, 1, NULL, NULL),
	(502, 353, 82, 4, 1244, NULL, NULL),
	(503, 354, 83, 4, NULL, NULL, NULL),
	(504, 355, 83, 4, NULL, NULL, NULL),
	(505, 356, 83, 4, NULL, NULL, NULL),
	(506, 357, 84, 4, 1244, NULL, NULL),
	(507, 358, 84, 4, 1244, NULL, NULL),
	(508, 359, 84, 4, 1244, NULL, NULL),
	(509, 360, 85, 4, 1251, NULL, NULL),
	(510, 368, 85, 4, 1251, NULL, NULL),
	(511, 361, 86, 4, 1229, NULL, NULL),
	(512, 362, 88, 4, 1216, NULL, NULL),
	(513, 364, 92, 4, 1241, NULL, NULL),
	(514, 365, 93, 4, 1253, NULL, NULL),
	(515, 366, 94, 4, 1243, NULL, NULL);
/*!40000 ALTER TABLE `projects_people` ENABLE KEYS */;


-- Exportiere Struktur von Tabelle dhregistry.projects_tadirah_activities
DROP TABLE IF EXISTS `projects_tadirah_activities`;
CREATE TABLE IF NOT EXISTS `projects_tadirah_activities` (
  `id` int(11) NOT NULL AUTO_INCREMENT,
  `project_id` int(11) NOT NULL,
  `tadirah_activity_id` int(11) NOT NULL,
  PRIMARY KEY (`id`),
  KEY `FK_projects_tadirah_activities_projects` (`project_id`),
  KEY `FK_projects_tadirah_activities_tadirah_activities` (`tadirah_activity_id`),
  CONSTRAINT `FK_projects_tadirah_activities_projects` FOREIGN KEY (`project_id`) REFERENCES `projects` (`id`) ON DELETE CASCADE ON UPDATE CASCADE,
  CONSTRAINT `FK_projects_tadirah_activities_tadirah_activities` FOREIGN KEY (`tadirah_activity_id`) REFERENCES `tadirah_activities` (`id`) ON UPDATE CASCADE
) ENGINE=InnoDB DEFAULT CHARSET=utf8 COLLATE=utf8_unicode_ci;

-- Exportiere Daten aus Tabelle dhregistry.projects_tadirah_activities: ~0 rows (ungefähr)
/*!40000 ALTER TABLE `projects_tadirah_activities` DISABLE KEYS */;
/*!40000 ALTER TABLE `projects_tadirah_activities` ENABLE KEYS */;


-- Exportiere Struktur von Tabelle dhregistry.projects_tadirah_objects
DROP TABLE IF EXISTS `projects_tadirah_objects`;
CREATE TABLE IF NOT EXISTS `projects_tadirah_objects` (
  `id` int(11) NOT NULL AUTO_INCREMENT,
  `project_id` int(11) NOT NULL,
  `tadirah_object_id` int(11) NOT NULL,
  PRIMARY KEY (`id`),
  KEY `FK_projects_tadirah_objects_projects` (`project_id`),
  KEY `FK_projects_tadirah_objects_tadirah_objects` (`tadirah_object_id`),
  CONSTRAINT `FK_projects_tadirah_objects_projects` FOREIGN KEY (`project_id`) REFERENCES `projects` (`id`) ON DELETE CASCADE ON UPDATE CASCADE,
  CONSTRAINT `FK_projects_tadirah_objects_tadirah_objects` FOREIGN KEY (`tadirah_object_id`) REFERENCES `tadirah_objects` (`id`) ON UPDATE CASCADE
) ENGINE=InnoDB DEFAULT CHARSET=utf8 COLLATE=utf8_unicode_ci;

-- Exportiere Daten aus Tabelle dhregistry.projects_tadirah_objects: ~0 rows (ungefähr)
/*!40000 ALTER TABLE `projects_tadirah_objects` DISABLE KEYS */;
/*!40000 ALTER TABLE `projects_tadirah_objects` ENABLE KEYS */;


-- Exportiere Struktur von Tabelle dhregistry.projects_tadirah_techniques
DROP TABLE IF EXISTS `projects_tadirah_techniques`;
CREATE TABLE IF NOT EXISTS `projects_tadirah_techniques` (
  `id` int(11) NOT NULL AUTO_INCREMENT,
  `project_id` int(11) NOT NULL,
  `tadirah_technique_id` int(11) NOT NULL,
  PRIMARY KEY (`id`),
  KEY `FK_projects_tadirah_techniques_projects` (`project_id`),
  KEY `FK_projects_tadirah_techniques_tadirah_techniques` (`tadirah_technique_id`),
  CONSTRAINT `FK_projects_tadirah_techniques_projects` FOREIGN KEY (`project_id`) REFERENCES `projects` (`id`) ON DELETE CASCADE ON UPDATE CASCADE,
  CONSTRAINT `FK_projects_tadirah_techniques_tadirah_techniques` FOREIGN KEY (`tadirah_technique_id`) REFERENCES `tadirah_techniques` (`id`) ON UPDATE CASCADE
) ENGINE=InnoDB AUTO_INCREMENT=236 DEFAULT CHARSET=utf8 COLLATE=utf8_unicode_ci;

-- Exportiere Daten aus Tabelle dhregistry.projects_tadirah_techniques: ~150 rows (ungefähr)
/*!40000 ALTER TABLE `projects_tadirah_techniques` DISABLE KEYS */;
INSERT INTO `projects_tadirah_techniques` (`id`, `project_id`, `tadirah_technique_id`) VALUES
	(10, 4, 41),
	(12, 5, 19),
	(13, 6, 19),
	(14, 7, 41),
	(15, 8, 41),
	(18, 11, 15),
	(26, 18, 19),
	(30, 19, 41),
	(32, 20, 13),
	(33, 21, 19),
	(40, 26, 14),
	(45, 29, 25),
	(46, 30, 16),
	(49, 33, 15),
	(50, 34, 41),
	(51, 35, 15),
	(52, 36, 15),
	(54, 38, 41),
	(56, 39, 15),
	(59, 41, 13),
	(60, 42, 15),
	(63, 44, 13),
	(65, 46, 41),
	(67, 47, 41),
	(68, 48, 15),
	(76, 53, 15),
	(82, 55, 41),
	(87, 59, 41),
	(88, 60, 41),
	(89, 61, 41),
	(92, 64, 4),
	(93, 65, 19),
	(94, 66, 19),
	(95, 67, 19),
	(97, 68, 14),
	(101, 68, 19),
	(104, 72, 15),
	(105, 73, 15),
	(106, 74, 15),
	(107, 75, 15),
	(108, 75, 24),
	(109, 76, 15),
	(110, 77, 24),
	(111, 78, 41),
	(113, 80, 19),
	(116, 82, 41),
	(117, 83, 41),
	(118, 84, 15),
	(119, 85, 32),
	(120, 86, 15),
	(121, 87, 15),
	(122, 88, 15),
	(123, 90, 41),
	(127, 91, 15),
	(128, 92, 15),
	(129, 93, 15),
	(130, 94, 41),
	(132, 217, 15),
	(133, 237, 15),
	(134, 278, 15),
	(135, 200, 15),
	(136, 268, 15),
	(137, 279, 15),
	(140, 236, 15),
	(141, 244, 15),
	(142, 293, 15),
	(143, 264, 5),
	(146, 299, 15),
	(147, 261, 15),
	(148, 262, 15),
	(149, 152, 15),
	(150, 178, 15),
	(151, 179, 15),
	(152, 275, 15),
	(153, 277, 15),
	(154, 232, 13),
	(155, 282, 15),
	(156, 280, 15),
	(157, 274, 15),
	(158, 273, 5),
	(159, 255, 5),
	(160, 208, 19),
	(161, 276, 15),
	(162, 254, 15),
	(163, 291, 15),
	(164, 290, 13),
	(165, 258, 15),
	(166, 196, 15),
	(167, 270, 22),
	(168, 280, 15),
	(169, 251, 13),
	(170, 209, 15),
	(171, 150, 15),
	(174, 151, 15),
	(175, 152, 15),
	(176, 153, 15),
	(177, 154, 15),
	(178, 155, 15),
	(179, 156, 15),
	(181, 157, 15),
	(182, 158, 15),
	(183, 159, 15),
	(184, 160, 15),
	(187, 161, 15),
	(188, 162, 15),
	(189, 163, 15),
	(190, 164, 15),
	(191, 165, 15),
	(192, 166, 15),
	(193, 167, 15),
	(194, 168, 15),
	(196, 169, 23),
	(198, 170, 15),
	(199, 171, 15),
	(200, 172, 15),
	(201, 173, 15),
	(202, 174, 15),
	(203, 175, 15),
	(204, 176, 19),
	(205, 177, 15),
	(206, 178, 15),
	(207, 179, 15),
	(208, 180, 15),
	(209, 181, 15),
	(210, 182, 15),
	(211, 183, 15),
	(212, 184, 16),
	(213, 185, 15),
	(214, 186, 27),
	(215, 187, 15),
	(216, 188, 15),
	(217, 189, 15),
	(218, 190, 12),
	(219, 191, 15),
	(220, 192, 15),
	(221, 193, 15),
	(222, 194, 15),
	(223, 195, 27),
	(224, 196, 4),
	(225, 197, 41),
	(226, 198, 4),
	(227, 6, 41),
	(228, 21, 13),
	(229, 70, 15),
	(230, 68, 19),
	(231, 71, 15),
	(232, 55, 41),
	(233, 199, 15),
	(234, 200, 15),
	(235, 201, 15);
/*!40000 ALTER TABLE `projects_tadirah_techniques` ENABLE KEYS */;


-- Exportiere Struktur von Tabelle dhregistry.project_external_identifiers
DROP TABLE IF EXISTS `project_external_identifiers`;
CREATE TABLE IF NOT EXISTS `project_external_identifiers` (
  `id` int(11) NOT NULL AUTO_INCREMENT,
  `project_id` int(11) NOT NULL,
  `external_identifier_type_id` int(11) NOT NULL,
  `identifier` varchar(255) COLLATE utf8_unicode_ci NOT NULL,
  PRIMARY KEY (`id`),
  KEY `FK_project_external_identifiers_external_identifier_types` (`external_identifier_type_id`),
  KEY `FK_project_external_identifiers_projects` (`project_id`),
  CONSTRAINT `FK_project_external_identifiers_external_identifier_types` FOREIGN KEY (`external_identifier_type_id`) REFERENCES `external_identifier_types` (`id`) ON UPDATE CASCADE,
  CONSTRAINT `FK_project_external_identifiers_projects` FOREIGN KEY (`project_id`) REFERENCES `projects` (`id`) ON DELETE CASCADE ON UPDATE CASCADE
) ENGINE=InnoDB AUTO_INCREMENT=158 DEFAULT CHARSET=utf8 COLLATE=utf8_unicode_ci;

-- Exportiere Daten aus Tabelle dhregistry.project_external_identifiers: ~148 rows (ungefähr)
/*!40000 ALTER TABLE `project_external_identifiers` DISABLE KEYS */;
INSERT INTO `project_external_identifiers` (`id`, `project_id`, `external_identifier_type_id`, `identifier`) VALUES
	(1, 150, 4, 'OND1254358'),
	(2, 151, 4, 'OND1256126'),
	(3, 152, 4, 'OND1262218'),
	(4, 153, 4, 'OND1266063'),
	(5, 154, 4, 'OND1271960'),
	(6, 155, 4, 'OND1272251'),
	(7, 156, 4, 'OND1272254'),
	(8, 157, 4, 'OND1276475'),
	(9, 158, 4, 'OND1276484'),
	(10, 159, 4, 'OND1279852'),
	(11, 160, 4, 'OND1280351'),
	(12, 161, 4, 'OND1280740'),
	(13, 162, 4, 'OND1282462'),
	(14, 163, 4, 'OND1282657'),
	(15, 164, 4, 'OND1282661'),
	(16, 165, 4, 'OND1282744'),
	(17, 166, 4, 'OND1282752'),
	(18, 167, 4, 'OND1282798'),
	(19, 168, 4, 'OND1285250'),
	(20, 169, 4, 'OND1285463'),
	(21, 170, 4, 'OND1285737'),
	(22, 171, 4, 'OND1290621'),
	(23, 172, 4, 'OND1291352'),
	(24, 173, 4, 'OND1291969'),
	(25, 174, 4, 'OND1291970'),
	(26, 175, 4, 'OND1292606'),
	(27, 176, 4, 'OND1293513'),
	(29, 178, 4, 'OND1293569'),
	(30, 179, 4, 'OND1293570'),
	(31, 180, 4, 'OND1294398'),
	(32, 181, 4, 'OND1294828'),
	(33, 182, 4, 'OND1295819'),
	(34, 183, 4, 'OND1296941'),
	(35, 184, 4, 'OND1296950'),
	(36, 185, 4, 'OND1296955'),
	(37, 186, 4, 'OND1297004'),
	(38, 187, 4, 'OND1300435'),
	(39, 188, 4, 'OND1300484'),
	(40, 189, 4, 'OND1301830'),
	(41, 190, 4, 'OND1301978'),
	(42, 191, 4, 'OND1302184'),
	(43, 192, 4, 'OND1302856'),
	(44, 193, 4, 'OND1304640'),
	(45, 194, 4, 'OND1305705'),
	(46, 195, 4, 'OND1306109'),
	(47, 196, 4, 'OND1306110'),
	(48, 197, 4, 'OND1306118'),
	(49, 198, 4, 'OND1306158'),
	(50, 199, 4, 'OND1306160'),
	(51, 200, 4, 'OND1307011'),
	(52, 201, 4, 'OND1307220'),
	(53, 202, 4, 'OND1307670'),
	(54, 203, 4, 'OND1308512'),
	(55, 204, 4, 'OND1308710'),
	(56, 205, 4, 'OND1315811'),
	(57, 206, 4, 'OND1315821'),
	(58, 207, 4, 'OND1316983'),
	(59, 208, 4, 'OND1318210'),
	(60, 209, 4, 'OND1318758'),
	(61, 210, 4, 'OND1319842'),
	(62, 211, 4, 'OND1319925'),
	(63, 212, 4, 'OND1320528'),
	(64, 213, 4, 'OND1320530'),
	(65, 214, 4, 'OND1325292'),
	(66, 215, 4, 'OND1326774'),
	(67, 216, 4, 'OND1327139'),
	(68, 217, 4, 'OND1328244'),
	(69, 218, 4, 'OND1328247'),
	(70, 219, 4, 'OND1328410'),
	(71, 220, 4, 'OND1328877'),
	(72, 221, 4, 'OND1328953'),
	(73, 222, 4, 'OND1328958'),
	(74, 223, 4, 'OND1331429'),
	(75, 224, 4, 'OND1331445'),
	(76, 225, 4, 'OND1331642'),
	(77, 226, 4, 'OND1331873'),
	(78, 227, 4, 'OND1332127'),
	(79, 228, 4, 'OND1332591'),
	(80, 229, 4, 'OND1332851'),
	(81, 230, 4, 'OND1332994'),
	(82, 231, 4, 'OND1334008'),
	(83, 232, 4, 'OND1334211'),
	(85, 234, 4, 'OND1334747'),
	(87, 236, 4, 'OND1334790'),
	(88, 237, 4, 'OND1335050'),
	(89, 238, 4, 'OND1335055'),
	(90, 239, 4, 'OND1335171'),
	(91, 240, 4, 'OND1335225'),
	(92, 241, 4, 'OND1336716'),
	(94, 243, 4, 'OND1339399'),
	(95, 244, 4, 'OND1339425'),
	(96, 245, 4, 'OND1339559'),
	(97, 246, 4, 'OND1339760'),
	(98, 247, 4, 'OND1340076'),
	(99, 248, 4, 'OND1340086'),
	(100, 249, 4, 'OND1340326'),
	(101, 250, 4, 'OND1340364'),
	(102, 251, 4, 'OND1340912'),
	(103, 252, 4, 'OND1341131'),
	(104, 253, 4, 'OND1341678'),
	(105, 254, 4, 'OND1341816'),
	(106, 255, 4, 'OND1341999'),
	(107, 256, 4, 'OND1342595'),
	(108, 257, 4, 'OND1345061'),
	(109, 258, 4, 'OND1345064'),
	(110, 259, 4, 'OND1345070'),
	(111, 260, 4, 'OND1345073'),
	(112, 261, 4, 'OND1345074'),
	(113, 262, 4, 'OND1345428'),
	(114, 263, 4, 'OND1346179'),
	(115, 264, 4, 'OND1346695'),
	(116, 265, 4, 'OND1346786'),
	(117, 266, 4, 'OND1346878'),
	(119, 268, 4, 'OND1346879'),
	(120, 269, 4, 'OND1346880'),
	(121, 270, 4, 'OND1346881'),
	(122, 271, 4, 'OND1346885'),
	(123, 272, 4, 'OND1346891'),
	(124, 273, 4, 'OND1347274'),
	(125, 274, 4, 'OND1347389'),
	(126, 275, 4, 'OND1348074'),
	(127, 276, 4, 'OND1348180'),
	(128, 277, 4, 'OND1348190'),
	(130, 279, 4, 'OND1349047'),
	(131, 280, 4, 'OND1349079'),
	(132, 281, 4, 'OND1349417'),
	(133, 282, 4, 'OND1349460'),
	(134, 283, 4, 'OND1349893'),
	(135, 284, 4, 'OND1349927'),
	(136, 285, 4, 'OND1350966'),
	(140, 289, 4, 'OND1352589'),
	(141, 290, 4, 'OND1352889'),
	(142, 291, 4, 'OND1353007'),
	(143, 292, 4, 'OND1353089'),
	(144, 293, 4, 'OND1353221'),
	(145, 294, 4, 'OND1353325'),
	(146, 295, 4, 'OND1353752'),
	(147, 296, 4, 'OND1353759'),
	(148, 297, 4, 'OND1354268'),
	(149, 298, 4, 'OND1354270'),
	(150, 299, 4, 'OND1354379'),
	(151, 300, 4, 'OND1354575'),
	(152, 301, 4, 'OND1355966'),
	(153, 302, 4, 'OND1356069'),
	(154, 303, 4, 'OND1356277'),
	(155, 304, 4, 'OND1357216'),
	(156, 305, 4, 'OND1357372'),
	(157, 306, 4, 'OND1357614');
/*!40000 ALTER TABLE `project_external_identifiers` ENABLE KEYS */;


-- Exportiere Struktur von Tabelle dhregistry.project_links
DROP TABLE IF EXISTS `project_links`;
CREATE TABLE IF NOT EXISTS `project_links` (
  `id` int(11) NOT NULL AUTO_INCREMENT,
  `project_id` int(11) NOT NULL,
  `project_link_type_id` int(11) NOT NULL DEFAULT '1',
  `url` varchar(255) COLLATE utf8_unicode_ci DEFAULT NULL,
  `title` varchar(255) COLLATE utf8_unicode_ci DEFAULT NULL,
  `description` text COLLATE utf8_unicode_ci,
  PRIMARY KEY (`id`),
  KEY `FK_links_link_types` (`project_link_type_id`),
  KEY `FK_links_projects` (`project_id`),
  CONSTRAINT `FK_links_link_types` FOREIGN KEY (`project_link_type_id`) REFERENCES `project_link_types` (`id`) ON UPDATE CASCADE,
  CONSTRAINT `FK_links_projects` FOREIGN KEY (`project_id`) REFERENCES `projects` (`id`) ON DELETE CASCADE ON UPDATE CASCADE
) ENGINE=InnoDB AUTO_INCREMENT=175 DEFAULT CHARSET=utf8 COLLATE=utf8_unicode_ci;

-- Exportiere Daten aus Tabelle dhregistry.project_links: ~83 rows (ungefähr)
/*!40000 ALTER TABLE `project_links` DISABLE KEYS */;
INSERT INTO `project_links` (`id`, `project_id`, `project_link_type_id`, `url`, `title`, `description`) VALUES
	(4, 4, 3, '', 'Alexandria', NULL),
	(5, 5, 3, 'http://cdh.uva.nl/projects-2013-2014/archeology-of-architecture.html', 'Archeology of Architecture: The Presentation and Publication of Virtual 3D Constructions of Lost Monuments', NULL),
	(6, 6, 3, 'http://www.arthurianfiction.org/', 'Arthurian fiction', NULL),
	(7, 7, 3, 'http://asymenc.wp.hum.uu.nl/', 'Asymmetrical Encounters – Digital Humanities Approaches to Reference Cultures in Europe, 1815-1992', NULL),
	(8, 8, 3, 'http://cdh.uva.nl/projects-2013-2014/augmenting-masterpieces.html', 'Augmenting Masterpieces: Interfaces between the Psysical and Digital Collection of the Rijksmuseum ', NULL),
	(11, 11, 3, 'https://www.esciencecenter.nl/project/beyond-the-book', 'Beyond the Book', NULL),
	(18, 18, 3, 'http://www.meertens.knaw.nl/cms/nl/nieuws-agenda/nieuws-overzicht/218-nieuws-2014/144452-projectvoorstel-compare-gehonoreerd', 'COMPARE. COMPAring floor plan lay-out of REconstructed Dutch farmhouses of the 1940s and 1950s, using visualization and pattern recognition techniques', NULL),
	(19, 19, 3, 'http://collatex.net/', 'CollateX', NULL),
	(20, 20, 3, 'http://digitalhumanities.wp.hum.uu.nl/creative-territories-exploring-innovation-in-indie-game-production-contexts-and-connections/', 'Creative Territories: Exploring Innovation in Indie Game Production Contexts and Connections', NULL),
	(21, 21, 3, 'http://digitalcartography.eu/', 'Charting the Digital: Digital Mapping Practices as New Media Cultures', NULL),
	(26, 26, 3, 'http://www.digitalegrachtengordel.nl/', 'Digital canal', NULL),
	(29, 29, 3, 'http://cdh.uva.nl/projects-2012-2013/dynamic-drawings/dynamic-drawings.html', 'Dynamic drawings in enhanced publications', NULL),
	(30, 30, 3, 'http://dutchshipsandsailors.nl/', 'Dutch Ships and Sailors', NULL),
	(33, 33, 3, 'http://elaborate.huygens.knaw.nl/', 'eLaborate', NULL),
	(34, 34, 3, 'http://cdh.uva.nl/projects-2012-2013/evaluating-the-humanities/evaluating-the-humanities.html', 'Evaluating the Humanities', NULL),
	(35, 35, 3, 'http://blog.euscreen.eu/', 'EUscreenXL – Exploring Europe’s Television Heritage in Changing Context', NULL),
	(36, 36, 3, 'http://cdh.uva.nl/projects-2013-2014/evaluating-the-humanities-ii.html', 'Evaluating the Humanities - II. From bibliometrics to public valorization', NULL),
	(38, 38, 3, 'http://literairvertalen.org/', 'Expertisecentrum Literair Vertalen', NULL),
	(39, 39, 3, 'https://www.esciencecenter.nl/projects/humanities_and_social_sciences', 'From sentiment mining to mining embodied emotions', NULL),
	(41, 41, 3, 'http://gtr.rcuk.ac.uk/project/9C80BC05-ECAE-4BBD-9D1A-32C85BCFAACC', 'Games and social change: In-between screens, places and communities', NULL),
	(42, 42, 3, '', 'GOLIATH – Genealogies of Literature, Autonomisation, Theory and History', NULL),
	(44, 44, 3, 'http://hooked.humanities.uva.nl/', '#Hooked! A Game for Uncovering the Mystery of Musical Catchiness', NULL),
	(46, 46, 3, 'http://www.clarin.nl/node/267', 'INTER-VIEWS', NULL),
	(47, 47, 3, 'http://cdh.uva.nl/projects-2013-2014/knaw---mapping-notes-and-nodes-in-networks.html', 'KNAW - Mapping Notes and Nodes in Networks', NULL),
	(48, 48, 3, 'http://www.let.uu.nl/lt4el/index.php?content=home', 'Language Technology for eLearning', NULL),
	(53, 53, 3, 'http://cdh.uva.nl/projects-2013-2014/m.o.c.c.a.html', 'M.O.C.C.A: Modeling Crowdsourcing for Cultural Heritage', NULL),
	(55, 55, 3, 'http://www.meertens.knaw.nl/mimore/', 'Mimore', NULL),
	(56, 56, 3, 'http://cdh.uva.nl/projects-2012-2013/music-similarity/muzikale-similariteit.html', 'Music Similarity', NULL),
	(59, 59, 3, 'http://www.clarin.nl/node/1404 and http://www.clariah.nl/component/seoglossary/3-project/31-opensonar', 'OpenSonar', NULL),
	(60, 60, 3, 'https://www.esciencecenter.nl/project/pidimehs', 'PIDEMEHS', NULL),
	(61, 61, 3, 'http://scaffoldingintentions.phil.uu.nl/', 'Promoting Effective Intentions: Volitional Scaffolding, Implementation, Intentions, and Bedtime Procastinating', NULL),
	(64, 64, 3, 'http://www.beeldengeluid.nl/node/7949', 'QuaMeRDES – A Tool for Analyzing Television in Context', NULL),
	(65, 65, 3, 'http://www.clarin.nl/node/1404 and http://rembench.huygens.knaw.nl/', 'RemBench', NULL),
	(66, 66, 3, 'http://remdoc.huygens.knaw.nl/', 'RemDoc', NULL),
	(67, 67, 3, 'http://www.mappingslavery.nl', 'Slavery Mapping ', NULL),
	(68, 68, 3, 'http://cdh.uva.nl/projects-2013-2014/sailing-networks.html', 'Sailing Networks: Mapping Colonial Relations with Suriname\'s seventeenth-century sailing letters', NULL),
	(70, 70, 3, '', 'Short Title Catalogue, Netherlands, as Linked Open Data', NULL),
	(71, 71, 3, 'http://cdh.uva.nl/projects-2013-2014/sim-app-ii.html', 'Similar Interesting Music APPlication (SIM-APP)', NULL),
	(72, 72, 3, 'https://www.esciencecenter.nl/project/spudisc', 'SPUDisc', NULL),
	(73, 73, 3, 'http://cdh.uva.nl/projects-2013-2014/vu---storetelling-a.k.a.-non-linear-structure-of-cinema.html', 'StoreTelling (a.k.a. Non-linear structure of cinema)', NULL),
	(74, 74, 3, 'http://www.africananaphora.rutgers.edu/home-mainmenu-1', 'The Afranaph Project', NULL),
	(75, 75, 3, 'http://cmme.org/database/projects/14', 'The Other Josquin: Music Excluded from the New Josquin Edition', NULL),
	(76, 76, 3, 'http://literaryquality.huygens.knaw.nl/?page_id=36', 'The Riddle of Literary Quality', NULL),
	(77, 77, 3, 'http://www.let.uu.nl/~Rias.vandenDoel/personal/wwstim/eureng/html/', 'The Accents of European English – An online experiment', NULL),
	(78, 78, 3, 'https://www.huygens.knaw.nl/timbuctoo/', 'Timbuctoo', NULL),
	(80, 80, 3, 'https://www.esciencecenter.nl/projects/humanities_and_social_sciences', 'TwiNL', NULL),
	(82, 82, 3, 'http://www.clarin.nl/node/292', 'Transcription Quality Evaluation', NULL),
	(83, 83, 3, 'http://cdh.uva.nl/projects-2013-2014/vu---triple-a-automated-audiological-assesment.html', 'TRIPLE-A: Automated Audiological Assesment', NULL),
	(84, 84, 3, 'http://www.clariah.nl/trove/samenvatting', 'TROVe – The Transmedia Observatory', NULL),
	(85, 85, 3, 'http://languagelink.let.uu.nl/burs/index.html', 'Typology of Reciprocal Markers: Analysis and Documentation', NULL),
	(86, 86, 3, 'www.koenleurs.net', 'UPLOAD – Urban Politics of London Youth Analyzed Digitally', NULL),
	(87, 87, 3, 'http://www.collective-action.info/projects_ERCGrant', 'United We Stand. The dynamics and consequences of Institutions for Collective Action in Pre-Industrial Europe', NULL),
	(88, 88, 3, 'http://www.clarin.nl/node/1404 and http://www.validdata.org', 'VALID - Vulnerability in Acquisition: Language Impairments in Dutch. Curating five valuable data sets', NULL),
	(90, 90, 3, 'http://vangoghletters.org/vg/letters.html', 'Vincent van Gogh: The Letters', NULL),
	(91, 91, 3, 'http://www.vogala.org/', 'Vogala', NULL),
	(92, 92, 3, 'http://vavi.wp.hum.uu.nl/', 'Voting Advice Via Internet', NULL),
	(93, 93, 3, 'http://niki.meyson.net/index.php?L=3&id=1574', 'Watermarks and Paper Used for Prints and Drawings c. 1450-1800', NULL),
	(94, 94, 3, 'http://www.let.uu.nl/wemal/index.html', 'WEMAL artes database', NULL),
	(128, 19, 2, 'https://github.com/interedition/collatex', NULL, NULL),
	(130, 33, 2, 'https://github.com/HuygensING', NULL, NULL),
	(132, 78, 2, 'https://github.com/HuygensING/timbuctoo', NULL, NULL),
	(150, 157, 3, 'http://www.meertens.nl/projecten/mand/MAND.html', 'Morphological Atlas of Dutch Dialects (MAND)', NULL),
	(151, 162, 3, 'http://www.rug.nl/let/onderzoek/onderzoekinstitute', 'An HPSG account of nonfinite verbal complements in Latin', NULL),
	(152, 176, 3, 'http://www.rechten.unimaas.nl/lrg/Digitale%20plakk', 'Digitisation placards and decrees Overkwartier of Gelder 1580-1795', NULL),
	(153, 177, 3, 'http://www.personeel.unimaas.nl/L.Berkvens/', 'Digitisation placards and decrees Overkwartier of Gelder 1580-1795', NULL),
	(154, 191, 3, 'http://dialectometry.net/', 'Determinants of Dialectal Variation', NULL),
	(155, 198, 3, 'http://hmi.ewi.utwente.nl/project/STEVIN', 'Dutch Language Corpus Initiative (D-coi)', NULL),
	(156, 199, 3, 'http://taalunieversum.org/taal/technologie/stevin/', 'Identification and Representation of Multi-word Expressions (IRME)', NULL),
	(157, 200, 3, 'http://www.mmdc.nl', 'Parchment to portal', NULL),
	(158, 232, 3, 'http://hmi.ewi.utwente.nl/project/GATE', 'GATE: Games for Advanced Training and Entertainment', NULL),
	(160, 234, 3, 'http://inftynet.net/', 'New frontiers of infinity: mathematical, philosophical, and computational prospects', NULL),
	(162, 238, 3, 'http://www.ru.nl/slcn', 'Sign Linguistics Corpora Network (SLCN)', NULL),
	(163, 239, 3, 'http://www.clarin.eu/', 'CLARIN-EU (Common Language Resources and Technology Infrastructure)', NULL),
	(164, 240, 3, 'http://www.hum.uu.nl/clarin-nl/', 'CLARIN-NL (Common Language Resources and Technology Infrastructure)', NULL),
	(165, 245, 3, 'http://logiccommonsense.wp.hum.uu.nl/', 'Between Logic and Common Sense: the Formal Semantics of Words', NULL),
	(166, 256, 3, 'http://ehumanities.nl/', 'e-Humanities', NULL),
	(167, 266, 3, 'http://www.dans.knaw.nl/content/categorieen/projec', 'Digital Research Infrastructure for the Arts and Humanities (DARIAH)', NULL),
	(169, 268, 3, 'http://ehumanities.nl/ceda_r/', 'CEDAR From fragment to fabric ? Dutch census data in a web of global cultural and historic information', NULL),
	(170, 269, 3, 'http://literaryquality.huygens.knaw.nl/', 'The Riddle of Literary Quality', NULL),
	(171, 271, 3, 'http://ep-books.ehumanities.nl/', 'Enhanced Publications', NULL),
	(172, 272, 3, 'http://research-acumen.eu/', 'Academic Careers Understood through Measurement and Norms (ACUMEN)', NULL),
	(173, 291, 3, 'http://www.nederlab.nl/', 'Nederlab - Laboratory for research on the patterns of change in the Dutch language and culture', NULL),
	(174, 299, 3, 'http://www.cmme.org/', 'The CMME Project : computerized mensural music editing', NULL);
/*!40000 ALTER TABLE `project_links` ENABLE KEYS */;


-- Exportiere Struktur von Tabelle dhregistry.project_link_types
DROP TABLE IF EXISTS `project_link_types`;
CREATE TABLE IF NOT EXISTS `project_link_types` (
  `id` int(11) NOT NULL AUTO_INCREMENT,
  `name` varchar(255) COLLATE utf8_unicode_ci NOT NULL,
  PRIMARY KEY (`id`)
) ENGINE=InnoDB AUTO_INCREMENT=5 DEFAULT CHARSET=utf8 COLLATE=utf8_unicode_ci;

-- Exportiere Daten aus Tabelle dhregistry.project_link_types: ~4 rows (ungefähr)
/*!40000 ALTER TABLE `project_link_types` DISABLE KEYS */;
INSERT INTO `project_link_types` (`id`, `name`) VALUES
	(1, 'project data'),
	(2, 'project software'),
	(3, 'project presentation'),
	(4, 'publication');
/*!40000 ALTER TABLE `project_link_types` ENABLE KEYS */;


-- Exportiere Struktur von Tabelle dhregistry.project_reviews
DROP TABLE IF EXISTS `project_reviews`;
CREATE TABLE IF NOT EXISTS `project_reviews` (
  `id` int(11) NOT NULL AUTO_INCREMENT,
  `project_id` int(11) NOT NULL,
  `done` tinyint(1) NOT NULL DEFAULT '0',
  `changeset_json` text COLLATE utf8_unicode_ci,
  `email` varchar(255) COLLATE utf8_unicode_ci DEFAULT NULL,
  `comment` text COLLATE utf8_unicode_ci,
  `people_comment` text COLLATE utf8_unicode_ci,
  `institutions_comment` text COLLATE utf8_unicode_ci,
  `created` datetime DEFAULT NULL,
  `updated` datetime DEFAULT NULL,
  PRIMARY KEY (`id`),
  KEY `FK_project_reviews_projects` (`project_id`),
  CONSTRAINT `FK_project_reviews_projects` FOREIGN KEY (`project_id`) REFERENCES `projects` (`id`) ON DELETE CASCADE ON UPDATE CASCADE
) ENGINE=InnoDB AUTO_INCREMENT=2 DEFAULT CHARSET=utf8 COLLATE=utf8_unicode_ci;

-- Exportiere Daten aus Tabelle dhregistry.project_reviews: ~1 rows (ungefähr)
/*!40000 ALTER TABLE `project_reviews` DISABLE KEYS */;
INSERT INTO `project_reviews` (`id`, `project_id`, `done`, `changeset_json`, `email`, `comment`, `people_comment`, `institutions_comment`, `created`, `updated`) VALUES
	(1, 268, 0, '{\r\n    "Project": {\r\n        "id": "268",\r\n        "name": "Census data open linked – CEDA_R.\\nFrom fragment to fabric – Dutch census data in a web of global cultural and historic information",\r\n        "description": "Currently, Europe is confronted with industrial restructuring, migration, aging of population and financial crisis in a world of accelerated change. Learning from (social-economic) history helps to understand the interrelation between macro-economic change and individual lifestyles, policy regimes, labour markets, communities and national wealth. However, sources of historical information about the lives of individuals, communities, and nations are still scattered.\\nThis project takes Dutch census data as a starting point to build a semantic data-web of historical information. With such a web we will answer questions such as:\\n- What kind of patterns can we identify and interpret in expressions of regional identity?\\n- How to relate patterns of changes in skills and labour to technological progress and patterns of geographical migration?\\n- How to trace changes of local and national policies in the structure of communities and individual lives?\\nCensus data alone are not sufficient to answer these questions. This project applies a specific web-based data-model – exploiting the Resource Description Framework (RDF) technology– to make census data inter-linkable with other hubs of historical socio-economic and demographic data and beyond. Pattern recognition appears on two levels: first to enable the integration of hitherto isolated datasets, and second to apply integrated querying and analysis across this new, enriched information space. Data analysis interfaces, visual inventories of historical data and reports on open-linked data strategies for digital collections are results of this project. The project will result in generic methods and tools to weave historical and socio-economic datasets into an interlinked semantic data-web.",\r\n        "end_date": "2016-04-01",\r\n        "funding_body": "KNAW",\r\n        "funding_size": "700000",\r\n        "currency_id": "1",\r\n        "phd_students": "2",\r\n        "parent_not_listed": "the actual parent project is: Computational Humanities Programme, hosted by the eHumanities group"\r\n    },\r\n    "NwoDiscipline": {\r\n        "ProjectsNwoDiscipline": [\r\n            {\r\n                "id": "",\r\n                "project_id": "268",\r\n                "nwo_discipline_id": "6"\r\n            },\r\n            {\r\n                "id": "",\r\n                "project_id": "268",\r\n                "nwo_discipline_id": "12"\r\n            }\r\n        ]\r\n    },\r\n    "TadirahActivity": {\r\n        "ProjectsTadirahActivity": [\r\n            {\r\n                "id": "",\r\n                "project_id": "268",\r\n                "tadirah_activity_id": "9"\r\n            },\r\n            {\r\n                "id": "",\r\n                "project_id": "268",\r\n                "tadirah_activity_id": "12"\r\n            },\r\n            {\r\n                "id": "",\r\n                "project_id": "268",\r\n                "tadirah_activity_id": "24"\r\n            },\r\n            {\r\n                "id": "",\r\n                "project_id": "268",\r\n                "tadirah_activity_id": "25"\r\n            },\r\n            {\r\n                "id": "",\r\n                "project_id": "268",\r\n                "tadirah_activity_id": "23"\r\n            },\r\n            {\r\n                "id": "",\r\n                "project_id": "268",\r\n                "tadirah_activity_id": "28"\r\n            },\r\n            {\r\n                "id": "",\r\n                "project_id": "268",\r\n                "tadirah_activity_id": "29"\r\n            },\r\n            {\r\n                "id": "",\r\n                "project_id": "268",\r\n                "tadirah_activity_id": "27"\r\n            },\r\n            {\r\n                "id": "",\r\n                "project_id": "268",\r\n                "tadirah_activity_id": "30"\r\n            },\r\n            {\r\n                "id": "",\r\n                "project_id": "268",\r\n                "tadirah_activity_id": "33"\r\n            },\r\n            {\r\n                "id": "",\r\n                "project_id": "268",\r\n                "tadirah_activity_id": "37"\r\n            },\r\n            {\r\n                "id": "",\r\n                "project_id": "268",\r\n                "tadirah_activity_id": "39"\r\n            },\r\n            {\r\n                "id": "",\r\n                "project_id": "268",\r\n                "tadirah_activity_id": "40"\r\n            },\r\n            {\r\n                "id": "",\r\n                "project_id": "268",\r\n                "tadirah_activity_id": "41"\r\n            },\r\n            {\r\n                "id": "",\r\n                "project_id": "268",\r\n                "tadirah_activity_id": "42"\r\n            },\r\n            {\r\n                "id": "",\r\n                "project_id": "268",\r\n                "tadirah_activity_id": "43"\r\n            },\r\n            {\r\n                "id": "",\r\n                "project_id": "268",\r\n                "tadirah_activity_id": "47"\r\n            },\r\n            {\r\n                "id": "",\r\n                "project_id": "268",\r\n                "tadirah_activity_id": "52"\r\n            },\r\n            {\r\n                "id": "",\r\n                "project_id": "268",\r\n                "tadirah_activity_id": "53"\r\n            },\r\n            {\r\n                "id": "",\r\n                "project_id": "268",\r\n                "tadirah_activity_id": "48"\r\n            },\r\n            {\r\n                "id": "",\r\n                "project_id": "268",\r\n                "tadirah_activity_id": "49"\r\n            },\r\n            {\r\n                "id": "",\r\n                "project_id": "268",\r\n                "tadirah_activity_id": "55"\r\n            },\r\n            {\r\n                "id": "",\r\n                "project_id": "268",\r\n                "tadirah_activity_id": "58"\r\n            },\r\n            {\r\n                "id": "",\r\n                "project_id": "268",\r\n                "tadirah_activity_id": "57"\r\n            }\r\n        ]\r\n    },\r\n    "TadirahTechnique": {\r\n        "ProjectsTadirahTechnique": [\r\n            {\r\n                "id": "136"\r\n            },\r\n            {\r\n                "id": "",\r\n                "project_id": "268",\r\n                "tadirah_technique_id": "16"\r\n            },\r\n            {\r\n                "id": "",\r\n                "project_id": "268",\r\n                "tadirah_technique_id": "19"\r\n            },\r\n            {\r\n                "id": "",\r\n                "project_id": "268",\r\n                "tadirah_technique_id": "27"\r\n            },\r\n            {\r\n                "id": "",\r\n                "project_id": "268",\r\n                "tadirah_technique_id": "37"\r\n            }\r\n        ]\r\n    },\r\n    "TadirahObject": {\r\n        "ProjectsTadirahObject": [\r\n            {\r\n                "id": "",\r\n                "project_id": "268",\r\n                "tadirah_object_id": "6"\r\n            },\r\n            {\r\n                "id": "",\r\n                "project_id": "268",\r\n                "tadirah_object_id": "17"\r\n            },\r\n            {\r\n                "id": "",\r\n                "project_id": "268",\r\n                "tadirah_object_id": "29"\r\n            },\r\n            {\r\n                "id": "",\r\n                "project_id": "268",\r\n                "tadirah_object_id": "34"\r\n            },\r\n            {\r\n                "id": "",\r\n                "project_id": "268",\r\n                "tadirah_object_id": "32"\r\n            }\r\n        ]\r\n    }\r\n}', 'andrea.scharnhorst@dans.knaw.nl', 'Why do we map to those NWO categories? three of them are double (at the very end of the list).', 'Frank van Harmelen, Jan Luiten van Zanden, and Peter Doorn are the original PI\'s on the proposal. Jan Luiten van Zanden\'s role was filled in by Kees Mandemakers. Frank van Harmelen is supervisor and PI. Schlobach is co-supervisor, Scharnhorst is co-supervisor and project leader. Gueret is post-doc researcher.', '', '2016-01-05 17:55:36', '2016-01-05 17:56:43');
/*!40000 ALTER TABLE `project_reviews` ENABLE KEYS */;


-- Exportiere Struktur von Tabelle dhregistry.tadirah_activities
DROP TABLE IF EXISTS `tadirah_activities`;
CREATE TABLE IF NOT EXISTS `tadirah_activities` (
  `id` int(11) NOT NULL AUTO_INCREMENT,
  `parent_id` int(11) DEFAULT NULL,
  `name` varchar(100) COLLATE utf8_unicode_ci NOT NULL DEFAULT '0',
  `description` text COLLATE utf8_unicode_ci,
  PRIMARY KEY (`id`),
  KEY `parent_id` (`parent_id`),
  CONSTRAINT `FK_tadirah_activities_tadirah_activities` FOREIGN KEY (`parent_id`) REFERENCES `tadirah_activities` (`id`)
) ENGINE=InnoDB AUTO_INCREMENT=61 DEFAULT CHARSET=utf8 COLLATE=utf8_unicode_ci;

-- Exportiere Daten aus Tabelle dhregistry.tadirah_activities: ~35 rows (ungefähr)
/*!40000 ALTER TABLE `tadirah_activities` DISABLE KEYS */;
INSERT INTO `tadirah_activities` (`id`, `parent_id`, `name`, `description`) VALUES
	(1, 59, 'Capture', 'Capture generally refers to the activity of creating digital surrogates of existing cultural artefacts, or expressing existing artifacts in a digital representation (digitization). This could be a manual process (as in "transcribing") or an automated procedure (as in "imaging" or "data_recognition"). Such capture precedes "enrichment" and "analysis", at least from a systematic point of view, if not in practice. '),
	(2, 59, 'Creation', 'Creating things generally refers to the activity of producing born-digital digital objects, rather than creating digital objects by capturing and digitizing existing analog objects. Creating can involve writing natural language text (cf. "writing") or, understood more broadly as the creation of a string of discrete symbols, it could also concern other forms of expression, such as creating executable code (cf. "programming"), composing a musical score, or creating an image.'),
	(3, 59, 'Enrichment', 'Enrichment refers to the activity of adding information to an object of enquiry, by making its origin, nature, structure, meaning, or elements explicit. This activity typically follows the capture of the object. '),
	(4, 59, 'Analysis', 'This general research goal refers to the activity of extracting any kind of information from open or closed, structured or unstructured collections of data, of discovering recurring phenomena, units, elements, patterns, groupings, and the like. This can refer to structural, formal or semantic aspects of data. Analysis also includes methods used to visualize results. Methods and techniques related to this goal may be considered to follow "capture" and "enrichment"; however, "enrichment" depends upon assumptions, research questions and results related to "analysis". '),
	(5, 59, 'Interpretation', 'Interpretation is the activity of ascribing meaning to phenomena observed in "analysis". Therefore, interpretation usually follows analysis, although it could also be considered that interpretation defines the hermeneutic perspective of any method of analysis. '),
	(6, 59, 'Storage', 'Storing refers to the activity of making digital copies of objects of inquiry, results of research, or software and services and of keeping them accessible, without necessarily making them available to the public. '),
	(7, 59, 'Dissemination', 'Dissemination refers to the activity of making objects of inquiry, results of research, or software and services available to fellow researchers or the wider public in a variety of more or less formal ways. It builds on or requires storing and can include releasing and sharing of data using a variety of methods and techniques including the application of linked open data.'),
	(9, 1, 'conversion', 'Conversion refers to changing the file format of an object (e.g. converting a .wmv video to a .mov file as well as converting VHS into a digital format) without fundamentally changing the content or nature of the object. When conversion concerns metadata, it involves mapping one metadata schema to another. More fundamental “conversions”, such as converting a scanned page image to an editable text document, are better referred to using “DataRecognition”.'),
	(10, 1, 'DataRecognition', 'Data Recognition, for example OCR, refers to the process of treating the immediate products of digital data capture (recording or imaging), such as digital facsimiles of texts or of sheet music, in a way to extract discrete, machine-readable units from them, such as plain text words, musical notes, or still or moving image elements (including, for example, face recognition).'),
	(11, 1, 'Discovering', 'Discovering is the activity of seeking out objects of research, research results, or other information which is useful in a given search perspective. Discovery includes very directed techniques such as advanced querying of databases, less directed techniques such as simple searching, and more serendipitous ones as browsing, which would include faceted browsing. (It is different from Information Retrieval, which is a structured way of extracting some piece of information or some specific subset of objects from a resource.)'),
	(12, 1, 'Gathering', 'Gathering refers to aggregating discovered resources, usually in some structured way (e.g. bringing together all papers that address a certain topic, as part of a literature review, or pulling all works by a particular author out of a digital collection for further analysis). Related techniques include web crawling and scraping.'),
	(13, 1, 'Imaging', 'Imaging refers to the capture of texts, images, artefacts or spatial formations using optical means of capture. Imaging can be made in 2D or 3D, using various means (light, laser, infrared, ultrasound). Imaging usually does not lead to the identification of discrete semantic or structural units in the data, such as words or musical notes, which is something DataRecognition accomplishes. Imaging also includes scanning and digital photography.'),
	(14, 1, 'Recording', 'Capturing audio and/or video; the result is a digital audio (e.g. WAV, MP3, etc.) or video (e.g. MP4, Quicktime, etc.) file that can be manipulated, analyzed, and/or stored.'),
	(21, 1, 'Transcription', 'Transcription is the activity of creating a representation of a manuscript (often in combination with Enrichment) or of audio or video recordings. The representation is (also) generally textual for the verbal aspects of recordings and structured for example by speech turns, but can also contain multimodal information like gestures or events and multimedia information like time synchronization and relation to media files. Transcription that is partial, selective, and/or inherently linked to the source document may be better categorized as Annotation.'),
	(22, 2, 'Designing', 'The development of a user interface, with which the user is able to interact to perform various tasks and conduct activities. Also included here is the development of the user experience, where a person’s perceptions of the practical aspects such as utility, ease of use, and efficiency of the system are taken into consideration. Does not include the implementation of the design (see “Programming” or “Web development”). Database design is to be categorized using “Modeling”.'),
	(23, 2, 'Programming', 'Creation of code executable by a computer, that is creation of scripts or software. (This includes “Prototyping”, the creation of such code for testing or modeling purposes.) It is also closely related to the more broader activity of tool development. Programming is separate from Encoding (enriching a document by making structural, layout-related, semantic, or other information about a specific part of a document explicit by adding markup to its transcription).'),
	(24, 2, 'Translation', 'Translation involves creating a new linguistic object based on a source document but written in a different language than the source. This applies to both natural languages and machine-readable programming languages'),
	(25, 2, 'Web development', 'Creation of websites, by building on a platform (e.g. content management systems such as Drupal, WordPress and Omeka) or writing HTML/CSS. Writing a module/plugin for a platform, or programming web-based applications, should use the “Programming” method.'),
	(26, 2, 'Writing', 'Writing designates the activity of creating new texts (instead of capturing existing text). In our context, this would primarily concern research papers and reports, but may include other textually-oriented objects.'),
	(27, 3, 'Annotating', 'Annotating refers to the activity of making information about a digital object explicit by adding, e.g., comments, metadata or keywords to a digitized representation or to an annotation file associated with it. This can be in the form of annotations that comment on or contextualize a passage (explanatory annotations) in order to make structural or linguistic information explicit (structural/linguistic annotation), as linked open data making the relationships between objects machine-readable, or, in the case of general metadata, adding information about the object as a whole. Encoding is a technique associated with annotating, as are POS-Tagging, Tree-Tagging, and Georeferencing.'),
	(28, 3, 'Clean up', 'Data cleanup involves improving the quality of an existing digital object. This could include such things as correcting errors in a written text, errors in OCR results, debugging code, improving the quality of video, audio, or image file'),
	(29, 3, 'Editing', 'Editing refers to making structural, layout-related, semantic, or other information about a specific part of a document explicit by adding (inline or stand-off) markup to its transcription. This is typically part of the larger activity of scholarly editing of textual, musical, or other sources. It is based on a transcription of the document (the result of data recognition) and guided by a model of the document (the result of modeling).'),
	(30, 4, 'Content Analysis', 'Content Analysis is a method which aims to analyse aspects of digital objects relating to their meaning, such as identifying concepts or meaningful units. Relevant techniques include Topic Modeling, Sentiment Analysis, Information Retrieval, Discourse Analysis, but also Named Entity Recognition.'),
	(31, 4, 'Network Analysis', 'Network Analysis is a method to study the relations of (real or fictional) actors or other entities in a mediated network, which can take the form of a social or academic online network, a set of correspondence, or a work of literature; the resulting network is usually made up of nodes (entities) and edges (relations). Relevant techniques include Named Entity Recognition. When the artefacts themselves (texts, images, etc.) and their relations are concerned, the corresponding research activity would be Relational Analysis.'),
	(32, 4, 'Relational Analysis', 'Relational Analysis refers to computational techniques serving to discover specific relations between several objects of study. In textual studies, this could mean discovering overlap between several different texts (study of text reuse / plagiarism), or textual variations between several versions of one text (collation), or assessing the similarity of texts in terms of stylistic features (stylometry). By analogy, such methods can also be applied to other cultural artefacts, such as music, film or painting. Relevant techniques include Sequence Alignment, Collation, and techniques associated with Stylistic Analysis.'),
	(33, 4, 'Spatial Analysis', 'Relational Analysis refers to computational techniques serving to discover specific relations between several objects of study. In textual studies, this could mean discovering overlap between several different texts (study of text reuse / plagiarism), or textual variations between several versions of one text (collation), or assessing the similarity of texts in terms of stylistic features (stylometry). By analogy, such methods can also be applied to other cultural artefacts, such as music, film or painting. Relevant techniques include Sequence Alignment, Collation, and techniques associated with Stylistic Analysis.'),
	(37, 4, 'Structural Analysis', 'Structural Analysis involves analysis of objects on the level of the relations between structural elements of a cultural artefact (level of morphology or syntax in linguistics). Relevant techniques include: POS-Tagging, Tree-Tagging, Collocation Analysis, Concordancing.'),
	(38, 4, 'Stylistic Analysis', 'Stylistic Analysis consists of identifying stylistic or formal features of digital objects. Although computational stylistics is in many cases applied to texts and based on linguistic features, it can also be applied to other media such as physical artifacts, painting, music or movies. Relevant techniques include: Stylometry, Principal Component Analysis, Cluster Analysis, Paleographic Analysis.'),
	(39, 4, 'Visualization', 'Visualization refers to activities which serve to summarise and present in a graphical form, and to use such graphical forms analytically, that is to detect patterns, structures, or points of interest in the underlying data. Virtually any kind of data can be visualized, and the forms of visualizations can be images, maps, timelines, graphs, or tables, and the like. Relevant techniques include plotting and mapping.'),
	(40, 5, 'Contextualizing', 'Contextualization is the activity of creating associations between an object of investigation and other, more established or better-understood objects in a relation of geographical, temporal, or thematic proximity to the object of investigation, with the aim of ascribing meaning to that object. Such contextualizing may build on existing annotations and/or metadata.'),
	(41, 5, 'Modeling', 'Modeling is the activity of creating an abstract representation of a complex phenomenon, usually in a machine-readable way, possibly in an interactive way (i.e. it includes “simulation”). Models become machine-readable when modelling produces a schema that describes the elements and the structure of an object of inquiry in an explicit way. Modeling can also refer to the activity of transforming or manipulating a digital object in such a way as to make it compatible with a previously constructed model or schema. Mapping, for instance, is an example of a spatial model. Workflow design is included as part of Modeling, using an object such as Process.'),
	(42, 5, 'Theorizing', 'Theorizing is a method which aims to relate a number of elements or ideas into a coherent system based on some general principles and capable of explaining relevant phenomena or observations. Theorizing relies on techniques such as reasoning, abstract thinking, conceptualizing and defining. A theory may be implemented in the form of a model, or a model may give rise to formulating a theory.'),
	(43, 6, 'Archiving', 'Archiving includes the process of moving data and other resources to a separate space for retention. If long-term archiving is involved, activities related to data preservation may also be involved.'),
	(44, 6, 'Identifying', 'Identifying refers to the activity of naming and/or assigning (possibly unique and/or persistent) identifiers to objects of enquiry or to any kind of digital object. Adding a metadata description of the object is part of Annotation'),
	(45, 6, 'Organizing', 'Organizing refers to the arrangement of objects (research materials, data sets, images, etc.) in a way that facilitates other research activities. May also include activities that support discovery such as metadata creation and enhancement.'),
	(47, 6, 'Preservation', 'The application of specific strategies, activities and technologies for the purpose of ensuring an accurate rendering of digital content over time. It facilitates the reuse of research data, objects, and related resources and may include activities related to sustainability and interoperability. Related techniques include but are not limited to: Bit Stream Preservation, Durable Persistent Media, Emulation, Metadata Attachment, Migration, Replication, Technology Preservation, Versioning, the use of Open Archival Information Systems and standards that support interoperability.'),
	(48, 7, 'Collaboration', 'Collaboration is involved in any research activity being done jointly by several researchers, possibly in different places and at different times. Research-oriented collaboration is enabled, particularly, through comprehensive Digital Research Environments, but can also happen around more specific activities, such as communication or sharing of resources.'),
	(49, 7, 'Commenting', 'Commenting is the activity of adding information to a piece of data, usually in a way that separates the data to which the comment is attached and the comment. It usually serves to express some opinion, to add contextual information, or to engage in communication or collaboration with others about the object commented on. This is different from Annotating (as defined here) which refers to adding descriptive or explanatory information to sections of an object with the aim of making inherent qualities, structures, or meanings of that section explicit.'),
	(50, 7, 'Communicating', 'Communicating refers to the activity of exchanging ideas with other people, primarily, but not exclusively, using linguistic means. Relevant techniques include Email, Chat, Audio-Conferencing'),
	(51, 7, 'Crowdsourcing', 'Crowdsourcing refers to the paradigm of user-generated content in a web 2.0 context, applied here to the domain of digital humanities research. Crowdsourcing may include gamification, which may be understood as one form of creating motivation in crowdsourcing endeavors.'),
	(52, 7, 'Publishing', 'Publishing refers to the activity of making any kind of object formally available to the wider public. This can involve objects of research, research data, research results, or tools and services. Publishing can be closed or open access / open source, and research results can be published in print or digital formats.'),
	(53, 7, 'Sharing', 'Sharing refers to the activity of making objects publically available through informal channels such as blogs, code sharing sites such as GitHUB, or other social media sites.'),
	(54, 60, 'Assessing', 'Assessing refers to the activity of verifying the existence of certain properties, usually indicative of some desirable quality in some outcome of an activity. This may refer to reviewing research papers or conference proposals, to evaluating the coherence of the annotation of audio-visual materials, or to an assessment of the usefulness of the Digital Humanities.'),
	(55, 60, 'Community Building', 'Community building is the activity of creating or enhancing a community with a common interest. It may include dissemination, teaching as well as advocating for specific activities, practices, or values.'),
	(56, 60, 'Give Overview', 'GiveOverview refers to the activity of providing information which is relatively general or provides a historical or systematic overview of a given topic. Nevertheless, it can be aimed at experts or beginners in a field, subfield or specialty.'),
	(57, 60, 'Project Management', 'Project management involves activities such as developing a strategy and assessing risk for conducting a project, as well as task management activities, such as keeping a record of tasks, due dates, and other relevant information. It may include activities such as planning, documenting, getting funding, but also sending reminders and status reports. Project Management is related to Collaboration.'),
	(58, 60, 'Teaching/Learning', 'Teaching and Learning involves one group of people interactively helping another group of people acquire and/or develop skills, competencies, and knowledge that lets them solve problems in a specific area of research.'),
	(59, NULL, 'Research Activities', 'Research activities are usually applied to one or several research objects. An article about modeling of manuscript properties would therefore be tagged with the tags “modeling” and “manuscript”. A plain text editor would be tagged with the tags "writing" and "code" and "text". '),
	(60, NULL, 'Meta Activities', 'Meta Activities are activities which, unlike regular research activities, do not apply directly to a research object, but rather to a combination of a research activity with a research object. A case in point would be a tutorial "teaching" the digital "encoding" of "music", or a report "introducing" readers to "pattern_recognition" in "images". Meta-Activity tags can be added to provide additional context to a typical activity+object pair of tags. In some cases, however, meta-activities may also apply to objects, for example in the case of objects like “infrastructure” or “digital_humanities”. ');
/*!40000 ALTER TABLE `tadirah_activities` ENABLE KEYS */;


-- Exportiere Struktur von Tabelle dhregistry.tadirah_activities_tadirah_techniques
DROP TABLE IF EXISTS `tadirah_activities_tadirah_techniques`;
CREATE TABLE IF NOT EXISTS `tadirah_activities_tadirah_techniques` (
  `id` int(11) NOT NULL AUTO_INCREMENT,
  `tadirah_activity_id` int(11) NOT NULL DEFAULT '0',
  `tadirah_technique_id` int(11) NOT NULL DEFAULT '0',
  PRIMARY KEY (`id`),
  KEY `tadirah_activities` (`tadirah_activity_id`),
  KEY `tadirah_techniques` (`tadirah_technique_id`),
  CONSTRAINT `FK_tadirah_activities_tadirah_techniques_tadirah_activities` FOREIGN KEY (`tadirah_activity_id`) REFERENCES `tadirah_activities` (`id`),
  CONSTRAINT `FK_tadirah_activities_tadirah_techniques_tadirah_techniques` FOREIGN KEY (`tadirah_technique_id`) REFERENCES `tadirah_techniques` (`id`)
) ENGINE=InnoDB AUTO_INCREMENT=38 DEFAULT CHARSET=utf8 COLLATE=utf8_unicode_ci;

-- Exportiere Daten aus Tabelle dhregistry.tadirah_activities_tadirah_techniques: ~30 rows (ungefähr)
/*!40000 ALTER TABLE `tadirah_activities_tadirah_techniques` DISABLE KEYS */;
INSERT INTO `tadirah_activities_tadirah_techniques` (`id`, `tadirah_activity_id`, `tadirah_technique_id`) VALUES
	(1, 47, 10),
	(6, 47, 11),
	(7, 51, 13),
	(8, 27, 14),
	(9, 30, 15),
	(10, 27, 16),
	(12, 52, 16),
	(13, 37, 18),
	(14, 38, 18),
	(15, 30, 18),
	(16, 47, 21),
	(17, 27, 22),
	(18, 30, 22),
	(19, 47, 23),
	(20, 32, 24),
	(21, 37, 26),
	(22, 47, 27),
	(24, 47, 30),
	(25, 30, 33),
	(26, 32, 34),
	(27, 47, 35),
	(28, 30, 36),
	(29, 47, 37),
	(30, 12, 38),
	(31, 38, 28),
	(32, 38, 9),
	(33, 37, 7),
	(34, 37, 5),
	(36, 37, 4),
	(37, 47, 1);
/*!40000 ALTER TABLE `tadirah_activities_tadirah_techniques` ENABLE KEYS */;


-- Exportiere Struktur von Tabelle dhregistry.tadirah_objects
DROP TABLE IF EXISTS `tadirah_objects`;
CREATE TABLE IF NOT EXISTS `tadirah_objects` (
  `id` int(11) NOT NULL AUTO_INCREMENT,
  `name` varchar(100) COLLATE utf8_unicode_ci NOT NULL DEFAULT '0',
  `description` text COLLATE utf8_unicode_ci,
  PRIMARY KEY (`id`)
) ENGINE=InnoDB AUTO_INCREMENT=36 DEFAULT CHARSET=utf8 COLLATE=utf8_unicode_ci;

-- Exportiere Daten aus Tabelle dhregistry.tadirah_objects: ~35 rows (ungefähr)
/*!40000 ALTER TABLE `tadirah_objects` DISABLE KEYS */;
INSERT INTO `tadirah_objects` (`id`, `name`, `description`) VALUES
	(1, 'Artifacts', ''),
	(2, 'BibliographicListings', ''),
	(3, 'Computers', ''),
	(4, 'Curricula', ''),
	(5, 'DigitalHumanities', NULL),
	(6, 'Data', NULL),
	(7, 'File', NULL),
	(8, 'Images', NULL),
	(9, 'Images(3D)', NULL),
	(10, 'Infrastructure', NULL),
	(11, 'Interaction', NULL),
	(12, 'Language', NULL),
	(13, 'Link', NULL),
	(14, 'Literature', NULL),
	(15, 'Manuscript', NULL),
	(16, 'Map', NULL),
	(17, 'Metadata', NULL),
	(18, 'Multimedia', NULL),
	(19, 'Multimodal', NULL),
	(20, 'NamedEntities', NULL),
	(21, 'Persons', NULL),
	(22, 'Projects', NULL),
	(23, 'Research', NULL),
	(24, 'ResearchProcess', NULL),
	(25, 'ResearchResults', NULL),
	(26, 'SheetMusic', NULL),
	(27, 'Software', NULL),
	(28, 'Sound', NULL),
	(29, 'Standards', NULL),
	(30, 'Text', NULL),
	(31, 'TextBearingObjects', NULL),
	(32, 'Tools', NULL),
	(33, 'Video', NULL),
	(34, 'Visualization', NULL),
	(35, 'VREs', NULL);
/*!40000 ALTER TABLE `tadirah_objects` ENABLE KEYS */;


-- Exportiere Struktur von Tabelle dhregistry.tadirah_techniques
DROP TABLE IF EXISTS `tadirah_techniques`;
CREATE TABLE IF NOT EXISTS `tadirah_techniques` (
  `id` int(11) NOT NULL AUTO_INCREMENT,
  `name` varchar(100) COLLATE utf8_unicode_ci NOT NULL DEFAULT '0',
  `description` text COLLATE utf8_unicode_ci,
  PRIMARY KEY (`id`)
) ENGINE=InnoDB AUTO_INCREMENT=42 DEFAULT CHARSET=utf8 COLLATE=utf8_unicode_ci;

-- Exportiere Daten aus Tabelle dhregistry.tadirah_techniques: ~36 rows (ungefähr)
/*!40000 ALTER TABLE `tadirah_techniques` DISABLE KEYS */;
INSERT INTO `tadirah_techniques` (`id`, `name`, `description`) VALUES
	(1, 'Bit Stream Preservation ', NULL),
	(2, 'Brainstorming', NULL),
	(3, 'Browsing', NULL),
	(4, 'Cluster Analysis ', NULL),
	(5, 'Collocation Analysis ', NULL),
	(6, 'Commenting', NULL),
	(7, 'Concordancing ', NULL),
	(8, 'Debugging', NULL),
	(9, 'Distance Measures', NULL),
	(10, 'Durable Persistent Media ', NULL),
	(11, 'Emulation ', NULL),
	(12, 'Encoding', NULL),
	(13, 'Gamification', NULL),
	(14, 'Georeferencing ', NULL),
	(15, 'Information Retrieval', NULL),
	(16, 'Linked open data ', NULL),
	(18, 'Machine Learning', NULL),
	(19, 'Mapping', NULL),
	(21, 'Migration ', NULL),
	(22, 'Named Entity Recognition ', NULL),
	(23, 'Open Archival Information Systems', NULL),
	(24, 'Pattern Recognition', NULL),
	(25, 'Photography', NULL),
	(26, 'POS-Tagging', NULL),
	(27, 'Preservation Metadata ', NULL),
	(28, 'Principal Component Analysis', NULL),
	(30, 'Replication ', NULL),
	(31, 'Scanning', NULL),
	(32, 'Searching', NULL),
	(33, 'Sentiment Analysis ', NULL),
	(34, 'Sequence Alignment', NULL),
	(35, 'Technology Preservation', NULL),
	(36, 'Topic Modeling', NULL),
	(37, 'Versioning', NULL),
	(38, 'Web Crawling ', NULL),
	(41, 'Text Mining', NULL);
/*!40000 ALTER TABLE `tadirah_techniques` ENABLE KEYS */;


-- Exportiere Struktur von Tabelle dhregistry.users
DROP TABLE IF EXISTS `users`;
CREATE TABLE IF NOT EXISTS `users` (
  `id` int(11) NOT NULL AUTO_INCREMENT,
  `user_role_id` int(11) DEFAULT NULL,
  `institution_id` int(11) DEFAULT NULL,
  `institution` varchar(255) COLLATE utf8_unicode_ci DEFAULT NULL COMMENT 'temporary value provided during registration, if the university is not in the list yet',
  `email` varchar(255) COLLATE utf8_unicode_ci NOT NULL,
  `password` varchar(255) COLLATE utf8_unicode_ci DEFAULT NULL,
  `email_verified` tinyint(1) NOT NULL DEFAULT '0',
  `active` tinyint(1) NOT NULL DEFAULT '1',
  `approved` tinyint(1) NOT NULL DEFAULT '0',
  `is_admin` tinyint(1) NOT NULL DEFAULT '0',
  `user_admin` tinyint(1) NOT NULL DEFAULT '0',
  `last_login` datetime DEFAULT NULL,
  `password_token` varchar(255) COLLATE utf8_unicode_ci DEFAULT NULL,
  `email_token` varchar(255) COLLATE utf8_unicode_ci DEFAULT NULL,
  `approval_token` varchar(255) COLLATE utf8_unicode_ci DEFAULT NULL,
  `new_email` varchar(255) COLLATE utf8_unicode_ci DEFAULT NULL,
  `password_token_expires` datetime DEFAULT NULL,
  `email_token_expires` datetime DEFAULT NULL,
  `approval_token_expires` datetime DEFAULT NULL,
  `last_name` varchar(255) COLLATE utf8_unicode_ci DEFAULT NULL,
  `first_name` varchar(255) COLLATE utf8_unicode_ci DEFAULT NULL,
  `academic_title` varchar(255) COLLATE utf8_unicode_ci DEFAULT NULL,
  `telephone` varchar(255) COLLATE utf8_unicode_ci DEFAULT NULL,
  `authority` text COLLATE utf8_unicode_ci,
  `created` datetime DEFAULT NULL,
  `modified` datetime DEFAULT NULL,
  PRIMARY KEY (`id`),
  UNIQUE KEY `unique_email` (`email`),
  UNIQUE KEY `email_token` (`email_token`),
  UNIQUE KEY `password_token` (`password_token`),
  UNIQUE KEY `approval_token` (`approval_token`),
  KEY `email` (`email`),
  KEY `email_reset_token` (`email_token`),
  KEY `password_reset_token` (`password_token`),
  KEY `FK_users_institutions` (`institution_id`),
  KEY `FK_users_user_roles_idx` (`user_role_id`),
  CONSTRAINT `FK_users_institutions` FOREIGN KEY (`institution_id`) REFERENCES `institutions` (`id`) ON UPDATE CASCADE,
  CONSTRAINT `FK_users_user_roles` FOREIGN KEY (`user_role_id`) REFERENCES `user_roles` (`id`) ON UPDATE CASCADE
) ENGINE=InnoDB AUTO_INCREMENT=26 DEFAULT CHARSET=utf8 COLLATE=utf8_unicode_ci COMMENT='Deprecated as this will be moved to the DARIAH AAI.\r\nCopy the non-auth relevant fields to a new table ''persons'', connect both records 1:1:\r\n    last_name\r\n    first_name\r\n    academic_grade\r\n    university_id -> institution_id\r\n    university\r\n';

-- Exportiere Daten aus Tabelle dhregistry.users: ~10 rows (ungefähr)
/*!40000 ALTER TABLE `users` DISABLE KEYS */;
INSERT INTO `users` (`id`, `user_role_id`, `institution_id`, `institution`, `email`, `password`, `email_verified`, `active`, `approved`, `is_admin`, `user_admin`, `last_login`, `password_token`, `email_token`, `approval_token`, `new_email`, `password_token_expires`, `email_token_expires`, `approval_token_expires`, `last_name`, `first_name`, `academic_title`, `telephone`, `authority`, `created`, `modified`) VALUES
	(1, NULL, 8, NULL, 'b.safradin@gmail.com', '8a8b603b0be1321a5bfe79e04e191b7e8baf1b3b', 1, 1, 1, 1, 1, '2016-01-04 22:30:09', NULL, NULL, NULL, NULL, NULL, NULL, NULL, 'Safradin', 'Barbara', '', '0031652394270', NULL, '2014-07-24 12:49:03', '2016-01-04 22:30:09'),
	(2, NULL, 20, NULL, 'hendrik.schmeer@yahoo.de', 'fbf041b758ae335aeb1ff38b1092ee6e090cc4b5', 1, 1, 1, 1, 1, '2016-01-02 03:43:39', '831131c3d2l1fx4g', '187500tmjr7qlnqx', NULL, 'hschmeer@smail.uni-koeln.de', '2015-11-30 22:05:31', '2014-08-17 13:11:40', NULL, 'Schmeer', 'Hendrik', '', '004915774090678', NULL, NULL, '2016-01-02 03:43:39'),
	(3, NULL, NULL, NULL, 'fien.danniau@ugent.be', NULL, 1, 1, 1, 0, 0, NULL, NULL, NULL, NULL, NULL, NULL, NULL, NULL, 'Diannau', 'Fien', NULL, NULL, NULL, NULL, NULL),
	(15, NULL, 1, NULL, 'scagliola@eshcc.eur.nl', NULL, 1, 1, 1, 1, 0, NULL, '037029yt4yyrg2uw', NULL, NULL, NULL, '2014-08-15 19:23:49', NULL, NULL, 'Scagliola', 'Stef', 'Dr. ', '', '', '2014-08-14 19:23:49', '2014-08-14 19:23:49'),
	(16, NULL, 20, NULL, 'zoe.schubert@uni-koeln.de', NULL, 1, 1, 1, 1, 0, NULL, '037070djgfsduplu', NULL, NULL, NULL, '2014-08-15 19:24:30', NULL, NULL, 'Schubert', 'Zoe', '', '', '', '2014-08-14 19:24:30', '2014-08-14 19:24:30'),
	(18, NULL, 8, NULL, 'J.deKruif@uu.nl', NULL, 1, 1, 0, 0, 0, NULL, NULL, NULL, NULL, NULL, NULL, NULL, NULL, 'de Kruif', 'José', 'Dr.', '0031302537867', NULL, NULL, NULL),
	(20, NULL, 1, NULL, 'menchentrevino@eshcc.eur.nl', NULL, 1, 1, 1, 0, 0, NULL, '267123bf2ws99ee1', NULL, NULL, NULL, '2014-08-18 11:18:43', NULL, NULL, 'Menchen Trevino', 'Ericka', 'Dr.', '+31 408 8627', '* for the course Digital research methods', '2014-08-17 11:18:43', '2014-08-17 11:20:59'),
	(21, NULL, 8, NULL, 'A.S.Lehmann@uu.nl', NULL, 1, 1, 0, 0, 0, NULL, NULL, NULL, NULL, NULL, NULL, NULL, NULL, 'Lehmann', 'Ann-Sophie', 'Dr.', NULL, NULL, NULL, NULL),
	(23, NULL, 20, NULL, 'manfred.thaller@uni-koeln.de', '47e4f42701b485530ea29bd5cc1cad204a356d9b', 1, 1, 1, 1, 0, '2014-08-21 16:35:04', '', NULL, NULL, NULL, NULL, NULL, NULL, 'Thaller', 'Manfred', 'Professor', '00492214707736', 'Project Coordinator', '2014-08-20 12:09:05', '2014-08-21 16:35:04'),
	(25, NULL, 4, NULL, 'malvina.nissim@unibo.it', NULL, 1, 1, 1, 0, 0, NULL, '653803jnywaiq9ks', NULL, NULL, NULL, '2014-08-22 22:43:23', NULL, NULL, 'Nissim', 'Malvina', '', '', '', '2014-08-21 22:43:23', '2014-08-21 22:43:23');
/*!40000 ALTER TABLE `users` ENABLE KEYS */;


-- Exportiere Struktur von Tabelle dhregistry.user_roles
DROP TABLE IF EXISTS `user_roles`;
CREATE TABLE IF NOT EXISTS `user_roles` (
  `id` int(11) NOT NULL AUTO_INCREMENT,
  `name` varchar(255) NOT NULL,
  PRIMARY KEY (`id`)
) ENGINE=InnoDB DEFAULT CHARSET=utf8;

-- Exportiere Daten aus Tabelle dhregistry.user_roles: ~0 rows (ungefähr)
/*!40000 ALTER TABLE `user_roles` DISABLE KEYS */;
/*!40000 ALTER TABLE `user_roles` ENABLE KEYS */;
/*!40101 SET SQL_MODE=IFNULL(@OLD_SQL_MODE, '') */;
/*!40014 SET FOREIGN_KEY_CHECKS=IF(@OLD_FOREIGN_KEY_CHECKS IS NULL, 1, @OLD_FOREIGN_KEY_CHECKS) */;
/*!40101 SET CHARACTER_SET_CLIENT=@OLD_CHARACTER_SET_CLIENT */;
